{"type":"FeatureCollection","features":[{"type":"Feature","properties":{"name":"East Berlin side reconstruction","classification":"derived-administrative-reconstruction","source":"ALKIS Berlin Ortsteile WFS","sourceCheckedAt":"2026-08-30","ortsteilCount":45,"accuracy":"Not a parcel-exact 1989 legal boundary"},"geometry":{"type":"MultiPolygon","coordinates":[[[[13.45764186,52.48544653],[13.45755811,52.48538317],[13.45728084,52.48517334],[13.45718841,52.4851034],[13.45679829,52.48480818],[13.45651945,52.48459716],[13.45624219,52.48438733],[13.4560669,52.48425413],[13.45547426,52.48455836],[13.45513444,52.48473276],[13.45456421,52.48502543],[13.45430344,52.48515922],[13.45412098,52.48525286],[13.45393851,52.4853466],[13.453713,52.48546228],[13.453636,52.4855018],[13.45349882,52.48557196],[13.45347547,52.48558402],[13.45315602,52.48574913],[13.45302618,52.48581619],[13.45300408,52.48582762],[13.45300066,52.48582938],[13.45294228,52.48585961],[13.45288581,52.48588881],[13.45286395,52.48590012],[13.45285836,52.485903],[13.45272883,52.48596993],[13.45243205,52.48612342],[13.45213439,52.48627729],[13.45200087,52.48634623],[13.4519975,52.48634799],[13.45197485,52.48635968],[13.45192743,52.4863842],[13.45172077,52.48649109],[13.45162061,52.48654289],[13.45151794,52.48659585],[13.45124844,52.48673519],[13.45103323,52.48684415],[13.45044464,52.48714909],[13.45032698,52.4870861],[13.44941566,52.48762222],[13.44884371,52.48795881],[13.44872713,52.48802738],[13.44866034,52.48798262],[13.44853554,52.48804624],[13.44759228,52.48852995],[13.44742319,52.48861666],[13.44701254,52.48882725],[13.44676263,52.4889554],[13.44649833,52.48878467],[13.44523386,52.48796753],[13.4447363,52.48764621],[13.44444428,52.48745758],[13.44423184,52.48756617],[13.443113,52.48813868],[13.44288768,52.48825411],[13.44284444,52.48827624],[13.44273974,52.48832985],[13.44271319,52.48834345],[13.44268122,52.48835982],[13.44253994,52.48843215],[13.44250782,52.4884486],[13.44248192,52.48846186],[13.44241751,52.48849485],[13.4423759,52.48851615],[13.44234054,52.48853424],[13.44233405,52.48853755],[13.44212014,52.48864711],[13.44209452,52.48866023],[13.44208611,52.48866454],[13.44205038,52.48868284],[13.44197743,52.4887202],[13.44156244,52.48893273],[13.44123847,52.48909795],[13.44104241,52.48919892],[13.44082848,52.48930903],[13.44062812,52.48941125],[13.4406141,52.48941833],[13.44053797,52.48945685],[13.44048826,52.48948229],[13.4404102,52.48952252],[13.44023198,52.48961354],[13.44015379,52.48965422],[13.43997394,52.48974533],[13.43971737,52.4898764],[13.43965717,52.48990875],[13.43968788,52.49008069],[13.43969662,52.4901185],[13.43975019,52.49031562],[13.43976132,52.49035298],[13.43982404,52.4904872],[13.43989281,52.49060257],[13.4400372,52.49073287],[13.44022836,52.49086098],[13.44028603,52.49088672],[13.44033557,52.49091027],[13.44039341,52.49093876],[13.44045821,52.49097282],[13.44052282,52.49100857],[13.44057667,52.49104008],[13.4406291,52.49107236],[13.44068223,52.49110689],[13.44072865,52.49113835],[13.44077775,52.49117366],[13.44081629,52.4912026],[13.44086342,52.49123943],[13.44094226,52.49130072],[13.44187408,52.49202938],[13.44217212,52.4922625],[13.44248061,52.49250076],[13.44260872,52.49259937],[13.44355793,52.49333103],[13.44356011,52.49333271],[13.44356714,52.49333813],[13.4437181,52.49345467],[13.44373158,52.49346507],[13.44373299,52.49346614],[13.44455621,52.49410104],[13.44497623,52.49442279],[13.44509978,52.49449048],[13.44522362,52.49454721],[13.44535077,52.49459582],[13.44548135,52.49464286],[13.44576768,52.49470868],[13.44581913,52.49471677],[13.4461221,52.49473641],[13.44625268,52.49473333],[13.44633187,52.49472794],[13.44640911,52.4947163],[13.4465418,52.4946894],[13.44690476,52.4946458],[13.44698803,52.4946358],[13.44700917,52.49463375],[13.44709397,52.49463435],[13.44717862,52.49463648],[13.44726237,52.49464311],[13.4473436,52.49465167],[13.44742413,52.49466412],[13.44750723,52.49468025],[13.44758193,52.49469777],[13.44765912,52.49472127],[13.4477287,52.49474935],[13.4477917,52.49478295],[13.4478495,52.49482154],[13.44788266,52.49484638],[13.44873927,52.49548803],[13.44883304,52.49555866],[13.44986357,52.49633095],[13.44995956,52.49639992],[13.44998432,52.4964167],[13.45005445,52.49647392],[13.45024035,52.49659142],[13.4502816,52.49661612],[13.45029426,52.49662555],[13.45069845,52.49692729],[13.45064784,52.49694205],[13.45087667,52.49708662],[13.45090794,52.49710806],[13.45098438,52.49714142],[13.45106345,52.49717938],[13.45120204,52.49724347],[13.45122306,52.49725169],[13.45128393,52.49727289],[13.45142037,52.49732342],[13.45146096,52.49733713],[13.4514917,52.49734751],[13.45151169,52.49735375],[13.45153214,52.49735899],[13.45155259,52.49736414],[13.45168998,52.49739571],[13.45182784,52.49742476],[13.45196614,52.49745282],[13.45210443,52.4974808],[13.45224407,52.49750607],[13.45238431,52.49752992],[13.45252483,52.4975534],[13.45266639,52.49757472],[13.45268861,52.49757629],[13.45271144,52.49757722],[13.45273427,52.49757663],[13.45335236,52.497525],[13.45271019,52.49800659],[13.4526994,52.49801466],[13.45270869,52.49804918],[13.45275175,52.49807037],[13.4527608,52.49808898],[13.45271243,52.49822263],[13.45254612,52.498311],[13.45238997,52.49840647],[13.45235388,52.49841019],[13.45226472,52.49846291],[13.45224481,52.49847024],[13.45223809,52.49847205],[13.45223093,52.49847303],[13.45222359,52.49847313],[13.45221635,52.49847236],[13.4522095,52.49847074],[13.45220293,52.49846817],[13.45219738,52.49846481],[13.45219307,52.49846084],[13.45219022,52.49845639],[13.45218892,52.49845169],[13.45218925,52.49844693],[13.45219118,52.49844231],[13.45218752,52.4984406],[13.45211083,52.4984918],[13.45194816,52.49859796],[13.45193824,52.49860448],[13.45171922,52.4987485],[13.45167682,52.49877539],[13.4516517,52.49880025],[13.45164549,52.49884311],[13.45145964,52.49892209],[13.45139359,52.49891395],[13.45137563,52.49891172],[13.45132595,52.49892666],[13.45131843,52.49892797],[13.45131064,52.49892838],[13.45130288,52.49892788],[13.4512954,52.49892649],[13.45128849,52.49892425],[13.45128241,52.49892125],[13.45127738,52.4989176],[13.45111029,52.49891124],[13.45104157,52.49889954],[13.45084414,52.49885306],[13.45083515,52.49885772],[13.45080115,52.49883212],[13.45059305,52.49867548],[13.45057578,52.49868332],[13.45020642,52.49885121],[13.45022077,52.49886199],[13.45031417,52.49893208],[13.45033283,52.49905315],[13.45027228,52.49913278],[13.45017019,52.49918376],[13.45018076,52.49919155],[13.45018897,52.49919763],[13.45011709,52.49923463],[13.45001751,52.4992859],[13.44971432,52.49944198],[13.44963757,52.49948149],[13.44899073,52.49969757],[13.44898171,52.49969119],[13.44891014,52.49964063],[13.44872212,52.49973453],[13.44858559,52.49980272],[13.44839575,52.49984165],[13.44844445,52.49987535],[13.44798106,52.50002359],[13.44790216,52.50004882],[13.44782028,52.50007502],[13.44679182,52.50041126],[13.44651221,52.50051382],[13.44634589,52.500584],[13.44597321,52.50074126],[13.44584748,52.50080163],[13.44567433,52.50088476],[13.44523537,52.50109627],[13.44522717,52.50110003],[13.4451558,52.5011329],[13.44481493,52.50129377],[13.44480789,52.50129709],[13.44401944,52.50168041],[13.44357206,52.5018979],[13.44356429,52.50190167],[13.44356122,52.50189942],[13.44349983,52.50192898],[13.44350262,52.50193123],[13.44349932,52.50193282],[13.44328365,52.5020372],[13.4432782,52.50203611],[13.4432274,52.50206055],[13.44322066,52.5020638],[13.44322315,52.50206632],[13.44320264,52.50207706],[13.44319926,52.50207446],[13.44311412,52.50211549],[13.44311661,52.502118],[13.44310788,52.50212244],[13.44309861,52.50212714],[13.44309581,52.50212489],[13.44303458,52.50215454],[13.44303766,52.50215697],[13.44282221,52.50226064],[13.44282002,52.50226169],[13.44281679,52.50225961],[13.44275746,52.50228783],[13.44275864,52.50229071],[13.44269265,52.5023224],[13.44255187,52.50239],[13.44154918,52.50287151],[13.44150766,52.50289297],[13.44146617,52.50291443],[13.44139028,52.50294185],[13.4413144,52.50296927],[13.4411109,52.50304216],[13.44080213,52.50315274],[13.44069242,52.50319205],[13.44061167,52.50322141],[13.44035372,52.50331519],[13.44018033,52.50337944],[13.43979047,52.50352387],[13.43969207,52.50356032],[13.4391053,52.50378032],[13.43890379,52.50385587],[13.43883888,52.50387978],[13.43856136,52.50398203],[13.43850477,52.50400288],[13.43847368,52.50397595],[13.43791946,52.50422652],[13.43756112,52.50437161],[13.4371297,52.50455991],[13.43705189,52.50460949],[13.4369206,52.50469308],[13.4367348,52.50481141],[13.43611647,52.50520516],[13.43612255,52.50528254],[13.43592129,52.50539681],[13.43588589,52.50539402],[13.43547942,52.50564535],[13.43535667,52.50569655],[13.43440265,52.50610093],[13.43399634,52.50636672],[13.43397462,52.50638115],[13.43321219,52.50676586],[13.43311012,52.50681739],[13.43263746,52.50706154],[13.43206159,52.5073528],[13.43187758,52.50743889],[13.43116075,52.50775148],[13.43057243,52.50800647],[13.42987959,52.50833781],[13.42940228,52.50857225],[13.42902781,52.50803547],[13.42881644,52.50797986],[13.42878452,52.50793399],[13.42842966,52.5074241],[13.42826645,52.50719227],[13.42806261,52.50690041],[13.42795447,52.50674566],[13.42784633,52.50659082],[13.42779952,52.50652385],[13.42778486,52.50650288],[13.42773932,52.50643772],[13.42769019,52.50636741],[13.42767523,52.50634602],[13.42762845,52.50627907],[13.42761792,52.50626404],[13.42753772,52.50614915],[13.42744013,52.50600943],[13.42735628,52.5058895],[13.4272003,52.5056661],[13.4269797,52.505728],[13.42670885,52.50579863],[13.42582088,52.50542463],[13.42549721,52.50532155],[13.42531584,52.50527289],[13.42513689,52.50522728],[13.42495059,52.50517979],[13.42481346,52.50515169],[13.42467544,52.50512621],[13.42443445,52.50508561],[13.42435405,52.5050748],[13.42416594,52.50504951],[13.42405819,52.50503729],[13.4239503,52.50502616],[13.42384208,52.50501626],[13.42373349,52.50500763],[13.42362462,52.50500017],[13.42351558,52.50499408],[13.42340628,52.50498904],[13.42329684,52.50498525],[13.42318731,52.50498269],[13.42307773,52.50498137],[13.42296811,52.5049813],[13.42285852,52.50498246],[13.42274899,52.50498487],[13.42263954,52.50498851],[13.42253022,52.5049934],[13.42242107,52.50499951],[13.42231212,52.50500687],[13.42220343,52.50501545],[13.422095,52.50502526],[13.42181098,52.50504264],[13.42154221,52.50507643],[13.42138946,52.50511526],[13.42123392,52.5051504],[13.4211323,52.5051755],[13.42090285,52.50524332],[13.42053718,52.50534257],[13.42036281,52.50539077],[13.42032921,52.50540007],[13.42032203,52.50540205],[13.42000883,52.50549107],[13.41985123,52.50553484],[13.4196698,52.50558521],[13.4195346,52.50562276],[13.41943091,52.50564915],[13.41929807,52.50546618],[13.41920768,52.50534424],[13.4191352,52.50523992],[13.41912785,52.50522952],[13.4191199,52.50521927],[13.41911136,52.50520921],[13.41910225,52.50519934],[13.41908472,52.50518444],[13.41906656,52.50516981],[13.41904782,52.50515547],[13.41903415,52.50514523],[13.41901999,52.50513523],[13.41900537,52.50512549],[13.41899028,52.50511601],[13.41897449,52.5051066],[13.41895825,52.50509748],[13.41894157,52.50508865],[13.41892447,52.50508013],[13.41894283,52.50506012],[13.41884354,52.5050381],[13.41880818,52.50503024],[13.41873768,52.5050146],[13.41862081,52.50498935],[13.41854721,52.50497346],[13.41853237,52.50497025],[13.41851874,52.50498713],[13.41849131,52.50498825],[13.41846391,52.50498959],[13.41843654,52.50499112],[13.4184251,52.50499184],[13.41841365,52.50499262],[13.41840223,52.50499348],[13.41838382,52.5049956],[13.41836544,52.50499784],[13.41834712,52.50500022],[13.41833105,52.50500231],[13.41831503,52.50500453],[13.41829906,52.50500687],[13.41827035,52.50501015],[13.41824175,52.50501384],[13.41821331,52.50501795],[13.41809607,52.50485256],[13.41800517,52.50472714],[13.41789541,52.50457574],[13.41780881,52.50445625],[13.41773698,52.50435713],[13.41760145,52.50417016],[13.41730951,52.50425281],[13.41708432,52.50431512],[13.41679364,52.50439555],[13.41669264,52.5044235],[13.41666908,52.50443001],[13.41650645,52.50447495],[13.41645002,52.50449054],[13.41642074,52.50449862],[13.41641408,52.50450047],[13.41636215,52.50451482],[13.41632242,52.50452581],[13.41631935,52.50452666],[13.41626579,52.50454146],[13.41626332,52.50454215],[13.41621028,52.50455681],[13.4162061,52.50455797],[13.41585155,52.50465596],[13.41579616,52.50467128],[13.41554931,52.50473951],[13.4154936,52.50475492],[13.41513557,52.50485388],[13.41504243,52.50487959],[13.41493924,52.50490809],[13.41490921,52.50491637],[13.41474157,52.5048519],[13.41463209,52.5048098],[13.41459228,52.50479449],[13.41461036,52.50468111],[13.41452396,52.50457824],[13.41447877,52.50452417],[13.41445588,52.50449677],[13.41441096,52.50444302],[13.41432434,52.50434016],[13.41419906,52.50418728],[13.41407283,52.50403797],[13.41377119,52.50413843],[13.41353444,52.50421736],[13.41335965,52.5042756],[13.41329947,52.50429566],[13.41329035,52.5042987],[13.41326212,52.50430811],[13.4131089,52.5043592],[13.41301899,52.50438917],[13.41297809,52.5044028],[13.41291743,52.50442303],[13.41291052,52.50442532],[13.41287718,52.50443643],[13.41272582,52.50448685],[13.41262383,52.50452085],[13.41259229,52.50453136],[13.41249203,52.50456478],[13.4118101,52.50479208],[13.41171645,52.50482421],[13.41158193,52.50487037],[13.41152095,52.5048913],[13.41140721,52.50504073],[13.41139615,52.50505525],[13.4109838,52.50559684],[13.41091494,52.50568718],[13.41089351,52.50571529],[13.41076161,52.50588832],[13.41034301,52.50643745],[13.41018703,52.50664203],[13.41016539,52.50667041],[13.41015596,52.50668279],[13.40997081,52.50692573],[13.409455,52.50672744],[13.40923406,52.50664256],[13.40898681,52.50654756],[13.40816217,52.5062307],[13.40813151,52.50621889],[13.40812219,52.50621531],[13.40809563,52.50620508],[13.40805028,52.50618805],[13.40802944,52.50618022],[13.40798316,52.50621073],[13.40788175,52.50627759],[13.40787792,52.50628012],[13.40783956,52.50630542],[13.40784433,52.50632312],[13.40739478,52.50666414],[13.40736127,52.50664772],[13.40721469,52.50676057],[13.40715053,52.50680996],[13.4070826,52.50686226],[13.40660136,52.50723277],[13.40641018,52.50738204],[13.40612401,52.5075927],[13.40590345,52.50775593],[13.40578326,52.50784368],[13.40546944,52.50807351],[13.40537261,52.50814585],[13.40533654,52.50817238],[13.4052969,52.5082017],[13.4052848,52.50821066],[13.40521371,52.50817923],[13.4051587,52.50815491],[13.40463217,52.50792214],[13.40458022,52.50788627],[13.40443424,52.50777475],[13.40429904,52.50786184],[13.40403417,52.50799209],[13.40391428,52.5080511],[13.40386339,52.50807373],[13.40382017,52.50809297],[13.40363234,52.50817656],[13.4034914,52.50823425],[13.40320786,52.50835046],[13.40303336,52.50842282],[13.40300743,52.50843359],[13.40275342,52.50853571],[13.40245627,52.50862249],[13.40217819,52.50870536],[13.40209659,52.50872967],[13.40155448,52.50893072],[13.40140985,52.50898436],[13.40125807,52.50904065],[13.40090919,52.50914059],[13.40067075,52.50922254],[13.40022883,52.50938111],[13.40018967,52.50937592],[13.39999632,52.50911099],[13.39977328,52.50880771],[13.39969449,52.50870061],[13.39960179,52.50857466],[13.39960158,52.50857436],[13.39947044,52.50839613],[13.39945671,52.50837744],[13.39935032,52.50823284],[13.39934458,52.50822532],[13.39932616,52.50820119],[13.39923152,52.50807714],[13.39920471,52.50807812],[13.3987952,52.50809301],[13.39877197,52.50811355],[13.39854986,52.50809897],[13.39736273,52.5080224],[13.39705265,52.50800107],[13.39704573,52.50800064],[13.39449622,52.50784472],[13.39438284,52.50783711],[13.39405806,52.50781789],[13.39374268,52.50779866],[13.39370211,52.50779618],[13.39340405,52.50777804],[13.3932547,52.50776891],[13.39280728,52.50774163],[13.39245118,52.50771991],[13.39212448,52.50769787],[13.39179115,52.50767852],[13.39173181,52.50767499],[13.39088728,52.50762595],[13.3904956,52.50760323],[13.3904946,52.50760315],[13.39040366,52.50759796],[13.3903014,52.50759216],[13.39020648,52.50758676],[13.38997368,52.50757275],[13.38995339,52.50757153],[13.38981866,52.50756343],[13.38936386,52.50753717],[13.38896753,52.50751427],[13.38895898,52.50751378],[13.38890949,52.50751097],[13.38848855,52.50748707],[13.38831017,52.50747695],[13.38813646,52.50746707],[13.3880219,52.50746058],[13.38798127,52.50745826],[13.38792068,52.50745483],[13.38709619,52.50740643],[13.38696324,52.5073987],[13.38581485,52.50733211],[13.38576213,52.50732904],[13.38541967,52.50730992],[13.38427823,52.50723821],[13.38250783,52.507127],[13.38249031,52.50712589],[13.38238534,52.50711929],[13.37944194,52.5069471],[13.37918957,52.50693876],[13.37904789,52.50693411],[13.37894144,52.5069306],[13.37893813,52.50693048],[13.37881021,52.50703071],[13.37861401,52.50718921],[13.37860963,52.50719276],[13.37857324,52.50722215],[13.37843911,52.50733051],[13.37839718,52.50736439],[13.37839224,52.50736837],[13.37806783,52.50763043],[13.37784924,52.50780747],[13.37764912,52.50796754],[13.37762641,52.50798615],[13.37732303,52.50823458],[13.37724828,52.50829579],[13.37675182,52.5086993],[13.37637677,52.50900514],[13.37639169,52.51021341],[13.37639311,52.51021989],[13.37641094,52.51030171],[13.37643933,52.51043139],[13.37644549,52.51045952],[13.37645187,52.51048863],[13.37645453,52.51050082],[13.37647343,52.51058709],[13.37647611,52.51059937],[13.37649233,52.51067346],[13.37652751,52.51083449],[13.37656948,52.51102715],[13.37657393,52.51104754],[13.37664655,52.51137995],[13.37665255,52.51140739],[13.37665431,52.5114155],[13.37666034,52.51144312],[13.37666212,52.51145122],[13.37666844,52.51148016],[13.37667093,52.51148974],[13.37667367,52.51150224],[13.37667615,52.51151363],[13.3766948,52.51159887],[13.37669889,52.51161758],[13.37671751,52.51170274],[13.37672001,52.51171414],[13.37672276,52.51172673],[13.37672412,52.51173296],[13.37673444,52.51178017],[13.376736,52.5117873],[13.37673794,52.51179621],[13.37679249,52.51204559],[13.37679972,52.51207862],[13.37682512,52.5121947],[13.37680583,52.51221982],[13.3767779,52.51223549],[13.37676919,52.51223996],[13.37676137,52.51224309],[13.37680816,52.51245716],[13.37680335,52.51247069],[13.37677644,52.51254615],[13.37669651,52.51276912],[13.37699828,52.51404683],[13.37709335,52.51444932],[13.37736975,52.51561945],[13.37737418,52.51563824],[13.37736946,52.51564919],[13.37736428,52.51566006],[13.37735863,52.51567084],[13.37735251,52.51568153],[13.37734593,52.51569211],[13.37733892,52.5157026],[13.37732991,52.51571189],[13.37732043,52.515721],[13.3773105,52.51572994],[13.37730012,52.51573867],[13.37728928,52.51574721],[13.37727803,52.51575553],[13.37726634,52.51576364],[13.37725426,52.51577152],[13.37724782,52.51577507],[13.37724109,52.51577841],[13.37723406,52.51578152],[13.37722678,52.51578438],[13.37721926,52.515787],[13.37715537,52.51580493],[13.37713632,52.51580888],[13.37711743,52.51581316],[13.37709876,52.51581778],[13.37708033,52.51582272],[13.37706213,52.51582798],[13.37704418,52.51583355],[13.3770265,52.51583944],[13.37700911,52.51584563],[13.37699201,52.51585213],[13.37697523,52.51585892],[13.37695877,52.515866],[13.37694265,52.51587337],[13.3769269,52.51588102],[13.3769115,52.51588894],[13.37689647,52.51589712],[13.3768813,52.51590624],[13.37686647,52.51591557],[13.37685201,52.5159251],[13.37683791,52.51593485],[13.37682421,52.51594479],[13.3768109,52.51595492],[13.37679797,52.51596525],[13.37678544,52.51597576],[13.37677333,52.51598645],[13.37676164,52.5159973],[13.37675037,52.51600833],[13.37673953,52.51601951],[13.37672912,52.51603084],[13.37671957,52.51604186],[13.37671044,52.516053],[13.37670171,52.51606427],[13.37669342,52.51607565],[13.37668554,52.51608714],[13.37667808,52.51609875],[13.37667106,52.51611044],[13.37662945,52.51630617],[13.37663311,52.51632082],[13.37663721,52.51633542],[13.37664179,52.51634998],[13.37664683,52.51636447],[13.37665231,52.51637891],[13.37665303,52.51638044],[13.37665376,52.51638197],[13.37666385,52.5164007],[13.37667437,52.51641934],[13.37668528,52.51643789],[13.37669662,52.51645632],[13.37670834,52.51647465],[13.37672059,52.51648803],[13.37673326,52.51650128],[13.37674633,52.51651438],[13.37675981,52.51652732],[13.37677366,52.51654012],[13.37695022,52.51665525],[13.37696735,52.51666355],[13.37698479,52.51667162],[13.37700249,52.51667945],[13.37702047,52.51668705],[13.37703873,52.5166944],[13.37705726,52.5167015],[13.37707602,52.51670835],[13.37711044,52.5167167],[13.37711548,52.51671821],[13.37712031,52.51671997],[13.37712486,52.51672197],[13.37712913,52.5167242],[13.37713308,52.51672664],[13.37713666,52.51672929],[13.37713986,52.5167321],[13.37714265,52.51673507],[13.37714503,52.51673818],[13.37714698,52.5167414],[13.37715322,52.5167488],[13.37715897,52.51675634],[13.37716421,52.51676403],[13.37716893,52.51677184],[13.37717314,52.51677974],[13.37717681,52.51678776],[13.37717996,52.51679586],[13.37718256,52.51680402],[13.37718476,52.51681037],[13.37718653,52.51681678],[13.37718782,52.51682322],[13.37718866,52.5168297],[13.37718904,52.51683617],[13.37718896,52.51684266],[13.37718841,52.51684914],[13.37718742,52.51685561],[13.37718728,52.51686801],[13.37718661,52.5168804],[13.37718542,52.51689278],[13.3771837,52.51690513],[13.37718147,52.51691746],[13.37717871,52.51692974],[13.37717543,52.51694197],[13.37717163,52.51695416],[13.37716732,52.51696627],[13.3771625,52.51697833],[13.37715718,52.51699029],[13.37715134,52.51700216],[13.37714501,52.51701394],[13.37713818,52.51702563],[13.37713086,52.5170372],[13.3771387,52.51704152],[13.37714615,52.5170461],[13.3771532,52.51705092],[13.37715979,52.51705596],[13.37716593,52.51706121],[13.3771716,52.51706666],[13.37717677,52.51707229],[13.37718144,52.51707808],[13.37718558,52.51708401],[13.37718919,52.51709008],[13.3771921,52.51709595],[13.37719453,52.5171019],[13.37719645,52.51710791],[13.37719784,52.51711398],[13.37719874,52.51712009],[13.37719912,52.51712622],[13.37719896,52.51713234],[13.37719831,52.51713847],[13.37719713,52.51714455],[13.37719543,52.5171506],[13.37719324,52.51715658],[13.37696268,52.51762618],[13.37688146,52.51779145],[13.3768437,52.5179809],[13.37684909,52.51846135],[13.37684916,52.51846854],[13.37685192,52.51871512],[13.37685201,52.51872232],[13.37685739,52.51920292],[13.37686023,52.51946542],[13.37686205,52.5196297],[13.37682705,52.51964891],[13.37679261,52.51966849],[13.37675874,52.51968843],[13.37675408,52.51969118],[13.37674944,52.51969394],[13.3767448,52.5196967],[13.37669861,52.51972501],[13.37665354,52.51975399],[13.37660963,52.51978363],[13.37656691,52.5198139],[13.37652538,52.51984478],[13.37648509,52.51987626],[13.37644604,52.51990833],[13.37640826,52.51994096],[13.37637178,52.51997413],[13.37633662,52.52000782],[13.37631046,52.52003501],[13.37628567,52.52006269],[13.37626232,52.52009082],[13.37624041,52.52011937],[13.37621995,52.52014833],[13.37620097,52.52017765],[13.37618349,52.52020732],[13.37616752,52.52023731],[13.3761531,52.52026758],[13.37614021,52.52029812],[13.3761313,52.52032191],[13.3761233,52.52034581],[13.37611622,52.52036983],[13.37611006,52.52039394],[13.37606064,52.5206137],[13.37605791,52.52062577],[13.37597707,52.52098192],[13.37597538,52.52099182],[13.3759609,52.52107615],[13.37595833,52.52109089],[13.37595353,52.52111185],[13.37594792,52.52113274],[13.37594148,52.52115355],[13.37593839,52.52116265],[13.37593515,52.52117173],[13.37593174,52.52118078],[13.37592865,52.52119258],[13.37592475,52.5212043],[13.37592005,52.5212159],[13.37590833,52.52123788],[13.37589543,52.52125961],[13.37588133,52.52128107],[13.37586607,52.52130223],[13.37585031,52.52132229],[13.3758339,52.52134214],[13.37581682,52.5213618],[13.37581363,52.52136536],[13.37581041,52.52136892],[13.37580719,52.52137247],[13.37561357,52.52158379],[13.37553944,52.52166558],[13.37547688,52.52173447],[13.37547216,52.52173927],[13.3754674,52.52174404],[13.37546258,52.5217488],[13.37544183,52.52176868],[13.37542028,52.52178822],[13.37539794,52.52180745],[13.37538793,52.5218151],[13.37537771,52.52182266],[13.37536731,52.52183012],[13.37534616,52.52184458],[13.37532428,52.52185864],[13.37530171,52.52187226],[13.37527845,52.52188547],[13.37527698,52.52188456],[13.37517957,52.52194143],[13.37497046,52.52205502],[13.37496602,52.52205746],[13.37496158,52.5220599],[13.37495715,52.52206234],[13.37487904,52.52210459],[13.37479997,52.52214616],[13.37471994,52.52218704],[13.37463898,52.52222722],[13.3745571,52.52226671],[13.3744743,52.52230549],[13.37441945,52.52233033],[13.37436419,52.52235482],[13.37430852,52.52237898],[13.37425245,52.52240279],[13.37421607,52.5224177],[13.37417938,52.52243235],[13.37414243,52.52244673],[13.37410516,52.52246082],[13.37406764,52.52247465],[13.37402985,52.52248821],[13.37399177,52.52250146],[13.37395344,52.52251444],[13.37391488,52.52252714],[13.37387602,52.52253955],[13.37383695,52.52255167],[13.37379765,52.52256351],[13.37375808,52.52257504],[13.37371831,52.52258629],[13.37367833,52.52259725],[13.37361098,52.52261487],[13.37354305,52.52263167],[13.37347459,52.52264761],[13.3734056,52.5226627],[13.37333614,52.52267694],[13.3732662,52.52269032],[13.37319928,52.52270236],[13.373132,52.52271362],[13.37306437,52.52272407],[13.37299643,52.52273373],[13.37292818,52.52274259],[13.37285967,52.52275065],[13.37279969,52.52275712],[13.37273954,52.522763],[13.37267924,52.52276824],[13.37262218,52.52277288],[13.372565,52.52277691],[13.37250771,52.52278033],[13.37245034,52.52278311],[13.37239311,52.52278527],[13.37234699,52.52278658],[13.37230083,52.52278749],[13.37225466,52.52278799],[13.37188385,52.52278657],[13.37183597,52.52278583],[13.3717881,52.52278468],[13.37174028,52.52278311],[13.3716925,52.52278112],[13.37169253,52.5227865],[13.37169649,52.52338809],[13.37173639,52.52354669],[13.37173653,52.5235475],[13.37176746,52.52357309],[13.37176891,52.52360625],[13.37172057,52.52360632],[13.37172062,52.52364946],[13.37172064,52.52378133],[13.37172071,52.52414368],[13.37172075,52.52430095],[13.37172078,52.52440851],[13.37172082,52.52478455],[13.37166587,52.5248193],[13.37164812,52.52483051],[13.37137257,52.5250046],[13.3713382,52.52502556],[13.37131804,52.52503775],[13.37099257,52.52523563],[13.37099747,52.52577933],[13.37100395,52.52649845],[13.37104251,52.52652183],[13.37105109,52.52652703],[13.37336715,52.52652635],[13.37343629,52.52657161],[13.37350496,52.52662038],[13.37356582,52.52667065],[13.37362284,52.52672361],[13.37367482,52.52677953],[13.37371826,52.52683713],[13.37376048,52.5268977],[13.37379665,52.52696321],[13.3738188,52.52703101],[13.37383447,52.52710132],[13.37384091,52.52715912],[13.37384351,52.52722014],[13.37384164,52.52728772],[13.3738348,52.52735133],[13.37382144,52.52741788],[13.37380621,52.52747897],[13.37378817,52.5275421],[13.37376535,52.52761627],[13.37380038,52.52762049],[13.37379169,52.52764707],[13.37379096,52.52765089],[13.3737911,52.52765472],[13.37379209,52.52765852],[13.37379393,52.5276622],[13.37379659,52.52766568],[13.37380057,52.52766936],[13.37380546,52.52767261],[13.37381114,52.52767535],[13.37381744,52.5276775],[13.37383715,52.52768347],[13.37382425,52.52769917],[13.37374873,52.5278026],[13.37366816,52.52791307],[13.37366523,52.52791649],[13.37366282,52.52791936],[13.37365429,52.52791574],[13.37364511,52.5279248],[13.37362289,52.5279181],[13.37361958,52.52791705],[13.37361606,52.52791631],[13.37361239,52.52791591],[13.37360867,52.52791586],[13.37360498,52.52791616],[13.37360138,52.5279168],[13.37359672,52.52791884],[13.37359242,52.52792117],[13.37358851,52.52792374],[13.37358503,52.52792652],[13.37358202,52.52792951],[13.3735728,52.52794145],[13.3735645,52.52795204],[13.37354759,52.52794607],[13.37340395,52.52809449],[13.37336587,52.52813296],[13.37332571,52.5281708],[13.37328527,52.52820837],[13.37324366,52.52824539],[13.3732019,52.52828241],[13.37311586,52.52835547],[13.37302821,52.52842789],[13.37287336,52.52855346],[13.37237494,52.52895149],[13.37234488,52.52897631],[13.37223248,52.52907277],[13.37225131,52.52908026],[13.37222347,52.52910329],[13.37219533,52.52912822],[13.37215414,52.52916605],[13.3721094,52.52920946],[13.37167027,52.52964561],[13.37135695,52.5299591],[13.37127971,52.53003883],[13.37123791,52.53008106],[13.37120738,52.53011299],[13.37119888,52.53012197],[13.37117224,52.53014994],[13.37111574,52.53021002],[13.37111174,52.53021424],[13.37106814,52.53026133],[13.37101491,52.5303198],[13.37097308,52.5303669],[13.37093689,52.53040824],[13.37089919,52.53045489],[13.37087932,52.53044874],[13.37083242,52.53050902],[13.37076053,52.53060656],[13.37068672,52.5307056],[13.37058956,52.53084244],[13.37051466,52.53094912],[13.37051118,52.53095409],[13.37050566,52.53096205],[13.37048491,52.53099183],[13.37047915,52.53100009],[13.37040901,52.5311005],[13.37033948,52.53119776],[13.37027307,52.53128892],[13.37019341,52.53139731],[13.37018143,52.53141364],[13.37013956,52.5314698],[13.37006129,52.53157351],[13.36997342,52.53168261],[13.36996387,52.53169442],[13.36994041,52.53172346],[13.36993392,52.5317315],[13.36983761,52.53184793],[13.36961477,52.53210607],[13.36952918,52.53220348],[13.36928681,52.53247435],[13.36924231,52.53252261],[13.36918034,52.53258708],[13.36913154,52.53264251],[13.36905591,52.53272179],[13.36898446,52.53279514],[13.36893153,52.53284831],[13.3688512,52.5329265],[13.36850425,52.53326463],[13.36828831,52.53329714],[13.36824369,52.53334053],[13.36824102,52.53334315],[13.36820457,52.53337864],[13.36761315,52.53395431],[13.36757903,52.53398752],[13.36660749,52.53493317],[13.36655358,52.53498564],[13.36621724,52.53531299],[13.36586033,52.53566048],[13.36589304,52.53567232],[13.36639347,52.53585351],[13.36646264,52.53587855],[13.36656032,52.53591391],[13.36662505,52.5359829],[13.36664817,52.53600753],[13.36670194,52.53606484],[13.36683744,52.53612867],[13.36691813,52.53616668],[13.36699896,52.53620468],[13.36707964,52.5362427],[13.36716032,52.5362808],[13.36724101,52.53631881],[13.3673217,52.53635682],[13.36740253,52.53639483],[13.36748322,52.53643283],[13.36756346,52.53647085],[13.36766104,52.53651662],[13.36773828,52.536553],[13.3678207,52.5365918],[13.36788326,52.53662127],[13.36860667,52.53599031],[13.36870598,52.53603675],[13.36873522,52.53605043],[13.36944217,52.5363811],[13.36948349,52.53640043],[13.37095578,52.53708925],[13.37100203,52.53711089],[13.3724641,52.53779489],[13.37248176,52.53780316],[13.37298219,52.53803727],[13.3730027,52.53802336],[13.37320528,52.53788593],[13.37369967,52.53755469],[13.37374328,52.53752787],[13.37375054,52.53752341],[13.37394727,52.53740236],[13.37395764,52.53739597],[13.37401567,52.53736018],[13.37410728,52.5373037],[13.37416984,52.53726514],[13.37417533,52.53726175],[13.37417699,52.53726073],[13.37417848,52.53725978],[13.37421705,52.53723603],[13.3742197,52.5372344],[13.37425765,52.53721099],[13.37454615,52.53703316],[13.37492585,52.5373259],[13.37520544,52.53749185],[13.37548606,52.53765842],[13.37549222,52.53766208],[13.37552888,52.53768385],[13.3755667,52.53770629],[13.37559169,52.53772113],[13.3756725,52.53776909],[13.37569762,52.537784],[13.37574969,52.53781492],[13.37577463,52.53782972],[13.37582442,52.53785928],[13.37586738,52.53788478],[13.37590528,52.53790728],[13.37592989,52.5379219],[13.37602401,52.53797776],[13.37607743,52.53800946],[13.37610585,52.53802634],[13.37615494,52.53805549],[13.376167,52.53806264],[13.3761275,52.53808713],[13.37632163,52.53820263],[13.37635831,52.53822444],[13.37654265,52.53833412],[13.37704068,52.53863045],[13.37709869,52.53866496],[13.37739886,52.53884356],[13.37760983,52.53896908],[13.37812672,52.53927733],[13.37815847,52.53929627],[13.37946013,52.54007248],[13.37951346,52.54010422],[13.3795154,52.54009919],[13.37954744,52.54010174],[13.37966725,52.54011124],[13.37967187,52.54011161],[13.37971075,52.5401147],[13.37978128,52.54004745],[13.37983591,52.53997728],[13.37987079,52.5399327],[13.37995193,52.53982885],[13.3800102,52.53975425],[13.38209539,52.53774433],[13.38210116,52.53773938],[13.38236923,52.53750912],[13.38251738,52.53738187],[13.38261192,52.53730066],[13.38335821,52.53665964],[13.38343864,52.53659054],[13.38344961,52.53658179],[13.38347571,52.53656099],[13.38351168,52.5365323],[13.38393824,52.53619212],[13.38431967,52.53588525],[13.38434371,52.53586591],[13.38463649,52.53563036],[13.38489775,52.53542016],[13.38619255,52.53428916],[13.38630688,52.5342037],[13.38632084,52.53419325],[13.3863637,52.53416123],[13.38637768,52.53415078],[13.38683512,52.53380885],[13.38686026,52.53379006],[13.38724072,52.53350567],[13.38725941,52.5334917],[13.38755848,52.53326809],[13.38760158,52.53323588],[13.3876237,52.53321933],[13.38767165,52.53318348],[13.38771373,52.53315206],[13.38772381,52.53314454],[13.38773083,52.5331393],[13.38795632,52.53323706],[13.38811985,52.5334606],[13.38818778,52.53355345],[13.38823454,52.53361736],[13.38833485,52.53376082],[13.38941447,52.53471047],[13.38944434,52.53473675],[13.38946788,52.53475745],[13.38955134,52.53483087],[13.38963206,52.53490186],[13.3897584,52.53501284],[13.38981218,52.53506018],[13.3900067,52.53523133],[13.39005915,52.5352775],[13.39008698,52.53530197],[13.39014939,52.5353569],[13.3903776,52.53546099],[13.3904237,52.53548201],[13.3905328,52.53555131],[13.39059646,52.53559176],[13.39064548,52.53562291],[13.39086036,52.53575948],[13.39106862,52.53589209],[13.39127527,52.53602514],[13.39131756,52.53605209],[13.39148397,52.53615775],[13.39176798,52.53634027],[13.39190182,52.53642628],[13.39192722,52.53644233],[13.39195779,52.5364618],[13.39204987,52.53652022],[13.39208351,52.53654185],[13.3921496,52.53658422],[13.39221305,52.53662487],[13.39233585,52.53670222],[13.39245817,52.53677935],[13.39258042,52.53685615],[13.39270324,52.53693355],[13.39275491,52.5369661],[13.39290242,52.53705906],[13.39299143,52.53711516],[13.39307435,52.53716741],[13.39322577,52.53726283],[13.39326825,52.53728571],[13.39352117,52.53742197],[13.39376695,52.53749205],[13.39388937,52.5375271],[13.39401653,52.53756359],[13.39420904,52.53761868],[13.39440193,52.53767387],[13.39452201,52.53770826],[13.39460693,52.53773251],[13.3948,52.5377878],[13.39499382,52.53784245],[13.39518645,52.53789677],[13.39554175,52.53799708],[13.39568769,52.53803828],[13.39586276,52.5380877],[13.39633626,52.53818539],[13.39662368,52.53826548],[13.39680586,52.53831759],[13.39690358,52.53834565],[13.39710519,52.53840238],[13.39727326,52.53844989],[13.39744176,52.53849659],[13.39761012,52.53854418],[13.39778687,52.53859413],[13.39796317,52.53864362],[13.39810976,52.53868488],[13.39852491,52.5388017],[13.39871373,52.53885491],[13.39876989,52.53887073],[13.39883183,52.53888817],[13.39897849,52.53892946],[13.39925903,52.53900835],[13.39938732,52.53904429],[13.39944933,52.53906165],[13.39951168,52.53907913],[13.39976334,52.5391497],[13.39991139,52.53919132],[13.40016189,52.53926173],[13.40056331,52.53937391],[13.40061369,52.53938821],[13.40096554,52.53948888],[13.40116814,52.53954644],[13.40135433,52.53959858],[13.40152255,52.53964571],[13.40180006,52.53972414],[13.40198434,52.53977613],[13.40207798,52.53980255],[13.40215343,52.53982385],[13.40250605,52.53992372],[13.40285853,52.54002387],[13.40302158,52.54007013],[13.40311137,52.54009561],[13.40320189,52.54012123],[13.40345754,52.54019359],[13.4035028,52.54020639],[13.40352788,52.54021348],[13.40348757,52.54029219],[13.40346649,52.5403334],[13.40343908,52.54038701],[13.40341811,52.54042801],[13.40337827,52.5405059],[13.40293335,52.54037998],[13.4027679,52.54033315],[13.40272452,52.54032088],[13.40203094,52.54012458],[13.40183071,52.54045069],[13.40183008,52.5404517],[13.40181572,52.54047518],[13.4017812,52.54053156],[13.40174994,52.54058262],[13.40172765,52.54061904],[13.40170923,52.54064912],[13.40146206,52.54105291],[13.40099359,52.54181412],[13.4009058,52.54196033],[13.40051312,52.54281025],[13.40042355,52.54300238],[13.40032822,52.54320272],[13.40029734,52.54326762],[13.40027253,52.54331973],[13.40025228,52.54336229],[13.40024556,52.54337642],[13.40020872,52.54352337],[13.40016823,52.54368484],[13.40012861,52.5438429],[13.40005893,52.54413417],[13.39998797,52.544404],[13.39992491,52.54464523],[13.39989484,52.54475918],[13.39984142,52.5449616],[13.39981571,52.5450595],[13.39966861,52.54545526],[13.39964813,52.54551021],[13.39948819,52.54588177],[13.39930827,52.54629965],[13.3992744,52.54637813],[13.39920654,52.54653041],[13.39921332,52.54653063],[13.39931973,52.54653413],[13.39935863,52.54653771],[13.39935351,52.54655837],[13.39937202,52.54656007],[13.39937428,52.54656028],[13.4003037,52.54664556],[13.4003022,52.54665194],[13.40029653,52.5466646],[13.40026449,52.54673706],[13.39994572,52.54745774],[13.39989949,52.54756226],[13.39986473,52.54764082],[13.39963505,52.54816002],[13.39963442,52.54816149],[13.39963343,52.54816367],[13.3996181,52.54819836],[13.39954744,52.54835809],[13.39953702,52.54838164],[13.39937985,52.54873693],[13.3993717,52.54875534],[13.39936285,52.54877532],[13.39932092,52.54886999],[13.39928748,52.54894556],[13.39923669,52.54906033],[13.39923352,52.54906762],[13.39922711,52.54909925],[13.39920429,52.54921182],[13.39919613,52.54925213],[13.3991888,52.54928832],[13.39918096,52.54932698],[13.39917348,52.54936385],[13.39916625,52.54939954],[13.39915933,52.54943367],[13.39915074,52.54947608],[13.39913821,52.54953788],[13.39901969,52.55020796],[13.39894059,52.55065523],[13.39890071,52.55088036],[13.39889978,52.55088566],[13.39876178,52.55087344],[13.39862239,52.5508611],[13.39841401,52.55084265],[13.39809637,52.55081454],[13.39775275,52.55078412],[13.39728569,52.55074277],[13.39720907,52.55073598],[13.39684609,52.55070385],[13.39687841,52.55072957],[13.39701965,52.55084194],[13.39708253,52.55089197],[13.39718553,52.55097392],[13.39722428,52.55100554],[13.39728709,52.55106039],[13.39735504,52.55112037],[13.39744963,52.55121599],[13.39753672,52.55130934],[13.39762975,52.55141799],[13.3977248,52.55159871],[13.39777612,52.55170611],[13.39777722,52.55170841],[13.39780366,52.55176367],[13.39780573,52.551768],[13.39789605,52.55197837],[13.39798071,52.55219646],[13.39802488,52.55237842],[13.39806353,52.55260011],[13.39806635,52.55275241],[13.39806683,52.55277889],[13.39806733,52.552806],[13.39798169,52.55322801],[13.39783059,52.55376224],[13.39771835,52.55411168],[13.39764469,52.55441205],[13.39760629,52.55456885],[13.39759551,52.55461286],[13.39758109,52.55467176],[13.39756911,52.55472066],[13.39756776,52.55472614],[13.39756508,52.55473711],[13.39756255,52.55474743],[13.39756128,52.55475258],[13.39755535,52.55477681],[13.39754733,52.55480318],[13.39752953,52.55486167],[13.397497,52.55496857],[13.39742051,52.5552195],[13.39730848,52.55566483],[13.39717696,52.55634377],[13.39717551,52.55679193],[13.39715718,52.55722288],[13.39715636,52.5572422],[13.39715223,52.55738167],[13.39713719,52.55788928],[13.39716669,52.55788781],[13.39709762,52.5582679],[13.39704233,52.55837535],[13.39703338,52.55839277],[13.39703036,52.55839861],[13.39701145,52.55843538],[13.39695654,52.558809],[13.39678367,52.55943134],[13.39668673,52.55983748],[13.39666647,52.55992472],[13.39664226,52.56002332],[13.39663624,52.56004641],[13.3965364,52.56043281],[13.39639873,52.5608632],[13.39631924,52.56107744],[13.39621628,52.56128984],[13.39610161,52.56148468],[13.39590516,52.56182164],[13.39522623,52.56258181],[13.39520676,52.56261097],[13.39502853,52.56280613],[13.39490119,52.56295189],[13.39488269,52.5629721],[13.39476502,52.56309669],[13.39462815,52.56324534],[13.39452235,52.56335409],[13.39450817,52.5633683],[13.39449095,52.56338558],[13.39448512,52.56339131],[13.39438767,52.56348709],[13.39435659,52.56351764],[13.39420214,52.56366473],[13.3941344,52.56372548],[13.39404244,52.56380794],[13.39388194,52.56394935],[13.39372634,52.56408708],[13.3936622,52.56413441],[13.39364334,52.56414832],[13.39352995,52.56423202],[13.39338023,52.56434255],[13.39333375,52.56437358],[13.39339026,52.56440455],[13.39336509,52.56442478],[13.39333423,52.56444958],[13.39318954,52.56455731],[13.39311733,52.56460347],[13.39286131,52.56476195],[13.39159064,52.56548013],[13.39134215,52.56562056],[13.39106689,52.5656493],[13.39103156,52.5656243],[13.3907101,52.56579619],[13.39071859,52.56580286],[13.39074157,52.56582092],[13.39062879,52.56602152],[13.39039133,52.56615754],[13.38917718,52.56685297],[13.38891841,52.56700118],[13.38895483,52.56706768],[13.38893329,52.56707929],[13.38882899,52.5671354],[13.38879311,52.56715471],[13.38901901,52.56730115],[13.38905345,52.5673255],[13.3890601,52.56737955],[13.38902007,52.56741376],[13.38865528,52.5676589],[13.38859814,52.56763714],[13.38851589,52.56760582],[13.388505,52.56761174],[13.38845052,52.56764142],[13.3884201,52.56765798],[13.38840056,52.56766863],[13.38838079,52.56767945],[13.38845015,52.56774919],[13.38846467,52.56775841],[13.38904616,52.56812732],[13.38927925,52.56824138],[13.38928166,52.56824255],[13.38926064,52.56825518],[13.38917838,52.56830463],[13.38893775,52.56844904],[13.38814862,52.56892262],[13.38777478,52.56914698],[13.38812,52.56938124],[13.38826389,52.56947889],[13.38800772,52.56962106],[13.3877932,52.56973917],[13.38757217,52.56986011],[13.38735544,52.56998169],[13.38714227,52.57009841],[13.38705194,52.57014785],[13.38691538,52.57022257],[13.3867097,52.57033621],[13.38670072,52.57034118],[13.3866526,52.57036579],[13.38643185,52.57048989],[13.38621817,52.57060784],[13.38599594,52.57072719],[13.3857797,52.57084837],[13.38554941,52.57097287],[13.38533458,52.571092],[13.38512193,52.57120841],[13.38490854,52.57132992],[13.38469118,52.57144861],[13.3842565,52.57168791],[13.38402057,52.5718159],[13.38380545,52.57193334],[13.38359255,52.57205195],[13.38337368,52.57216997],[13.38308223,52.57233292],[13.38276737,52.57218284],[13.38254221,52.57207552],[13.38223895,52.57202123],[13.38220475,52.5720272],[13.38214956,52.57203866],[13.3818473,52.57209779],[13.38151759,52.57216226],[13.38116367,52.57223144],[13.38097953,52.57226745],[13.38088519,52.57228586],[13.38027347,52.57240718],[13.38025762,52.57240998],[13.38018352,52.57242307],[13.37999566,52.57246148],[13.3796847,52.57252429],[13.37961462,52.5727361],[13.37951757,52.57272385],[13.3793552,52.57282382],[13.37927082,52.57309476],[13.3790359,52.57306615],[13.37901055,52.57314885],[13.37891684,52.57345462],[13.3788598,52.57344746],[13.37858928,52.57341349],[13.3784831,52.57371631],[13.37824978,52.57368694],[13.37815697,52.57361448],[13.37807837,52.57366623],[13.37762131,52.5739681],[13.37731559,52.57417131],[13.3764453,52.5747446],[13.37648469,52.57477735],[13.37649036,52.57478208],[13.37651692,52.5748064],[13.37646257,52.57480442],[13.37626571,52.57493403],[13.37625147,52.5749434],[13.37624907,52.57494499],[13.37605134,52.57507526],[13.37582082,52.57521663],[13.3751442,52.57563157],[13.37472316,52.5758476],[13.3742733,52.57604802],[13.3736322,52.5763084],[13.37299083,52.57656796],[13.37231653,52.57685929],[13.37227164,52.57681213],[13.37118136,52.57728941],[13.37016182,52.57784031],[13.36914429,52.57839093],[13.36852536,52.57873141],[13.36813181,52.57894791],[13.36816843,52.57900078],[13.36738172,52.57943252],[13.36683528,52.57973242],[13.36673143,52.57978949],[13.36668834,52.57981319],[13.36658856,52.57986809],[13.36653174,52.57989935],[13.3662905,52.58003206],[13.36571606,52.58034765],[13.36528274,52.58060709],[13.36523095,52.58064383],[13.36470467,52.58101718],[13.36430729,52.58128996],[13.36407447,52.58143014],[13.36404749,52.58144631],[13.36401149,52.58146804],[13.3638679,52.58125233],[13.36370455,52.58132166],[13.36363946,52.58135037],[13.36345117,52.58143325],[13.36295039,52.58171629],[13.36216929,52.58214823],[13.36070239,52.58295768],[13.35998046,52.58335515],[13.35921619,52.5837748],[13.35925155,52.58385656],[13.35881352,52.58417172],[13.35845425,52.58426234],[13.35806597,52.58433906],[13.35781811,52.58438675],[13.35695012,52.58487319],[13.35658918,52.58507546],[13.35610716,52.58534035],[13.35574046,52.58554198],[13.35568849,52.58557062],[13.35549234,52.58567828],[13.35514853,52.58587592],[13.35452798,52.58623251],[13.35441856,52.58629543],[13.35394168,52.58655943],[13.35387624,52.58659568],[13.35356844,52.58676616],[13.35332459,52.5869012],[13.35314727,52.586993],[13.35264413,52.58725361],[13.35216395,52.58750241],[13.35210399,52.58753452],[13.3522332,52.58758812],[13.3518694,52.58779941],[13.3513861,52.58802386],[13.35074775,52.58838315],[13.3507142,52.5884013],[13.3505437,52.58849349],[13.3503641,52.58859521],[13.35017029,52.5886981],[13.34979132,52.58890973],[13.34991952,52.58923932],[13.3492623,52.58920672],[13.34913344,52.58920032],[13.34865263,52.58947015],[13.34803375,52.58981746],[13.34783418,52.58992867],[13.34782587,52.58993331],[13.34765858,52.59002654],[13.34756922,52.59007634],[13.34755712,52.59008323],[13.34757333,52.59008684],[13.34758402,52.59008922],[13.34762276,52.59009784],[13.34791204,52.59016221],[13.34792725,52.5901656],[13.34811888,52.59020826],[13.34864068,52.59032046],[13.35019729,52.59060474],[13.35080091,52.59068699],[13.35128316,52.59074492],[13.35175633,52.59079391],[13.35205559,52.59081183],[13.35215598,52.59081783],[13.35369133,52.59089796],[13.35391545,52.5909035],[13.35414855,52.59090925],[13.35452173,52.59089922],[13.35465373,52.59089568],[13.35476572,52.59089267],[13.35521468,52.59088061],[13.35569318,52.59088709],[13.35618302,52.5909168],[13.35620946,52.5909184],[13.3580144,52.59102786],[13.35863009,52.59106408],[13.35912884,52.59109342],[13.35970607,52.59114442],[13.35985192,52.59115733],[13.3600705,52.5911766],[13.36030916,52.59121506],[13.3606494,52.59126993],[13.36065926,52.59127819],[13.36067982,52.59129541],[13.36077724,52.59137701],[13.36080094,52.59139686],[13.36086551,52.59145095],[13.36093231,52.59150681],[13.36112857,52.59166872],[13.36158911,52.59204898],[13.36253233,52.5928424],[13.36299608,52.59322018],[13.36364931,52.59375231],[13.36429533,52.59427868],[13.36429318,52.59430967],[13.36435699,52.59433533],[13.36503145,52.59489933],[13.3652355,52.59506996],[13.36549325,52.59529153],[13.3656452,52.59542197],[13.36569357,52.59546218],[13.36620378,52.59588619],[13.36703552,52.59657495],[13.36714193,52.5966627],[13.36776102,52.5971732],[13.36784746,52.59724452],[13.36785494,52.59725065],[13.36796449,52.5973585],[13.36797163,52.59736823],[13.36799709,52.59736938],[13.36810362,52.5973804],[13.36817007,52.59743792],[13.36851853,52.59773961],[13.36860279,52.59781389],[13.36863847,52.59783941],[13.36938261,52.59845817],[13.36961767,52.59865044],[13.36997368,52.5989354],[13.3701503,52.59907883],[13.37033793,52.59925239],[13.37057001,52.59947997],[13.37085676,52.59983188],[13.37099996,52.60001815],[13.37102232,52.60004723],[13.37109444,52.60016932],[13.37111441,52.60019951],[13.3711839,52.60030461],[13.37166156,52.60102709],[13.37183727,52.6012676],[13.3719101,52.60137322],[13.37236723,52.60203633],[13.37245711,52.60217356],[13.37280873,52.60266712],[13.37330171,52.60336644],[13.37377032,52.60405089],[13.37402321,52.60441706],[13.37426756,52.60476708],[13.37506076,52.60593842],[13.37525992,52.6062246],[13.37514986,52.60610934],[13.37544314,52.60652738],[13.37559786,52.60674584],[13.37569778,52.60688929],[13.37577536,52.60700068],[13.37578868,52.60702003],[13.37577745,52.60707294],[13.37621177,52.60773849],[13.37628366,52.60853969],[13.37635389,52.60932255],[13.3763385,52.61000323],[13.37632288,52.6106965],[13.37628687,52.6110992],[13.37628425,52.61112867],[13.37606155,52.61195714],[13.37604603,52.61201486],[13.37571696,52.613239],[13.37522781,52.61422602],[13.37450536,52.61533349],[13.37428822,52.61566634],[13.37428542,52.61566974],[13.37426239,52.61569766],[13.37424397,52.61572001],[13.37421285,52.61575775],[13.37370268,52.61648555],[13.37369629,52.61649478],[13.37323285,52.61715601],[13.37321514,52.61718122],[13.37313671,52.61728601],[13.3731078,52.61733358],[13.37298392,52.61753793],[13.37275229,52.61791513],[13.37245005,52.6183771],[13.37191285,52.6191725],[13.37155426,52.61969527],[13.37104685,52.62036655],[13.3703815,52.62120129],[13.37012605,52.62150384],[13.36982845,52.62186903],[13.36977951,52.62192932],[13.36971819,52.62198643],[13.36962694,52.62211205],[13.36951889,52.62225721],[13.36942124,52.62236298],[13.36936507,52.62242384],[13.36876872,52.62309257],[13.3687063,52.62316135],[13.36861979,52.62325606],[13.36859274,52.62328673],[13.36848273,52.62341132],[13.36808947,52.6238658],[13.36790766,52.62407218],[13.36779512,52.62424923],[13.36730383,52.62502252],[13.36719357,52.62531362],[13.36711051,52.62540042],[13.36698355,52.62536824],[13.36692815,52.62534645],[13.36691148,52.62544194],[13.36697148,52.62546584],[13.3669525,52.62557841],[13.36691585,52.62579299],[13.36693866,52.62585069],[13.36697909,52.62585905],[13.36715469,52.62576118],[13.36721911,52.62575118],[13.3672781,52.62580681],[13.36727688,52.62586628],[13.36729711,52.62588481],[13.36754757,52.62596792],[13.36765728,52.62600585],[13.3676841,52.62571518],[13.36796702,52.6255772],[13.36816456,52.6256576],[13.36823578,52.62567567],[13.36827107,52.62566977],[13.36852986,52.62557902],[13.36888207,52.62567918],[13.36916205,52.6258294],[13.36911226,52.62599118],[13.36912421,52.62602533],[13.36913454,52.62603294],[13.36951029,52.62601357],[13.36957047,52.62611096],[13.36954863,52.62625137],[13.36966476,52.62631815],[13.36972113,52.62645199],[13.36983121,52.62651527],[13.36987227,52.62668856],[13.36989102,52.62670428],[13.37012153,52.62677075],[13.37023189,52.62682279],[13.37017491,52.62706897],[13.37029179,52.62699721],[13.37040507,52.62702199],[13.37043942,52.62703676],[13.37046108,52.62706115],[13.37061508,52.62723347],[13.3706927,52.62731015],[13.37072936,52.62734023],[13.37076272,52.62735957],[13.37080296,52.62737532],[13.37083356,52.62738033],[13.37089987,52.62737162],[13.37096978,52.62735271],[13.37109938,52.62723132],[13.37119172,52.62720373],[13.3714835,52.62716036],[13.37160024,52.62721069],[13.37159612,52.62726469],[13.3715865,52.62739086],[13.37160483,52.62740055],[13.37187303,52.62732305],[13.37211538,52.62730121],[13.37232208,52.62727069],[13.37252343,52.62744141],[13.37262952,52.62751704],[13.37269044,52.62757452],[13.37270363,52.62757812],[13.37273848,52.62756763],[13.37278783,52.62755284],[13.37297681,52.6274453],[13.37315033,52.62754685],[13.37319737,52.62757052],[13.37329745,52.62760318],[13.37340178,52.62771268],[13.37354665,52.62779955],[13.37363727,52.62780915],[13.37372338,52.62778588],[13.37382839,52.62776233],[13.37396721,52.62767936],[13.3740626,52.62767778],[13.3741423,52.62767646],[13.37420616,52.62777345],[13.37418599,52.62791846],[13.37457248,52.62776688],[13.37462218,52.62790737],[13.37463257,52.62799976],[13.37477998,52.62797022],[13.37504532,52.62823055],[13.37509707,52.62835345],[13.37520409,52.62851118],[13.37523392,52.62860626],[13.37539754,52.62864196],[13.37545222,52.62867858],[13.37546503,52.62867768],[13.3756933,52.62851852],[13.37572653,52.62844876],[13.37586117,52.62840933],[13.37595538,52.62840964],[13.37619692,52.62833419],[13.37637798,52.6283783],[13.376366,52.62862278],[13.37626694,52.62875089],[13.37607457,52.62887844],[13.37600167,52.62892042],[13.37582798,52.6290351],[13.37582712,52.62903796],[13.3758657,52.62908578],[13.37588129,52.62909139],[13.37589734,52.62909188],[13.37596201,52.6290809],[13.37604948,52.6290384],[13.37612857,52.62893519],[13.37667895,52.62889482],[13.37660471,52.62907533],[13.37637776,52.62917255],[13.37636473,52.62918433],[13.37636564,52.62921501],[13.37638679,52.62924425],[13.3764435,52.62925356],[13.37658838,52.62920628],[13.37685006,52.62915628],[13.37702321,52.62933787],[13.37699489,52.62941354],[13.3768248,52.62953542],[13.37685686,52.62956578],[13.37688668,52.62959314],[13.37691129,52.62971125],[13.37698675,52.62976372],[13.37702237,52.6298193],[13.37700068,52.629899],[13.3769461,52.62995659],[13.37680206,52.63002596],[13.37667,52.63027619],[13.37654864,52.63041961],[13.37648057,52.63052918],[13.37647262,52.63059782],[13.37645169,52.6306216],[13.37628166,52.63080625],[13.3762767,52.63082062],[13.37620877,52.63099421],[13.37616518,52.63112094],[13.37615765,52.6311428],[13.3762148,52.63123592],[13.37623733,52.63127317],[13.37631612,52.63130356],[13.37634835,52.63134497],[13.37634363,52.63136873],[13.37625457,52.63145006],[13.37624058,52.63145894],[13.37605067,52.63146202],[13.37597331,52.63148389],[13.37591002,52.63151233],[13.37583901,52.63157276],[13.37582203,52.63160715],[13.37583553,52.6316101],[13.37595634,52.63163659],[13.37606828,52.63168601],[13.37616806,52.63173006],[13.37623443,52.63174533],[13.37633397,52.631776],[13.37635802,52.63178341],[13.37641628,52.63183465],[13.37653727,52.63194108],[13.37651827,52.63201588],[13.37647966,52.63207538],[13.3764518,52.63211832],[13.37647293,52.63214065],[13.37663875,52.63213072],[13.37675608,52.63215446],[13.37681556,52.63216191],[13.37686921,52.63217486],[13.3769076,52.63221156],[13.37691698,52.6322573],[13.37688663,52.63228898],[13.37682999,52.63231299],[13.37661182,52.63238961],[13.37656358,52.63241407],[13.37659801,52.63245625],[13.37665813,52.63245265],[13.37673192,52.63244143],[13.37679425,52.63244894],[13.37702923,52.63250598],[13.37704032,52.63251001],[13.37712228,52.63255231],[13.37719258,52.63267359],[13.37718953,52.63268729],[13.37717109,52.63270362],[13.37706197,52.63282458],[13.37699694,52.63283844],[13.37686794,52.63279645],[13.37679191,52.63278315],[13.37677081,52.63285518],[13.37677761,52.63287349],[13.37679342,52.63291604],[13.37691508,52.63299683],[13.376941,52.63300767],[13.37700143,52.63303295],[13.37707834,52.63307589],[13.3771399,52.63314032],[13.37727405,52.63318777],[13.37737759,52.63314032],[13.37761758,52.63307068],[13.37773583,52.63318381],[13.37772612,52.63321113],[13.37770074,52.63328229],[13.37768453,52.63338985],[13.37804085,52.6337679],[13.37821676,52.63395452],[13.3782497,52.63398946],[13.37844966,52.63411712],[13.37865044,52.63425559],[13.37870913,52.63435259],[13.3792075,52.63400793],[13.37940117,52.6338721],[13.38000359,52.63422229],[13.38004305,52.63424529],[13.3800749,52.63426085],[13.38010085,52.63427597],[13.38010478,52.63427825],[13.37996696,52.63440824],[13.37999545,52.63440234],[13.38008258,52.63438429],[13.380119,52.6343953],[13.38012642,52.63439754],[13.38013233,52.6343991],[13.38017213,52.63440957],[13.38032388,52.63444971],[13.38051488,52.63450023],[13.38057358,52.63451573],[13.38070773,52.63456183],[13.38094301,52.63464266],[13.38128369,52.63476156],[13.38158487,52.63486667],[13.38205222,52.63499529],[13.3828591,52.63521734],[13.38269258,52.6357466],[13.38193475,52.63595203],[13.38206531,52.63602035],[13.38205015,52.63608392],[13.38200918,52.63615648],[13.38192815,52.63621745],[13.38183871,52.63632947],[13.38183006,52.6363403],[13.38182207,52.63636832],[13.38181397,52.63639665],[13.38186019,52.63638466],[13.38189895,52.6363746],[13.38191921,52.63636441],[13.38202841,52.63630942],[13.38213112,52.63633768],[13.38216044,52.63640145],[13.38216915,52.63644108],[13.38217455,52.63644916],[13.38219003,52.6364723],[13.38220665,52.63645737],[13.38222523,52.63644067],[13.38226623,52.63642572],[13.38234367,52.63641738],[13.38240443,52.63645077],[13.38249394,52.63645871],[13.38258759,52.63645343],[13.38268643,52.63643381],[13.38273976,52.63641665],[13.38278205,52.63639284],[13.38281505,52.63637067],[13.3828501,52.63635677],[13.38290942,52.63634297],[13.38295802,52.6363495],[13.38302219,52.63636818],[13.38307527,52.63642455],[13.38312095,52.63648377],[13.38316428,52.63652587],[13.38317714,52.63654027],[13.38319352,52.63655861],[13.38320334,52.63657112],[13.38321983,52.63659213],[13.38323918,52.63661244],[13.38328373,52.63663264],[13.38332637,52.63663619],[13.38336786,52.63660995],[13.38339725,52.63656642],[13.38340554,52.63655075],[13.38342641,52.63651131],[13.38343368,52.63649788],[13.38345737,52.63645409],[13.38349847,52.63643399],[13.38356308,52.63642366],[13.38366352,52.63643853],[13.38375529,52.63645309],[13.38380971,52.63646815],[13.38382518,52.63647243],[13.38389059,52.63648057],[13.38393452,52.63646225],[13.3839346,52.63645408],[13.38393472,52.63644114],[13.38390102,52.63641057],[13.38384832,52.63638763],[13.38382818,52.63635754],[13.3838333,52.63632529],[13.38386961,52.63627906],[13.38389901,52.63625772],[13.38392631,52.6362332],[13.38396302,52.63620661],[13.38402624,52.6361836],[13.38408704,52.63619147],[13.38414295,52.63620139],[13.38420913,52.63622987],[13.38424403,52.63627137],[13.38425443,52.63632004],[13.38425734,52.63635735],[13.38427112,52.63638188],[13.38430707,52.6363901],[13.38434059,52.63637932],[13.38436219,52.63636343],[13.38438629,52.63633073],[13.38442025,52.63627542],[13.38445177,52.63625453],[13.38448447,52.6362458],[13.38453024,52.6362429],[13.38457041,52.63626008],[13.3846003,52.63629356],[13.38463901,52.63637508],[13.38464727,52.63639075],[13.38466582,52.63642595],[13.38467391,52.63642934],[13.38469615,52.63643865],[13.38476067,52.63644793],[13.38478154,52.63644137],[13.38478858,52.63643681],[13.38481132,52.63642212],[13.38482015,52.63640266],[13.38484273,52.63635288],[13.3848675,52.63632635],[13.3849096,52.63629312],[13.38493752,52.63627908],[13.38496648,52.63626847],[13.38499827,52.63626145],[13.38504512,52.63625903],[13.38507954,52.63626302],[13.38511077,52.63627157],[13.38516123,52.6362953],[13.38518545,52.63631396],[13.3852,52.63632806],[13.38521314,52.63635278],[13.38520907,52.63639408],[13.3852048,52.63640594],[13.38517479,52.63642795],[13.38515864,52.63643547],[13.38512093,52.63645302],[13.38510787,52.63646623],[13.38509836,52.63647583],[13.38509369,52.6364864],[13.38515021,52.63651868],[13.38521675,52.63654007],[13.38533483,52.63657068],[13.38540528,52.6365992],[13.38544145,52.63661186],[13.38547608,52.63661824],[13.38553016,52.63662804],[13.38558139,52.63661592],[13.38568916,52.63658309],[13.38572751,52.63657869],[13.385746,52.63658192],[13.38575182,52.63658294],[13.38576282,52.63658707],[13.38578768,52.6365964],[13.3858819,52.63664223],[13.38599011,52.63669644],[13.38605183,52.63673775],[13.38612067,52.63678193],[13.38619576,52.63677694],[13.38625058,52.63674834],[13.38626056,52.63674532],[13.38628945,52.63673658],[13.3863278,52.63673146],[13.38637444,52.63674267],[13.38641553,52.63677628],[13.38641228,52.63679603],[13.38640762,52.6368242],[13.38635344,52.63687526],[13.38635016,52.63689937],[13.38635831,52.63692637],[13.38639136,52.63692741],[13.38642528,52.63691326],[13.38646513,52.63687993],[13.38650897,52.63686876],[13.38653488,52.63687099],[13.38656714,52.63688883],[13.38661045,52.636922],[13.38661894,52.63694913],[13.38663,52.63697392],[13.38665484,52.63700192],[13.38669542,52.63702189],[13.38674595,52.63702247],[13.386815,52.63700476],[13.38688219,52.63698278],[13.38695133,52.63697404],[13.38700841,52.63697813],[13.38704974,52.63698572],[13.38705565,52.63698681],[13.38706011,52.63698855],[13.38710237,52.63700511],[13.38712176,52.63702502],[13.38717182,52.63705983],[13.38728605,52.63709931],[13.38733868,52.63711423],[13.38742757,52.6371477],[13.3874908,52.63717349],[13.38753033,52.63719947],[13.38757532,52.63722254],[13.38761749,52.63723798],[13.38767663,52.63723703],[13.38778725,52.63720488],[13.38783761,52.63719491],[13.38791595,52.63717942],[13.38794644,52.63717339],[13.38807614,52.63715707],[13.38817272,52.63716107],[13.38822836,52.63717453],[13.38827205,52.63719774],[13.38831651,52.63722303],[13.38833667,52.6372557],[13.38834927,52.6372874],[13.38834651,52.63731342],[13.38833305,52.63736148],[13.38831778,52.63738338],[13.38830501,52.63741787],[13.38835365,52.63744127],[13.38848923,52.63751749],[13.38862129,52.6375937],[13.38865462,52.637604],[13.3889736,52.63759377],[13.38907718,52.63760291],[13.38915036,52.63760937],[13.38920509,52.63762423],[13.38921877,52.63764938],[13.38921474,52.63767624],[13.38917926,52.6377067],[13.38913304,52.63772599],[13.3889422,52.63783786],[13.38894427,52.63785797],[13.38902066,52.63787575],[13.38913767,52.63785109],[13.38922408,52.63784916],[13.38927587,52.63785306],[13.38931545,52.6378743],[13.38932953,52.63789223],[13.38932883,52.637955],[13.3892613,52.63801519],[13.38914404,52.63807579],[13.38909713,52.63810003],[13.389075,52.63811147],[13.38906108,52.63813067],[13.38907426,52.63814784],[13.38919444,52.63817599],[13.38926495,52.63819251],[13.38931894,52.63822732],[13.38935371,52.63824973],[13.38944624,52.63835406],[13.38952485,52.63847141],[13.38952374,52.63851785],[13.38956464,52.63857809],[13.38968195,52.63863858],[13.38981804,52.63878061],[13.38981951,52.63884865],[13.38973519,52.63883632],[13.38961102,52.6388265],[13.38946935,52.63881282],[13.38943814,52.63883731],[13.38948923,52.63888002],[13.38954605,52.63889417],[13.38966776,52.63887668],[13.3897619,52.6389014],[13.38972722,52.63891376],[13.38960672,52.63894682],[13.38958857,52.63898874],[13.38960567,52.6390176],[13.38977313,52.63905375],[13.38989207,52.63907224],[13.38993628,52.63912232],[13.38992263,52.6391472],[13.38988643,52.6391714],[13.38984329,52.63919551],[13.3897501,52.63922515],[13.38971251,52.63926666],[13.38964871,52.6393173],[13.38962365,52.63934782],[13.38961341,52.63937308],[13.38963332,52.63938435],[13.38967363,52.63939213],[13.389821,52.63938322],[13.38987147,52.63939848],[13.38988256,52.63943617],[13.38989243,52.63947703],[13.38997768,52.63953495],[13.39007376,52.63960413],[13.39015282,52.6396741],[13.39024413,52.63973767],[13.39036819,52.63981242],[13.39048462,52.63986703],[13.39060962,52.63991514],[13.39052284,52.63995673],[13.39038853,52.63998547],[13.39037371,52.6400463],[13.39042623,52.64008216],[13.39045513,52.64010354],[13.39046214,52.64011809],[13.39044343,52.64015206],[13.39031216,52.64029831],[13.39019055,52.64039267],[13.39010811,52.64043643],[13.39000055,52.64048237],[13.38992813,52.64050814],[13.38991056,52.64053824],[13.38995971,52.64054809],[13.39006086,52.64051452],[13.39013292,52.6405074],[13.39016815,52.64053141],[13.39020988,52.64062605],[13.3902448,52.64069745],[13.39031108,52.64072909],[13.39038066,52.64078314],[13.39040931,52.64082634],[13.39040201,52.64085254],[13.39035223,52.64087677],[13.39028331,52.64087483],[13.3902324,52.64086825],[13.39016996,52.64084452],[13.3901152,52.64083944],[13.39011939,52.6408722],[13.39014102,52.64090731],[13.39012923,52.64092698],[13.39009797,52.64095321],[13.39006694,52.64096551],[13.3899817,52.64098168],[13.38991287,52.64099484],[13.38991304,52.64101607],[13.39000245,52.64109162],[13.39005153,52.64118544],[13.38998001,52.64119631],[13.38968696,52.64122523],[13.3896782,52.64137701],[13.38965408,52.64145607],[13.38965879,52.6415194],[13.38988178,52.64152038],[13.3898133,52.64142124],[13.39010161,52.64136232],[13.39018073,52.64134615],[13.39022682,52.64137917],[13.39029296,52.64140006],[13.39038145,52.6414657],[13.3903966,52.64150475],[13.39038501,52.64152922],[13.39036054,52.6415448],[13.39033011,52.64155533],[13.39026743,52.64155207],[13.39018014,52.64152786],[13.39009989,52.64150052],[13.39006831,52.64152666],[13.39004532,52.6415702],[13.39008048,52.64163721],[13.39013758,52.64169253],[13.39016806,52.64174916],[13.39020922,52.64176917],[13.3902616,52.64178109],[13.39040165,52.64178814],[13.39045578,52.64181152],[13.39046417,52.64182527],[13.39046375,52.64185052],[13.39042876,52.64188384],[13.39037711,52.64189171],[13.39026195,52.64188912],[13.39029834,52.64191327],[13.39031595,52.64195169],[13.3902839,52.64198053],[13.39023969,52.64200079],[13.3902312,52.642042],[13.39020484,52.64215426],[13.39023029,52.64216404],[13.39026229,52.64214262],[13.3902951,52.64210854],[13.39033261,52.64209404],[13.39036762,52.64209628],[13.3904159,52.6421069],[13.39047315,52.64213126],[13.39055158,52.64215387],[13.39058414,52.64217396],[13.39059069,52.64219415],[13.39056733,52.64224428],[13.39043135,52.64231646],[13.39031312,52.64235645],[13.39019001,52.6423981],[13.39014488,52.6424356],[13.39031262,52.6424791],[13.39041297,52.6424761],[13.39060214,52.64241994],[13.39077448,52.64240235],[13.39080697,52.64241038],[13.39089876,52.64247218],[13.39091376,52.64253865],[13.39087936,52.64257944],[13.39085732,52.64259966],[13.39079047,52.64260575],[13.39067175,52.64261778],[13.39066862,52.64262218],[13.39070253,52.64265197],[13.39076164,52.64272992],[13.3908649,52.64279341],[13.39094259,52.64289242],[13.39101118,52.64291672],[13.39106549,52.64295771],[13.39115323,52.64306971],[13.39110816,52.64318497],[13.39111786,52.64321014],[13.39120255,52.64316519],[13.39125518,52.64315858],[13.391304,52.64317621],[13.3913415,52.64333846],[13.39131957,52.64344362],[13.39130007,52.64354704],[13.3913292,52.64355082],[13.39150152,52.64349682],[13.39156867,52.643452],[13.39182956,52.64339026],[13.39189471,52.64338637],[13.39196502,52.64340999],[13.39197356,52.64347457],[13.39199815,52.64346398],[13.39201045,52.64345867],[13.39200525,52.64340349],[13.39199621,52.64339465],[13.39196134,52.64336581],[13.39194405,52.64332004],[13.39197185,52.64329334],[13.39210524,52.64323209],[13.39220672,52.64323638],[13.39221772,52.64324467],[13.39224774,52.6432757],[13.39226786,52.64333279],[13.39225129,52.64340393],[13.39222571,52.64347743],[13.39224281,52.6435219],[13.39231239,52.64357252],[13.39228686,52.64365182],[13.39224029,52.64365349],[13.39217839,52.64363973],[13.39212513,52.64359868],[13.39206472,52.64357716],[13.39200237,52.64357626],[13.39194267,52.64357444],[13.39180543,52.64357534],[13.39169177,52.64358083],[13.39161476,52.64360494],[13.39150215,52.64363319],[13.39153197,52.64365876],[13.3917395,52.64371493],[13.39175017,52.64371567],[13.39186233,52.64372333],[13.39197621,52.64369873],[13.39203229,52.64369121],[13.39210302,52.64368225],[13.39220308,52.64368707],[13.39228552,52.64370484],[13.39229528,52.64374083],[13.39226034,52.64380876],[13.39220515,52.64382676],[13.39213219,52.64382518],[13.39204863,52.64383631],[13.3919934,52.64384041],[13.39177302,52.64382892],[13.39174469,52.64384149],[13.39181407,52.64391194],[13.39183624,52.64391991],[13.39200666,52.64398115],[13.39206248,52.64400191],[13.3920784,52.64400452],[13.39214577,52.64401235],[13.39217188,52.64404203],[13.39218472,52.64407879],[13.39218653,52.64411646],[13.39216066,52.64414268],[13.39209395,52.64415456],[13.39203673,52.64414847],[13.39194909,52.6441261],[13.39189951,52.64411047],[13.39187561,52.64413578],[13.3918301,52.64419892],[13.39184339,52.64422604],[13.39190085,52.64424081],[13.39196177,52.64426142],[13.39198348,52.64427919],[13.39201609,52.64432349],[13.39202008,52.64435502],[13.39195548,52.64443825],[13.39196119,52.6444602],[13.39201692,52.644479],[13.39207048,52.64442232],[13.39208685,52.64437854],[13.39212713,52.64435524],[13.39216747,52.64434708],[13.39227933,52.64436505],[13.39231371,52.64437979],[13.39233098,52.64440399],[13.3923129,52.64443902],[13.39226275,52.64447883],[13.39198862,52.6446016],[13.39192695,52.6446936],[13.39191223,52.64474949],[13.39202859,52.64478938],[13.39209145,52.64482101],[13.39215439,52.64481487],[13.39224254,52.64477514],[13.39233856,52.64476036],[13.3923734,52.64476715],[13.39240659,52.6447827],[13.39242656,52.64480449],[13.39240702,52.64488866],[13.3923661,52.64496013],[13.39237945,52.64497809],[13.39250726,52.64507855],[13.39252754,52.64509708],[13.39281142,52.64514759],[13.39287906,52.64517122],[13.39294882,52.64523481],[13.3929231,52.64526497],[13.39287902,52.6452765],[13.39271803,52.64530746],[13.39276256,52.6453566],[13.39282222,52.64543309],[13.3928478,52.64546724],[13.39282609,52.64537763],[13.39284571,52.64532269],[13.39294633,52.64531733],[13.39304132,52.64531226],[13.39317809,52.64541079],[13.39293156,52.64556214],[13.39300339,52.64564303],[13.39311216,52.64567621],[13.39319826,52.64570526],[13.39326766,52.64576209],[13.39329759,52.64579844],[13.39325986,52.64583415],[13.39319747,52.64586167],[13.39318838,52.64586465],[13.3931403,52.64588046],[13.39314819,52.64596358],[13.39317286,52.64598845],[13.39320869,52.64605107],[13.3933463,52.64615625],[13.3933788,52.6461591],[13.39344829,52.64616518],[13.39355916,52.64617491],[13.39370432,52.64621898],[13.39373199,52.64622738],[13.39386738,52.64631739],[13.3939224,52.64640265],[13.39392725,52.64644385],[13.39388651,52.64648138],[13.3938454,52.64651927],[13.3939091,52.64669232],[13.39396098,52.64675937],[13.39413604,52.6469196],[13.39433923,52.64716622],[13.39447453,52.6473624],[13.39449876,52.64751328],[13.39450184,52.64753251],[13.39455405,52.6475552],[13.39492207,52.64749184],[13.39519917,52.64743946],[13.39524311,52.64743882],[13.3955103,52.64743496],[13.39580595,52.64742976],[13.39607368,52.64744005],[13.39620815,52.64742798],[13.39638868,52.64742389],[13.39680772,52.64769389],[13.39683698,52.6478317],[13.39700381,52.6479521],[13.39705132,52.64802491],[13.39727012,52.64814961],[13.39738122,52.648191],[13.39759769,52.64822013],[13.39777158,52.64829415],[13.39779982,52.64829327],[13.39780973,52.64829296],[13.3979376,52.64828898],[13.39790586,52.64811462],[13.39930988,52.64736647],[13.39972022,52.64713202],[13.40035453,52.6467696],[13.40049407,52.64669309],[13.40075693,52.64654911],[13.40094359,52.64644651],[13.40102126,52.64640409],[13.40106393,52.64638071],[13.40324089,52.645187],[13.40389295,52.6448624],[13.40474798,52.64455322],[13.4061975,52.64399671],[13.40659041,52.64384606],[13.40674889,52.64370365],[13.40688536,52.6435813],[13.40715959,52.64333573],[13.4074951,52.64303484],[13.40788456,52.64268566],[13.40805097,52.64271585],[13.40845865,52.64278934],[13.40852987,52.64280234],[13.40856539,52.64280882],[13.40867036,52.64282779],[13.40873626,52.64283973],[13.40875188,52.64284258],[13.40891126,52.64287125],[13.40894601,52.64287766],[13.40902179,52.64289146],[13.40904433,52.64289554],[13.40905718,52.64289785],[13.40915962,52.64291622],[13.40917432,52.64291886],[13.41203801,52.64343605],[13.41220463,52.64346615],[13.41224768,52.64347393],[13.41229229,52.64348199],[13.41241987,52.64338436],[13.41248542,52.64333423],[13.41268429,52.64318226],[13.41359502,52.64248674],[13.41362949,52.64246575],[13.41441875,52.64251168],[13.4147364,52.64238501],[13.41474165,52.64215883],[13.41474695,52.64193231],[13.41475133,52.6417799],[13.41465493,52.64167191],[13.41435206,52.64133643],[13.41425835,52.64124022],[13.41442899,52.64111698],[13.41507827,52.6406281],[13.41568773,52.64013123],[13.41599727,52.63989078],[13.41629972,52.63964091],[13.41655001,52.63943385],[13.41685666,52.63926801],[13.4170115,52.63920153],[13.41797139,52.6387523],[13.41917133,52.63819077],[13.42012803,52.63772672],[13.42079041,52.6374058],[13.42101602,52.63728513],[13.42122944,52.63717112],[13.4214184,52.63707007],[13.42159051,52.63697809],[13.42169601,52.63692159],[13.42171475,52.63691224],[13.42395234,52.63568545],[13.42404143,52.6356366],[13.42407883,52.6356161],[13.42418118,52.63555997],[13.42423623,52.63552979],[13.42435456,52.63546491],[13.42437895,52.63557491],[13.42549686,52.63624082],[13.4261402,52.63662403],[13.42661479,52.63690671],[13.42662703,52.636914],[13.42671646,52.63696726],[13.42673117,52.63697601],[13.42689221,52.63707193],[13.42693795,52.63709916],[13.42714787,52.63722417],[13.42715744,52.63722988],[13.42720702,52.63725941],[13.42724278,52.6372807],[13.42756839,52.63747474],[13.42763052,52.63751177],[13.42890352,52.6374784],[13.43017725,52.63744521],[13.43127842,52.63741599],[13.43128484,52.63741582],[13.43144997,52.63741146],[13.43272251,52.63737787],[13.43426109,52.63795389],[13.43420861,52.6381666],[13.4341506,52.6384013],[13.43407557,52.63870488],[13.43407476,52.63870817],[13.43404889,52.63881264],[13.43395916,52.63915316],[13.43393081,52.63926077],[13.43390302,52.6393656],[13.43381517,52.63972679],[13.4336577,52.64037439],[13.43363663,52.64046093],[13.43362468,52.64050995],[13.43354828,52.6408236],[13.43349337,52.64104906],[13.43338985,52.64147449],[13.43350704,52.64212184],[13.43347987,52.64212357],[13.43350928,52.64229862],[13.43351779,52.64234929],[13.43353167,52.6424319],[13.43357998,52.64262823],[13.43363496,52.64281945],[13.43374406,52.64322965],[13.43376017,52.64334557],[13.4337724,52.64343352],[13.43378759,52.64355772],[13.4337972,52.64363631],[13.43382236,52.64382396],[13.43383945,52.64388646],[13.43385327,52.64393694],[13.43387323,52.64400995],[13.43400913,52.64428283],[13.43403018,52.64428726],[13.4341862,52.64431994],[13.43447068,52.64437954],[13.43482608,52.64444479],[13.43526183,52.64453048],[13.43529037,52.64453968],[13.43535464,52.64456038],[13.43537459,52.64456624],[13.43570135,52.64466222],[13.43603932,52.6447178],[13.43621679,52.64474699],[13.43631475,52.64476251],[13.43632688,52.64476425],[13.43634934,52.64476747],[13.4364885,52.64478746],[13.4366783,52.64481489],[13.4367195,52.6448194],[13.43690571,52.64483959],[13.43711388,52.64486803],[13.43755026,52.64494392],[13.4377868,52.64498592],[13.43798441,52.64501776],[13.4381847,52.64505002],[13.43853335,52.64510619],[13.43882106,52.64515253],[13.43907722,52.64521408],[13.43941182,52.64525577],[13.43979046,52.64526695],[13.44074388,52.64896064],[13.44081274,52.64922739],[13.44082132,52.64926311],[13.44093599,52.64928218],[13.44138093,52.64935617],[13.44154617,52.64938365],[13.44165098,52.64932962],[13.44160985,52.64902305],[13.44217729,52.64907246],[13.44277277,52.6491243],[13.44289383,52.64936005],[13.44319887,52.64934941],[13.4433096,52.64953757],[13.44335321,52.64953667],[13.44371176,52.64952865],[13.44399012,52.6495225],[13.44428508,52.64951596],[13.44459381,52.64950893],[13.44491327,52.64950183],[13.44517011,52.64952885],[13.44538202,52.64956186],[13.44592626,52.64967369],[13.44609935,52.64971683],[13.44644564,52.64978601],[13.44656986,52.64984854],[13.44676152,52.64989751],[13.44707385,52.64994592],[13.44737169,52.65000287],[13.44749039,52.65002509],[13.44771676,52.65003861],[13.44788746,52.65003847],[13.44807183,52.65003203],[13.44811237,52.65003061],[13.44841009,52.65001667],[13.44873738,52.65000136],[13.4490312,52.64998165],[13.4493397,52.64996096],[13.44967395,52.64993853],[13.44995025,52.64991999],[13.44998538,52.64991764],[13.45032327,52.64989497],[13.45066115,52.6498723],[13.45097762,52.64985106],[13.45118808,52.6498126],[13.45128444,52.64979499],[13.45137111,52.64977914],[13.45151036,52.64975616],[13.45159933,52.64974147],[13.45168738,52.64962428],[13.45198442,52.64969209],[13.45204905,52.64968047],[13.4520978,52.64967171],[13.45209212,52.64897791],[13.45208451,52.64869945],[13.45287618,52.64863867],[13.45399833,52.64855256],[13.45627338,52.64837845],[13.45645463,52.64841504],[13.4583379,52.64822341],[13.45838455,52.64821866],[13.45969236,52.64808557],[13.45973261,52.64808147],[13.45986163,52.64816764],[13.45993977,52.64821982],[13.46007206,52.64831378],[13.46041376,52.64847671],[13.46079446,52.64860094],[13.46129431,52.64873452],[13.46155823,52.648779],[13.46182292,52.64882361],[13.46212089,52.64885038],[13.46220867,52.64889308],[13.46234022,52.64899257],[13.46236319,52.64901489],[13.46240945,52.64905981],[13.46254249,52.6492227],[13.46268204,52.64948177],[13.46274811,52.6495987],[13.46276252,52.64962421],[13.46305697,52.64992414],[13.46359577,52.65021777],[13.46376418,52.65030513],[13.46386889,52.65037707],[13.46401257,52.65042796],[13.46405721,52.65043493],[13.4641017,52.65044028],[13.46413851,52.65044292],[13.46418994,52.65043564],[13.46425306,52.65041795],[13.46427217,52.65043461],[13.46426027,52.65048188],[13.46425993,52.65050724],[13.46427631,52.65052137],[13.46436487,52.65054857],[13.46442275,52.65055242],[13.46446483,52.65055225],[13.46451755,52.65055791],[13.46456321,52.65057721],[13.46466011,52.6506573],[13.46473296,52.6506883],[13.46502648,52.65073857],[13.46529702,52.65091603],[13.46551656,52.65103513],[13.46571361,52.65116213],[13.46572367,52.65116861],[13.46638366,52.65138624],[13.46645225,52.65141732],[13.46658011,52.65147526],[13.46679438,52.6515179],[13.46693475,52.65161463],[13.46707493,52.65165348],[13.46733117,52.65166549],[13.46755354,52.65159996],[13.4676589,52.65158937],[13.46800755,52.65160475],[13.46813984,52.6516372],[13.46831165,52.65165826],[13.46848812,52.65163611],[13.4685594,52.65167876],[13.46866079,52.65172078],[13.46876188,52.65173383],[13.46894628,52.65169049],[13.46901358,52.65167467],[13.46926739,52.65166528],[13.46964894,52.65177123],[13.46989198,52.65183154],[13.46996671,52.65186296],[13.47015998,52.65204152],[13.47027626,52.65214896],[13.4704056,52.65227429],[13.4704958,52.65236172],[13.47057484,52.65240117],[13.47079864,52.65251291],[13.47096824,52.65259758],[13.47108982,52.65265828],[13.47115866,52.65270494],[13.47127134,52.65278134],[13.47131631,52.65280764],[13.47144616,52.65288358],[13.47149531,52.65292729],[13.47156722,52.65299123],[13.47163414,52.65303638],[13.47174249,52.6531095],[13.47179374,52.65314408],[13.47197409,52.65322951],[13.4720556,52.65331038],[13.47215559,52.65337569],[13.47217647,52.65341117],[13.47241085,52.65347897],[13.47261663,52.65356569],[13.47265814,52.65360554],[13.47270671,52.6536267],[13.47296347,52.65369494],[13.47327484,52.65382934],[13.47350807,52.65387547],[13.47361398,52.65391422],[13.47390654,52.65411858],[13.47406279,52.65433257],[13.4740762,52.65436336],[13.47408636,52.65440007],[13.47411819,52.65451513],[13.47402901,52.65455861],[13.47402995,52.65463685],[13.47404914,52.65463717],[13.47406127,52.65469672],[13.47408007,52.65477212],[13.474062,52.65481246],[13.47403919,52.65485956],[13.47418811,52.65536424],[13.47422117,52.65559395],[13.47427102,52.65568824],[13.47426262,52.65575228],[13.47412577,52.65594475],[13.4736783,52.65632289],[13.47353118,52.65637329],[13.47352279,52.65644581],[13.4735209,52.65646211],[13.47351292,52.65653128],[13.47172981,52.656693],[13.47126166,52.65673546],[13.47117846,52.656743],[13.46451044,52.6573475],[13.46270893,52.65751074],[13.46259821,52.65752078],[13.4623831,52.65754027],[13.46165229,52.65791351],[13.46141466,52.65803488],[13.46117688,52.65815631],[13.46094549,52.65827448],[13.46072276,52.65838823],[13.46049658,52.65850374],[13.45989945,52.65880868],[13.45961225,52.65895535],[13.4588609,52.65934221],[13.45877074,52.65938863],[13.45846075,52.65954823],[13.4580394,52.65977011],[13.45763733,52.65998183],[13.45748968,52.66005713],[13.45677601,52.66042103],[13.45674756,52.66043554],[13.45615514,52.66073761],[13.45491667,52.66137283],[13.45394511,52.66184989],[13.45285732,52.66213138],[13.4507857,52.66266742],[13.45086177,52.6627191],[13.45094914,52.66277845],[13.4515495,52.66318629],[13.45163416,52.6632438],[13.45168129,52.66327526],[13.45179122,52.66334865],[13.45450002,52.6651568],[13.45521615,52.66563479],[13.45544876,52.66572624],[13.45550609,52.66574877],[13.45574301,52.66593765],[13.45955373,52.66897518],[13.45958421,52.66896631],[13.45986108,52.66888567],[13.46085787,52.66859535],[13.46282845,52.66802138],[13.46293579,52.6679901],[13.46296552,52.66798145],[13.46381203,52.66773486],[13.46576537,52.66716583],[13.46592802,52.66711845],[13.46597127,52.66715569],[13.46798226,52.66888662],[13.46803863,52.66893512],[13.46993821,52.67057001],[13.47052278,52.67107308],[13.4705789,52.67105858],[13.47068669,52.6710307],[13.47071451,52.67102351],[13.47167621,52.6718429],[13.47184406,52.67198592],[13.47355539,52.67344391],[13.47414727,52.6739217],[13.47528641,52.67484123],[13.47549269,52.67500774],[13.47552017,52.67502313],[13.47586969,52.67477763],[13.47628027,52.67448903],[13.47661829,52.67428888],[13.47727325,52.67390082],[13.47948781,52.6755077],[13.47998125,52.67495477],[13.48008439,52.67485843],[13.47984759,52.67472452],[13.47823734,52.67307165],[13.47726246,52.67207089],[13.47691009,52.67179176],[13.47646639,52.67135814],[13.47635811,52.67119794],[13.47634955,52.67118528],[13.47634079,52.67117231],[13.47633075,52.67115744],[13.47629903,52.67111052],[13.47611799,52.67084265],[13.47596757,52.67057783],[13.47595048,52.67054773],[13.47530259,52.66952052],[13.47473643,52.66858861],[13.47453191,52.66822199],[13.4745855,52.66806375],[13.47470612,52.66804313],[13.47489311,52.6680424],[13.47513136,52.66799042],[13.475301,52.66790198],[13.47542178,52.66776891],[13.4756261,52.66760219],[13.47568136,52.66753545],[13.47569814,52.66749948],[13.47567947,52.66746815],[13.47562136,52.66741074],[13.47557169,52.66733275],[13.47554879,52.66727501],[13.47554737,52.66718453],[13.47557786,52.66705738],[13.47556357,52.66686923],[13.47565992,52.66669197],[13.47569724,52.66665215],[13.47571741,52.6666366],[13.47573175,52.66662553],[13.47583275,52.6665476],[13.47585988,52.66656126],[13.47697027,52.66712001],[13.47797456,52.66767813],[13.47993476,52.66810968],[13.48081788,52.66839604],[13.48351116,52.66921798],[13.48378748,52.66930229],[13.48485618,52.6695547],[13.48498523,52.66958519],[13.4852187,52.66964033],[13.48637528,52.67005983],[13.4884242,52.67078672],[13.48795382,52.66904346],[13.48792527,52.66893767],[13.48770753,52.66813066],[13.48769143,52.668071],[13.48750256,52.66737094],[13.48729586,52.6666048],[13.4872868,52.66657122],[13.48696246,52.66536896],[13.48691674,52.66519947],[13.48691016,52.66517509],[13.48644272,52.6634423],[13.48632236,52.66299611],[13.48621413,52.66259487],[13.48619845,52.66253674],[13.48599864,52.66179595],[13.48583735,52.66119801],[13.4858195,52.66113184],[13.4856114,52.66036031],[13.4854619,52.65980597],[13.48544331,52.65973708],[13.48542542,52.65967074],[13.48535932,52.65942562],[13.4868468,52.65815074],[13.48690429,52.65810146],[13.48805798,52.65711259],[13.48806801,52.657104],[13.48808938,52.65708567],[13.48817919,52.65700869],[13.48821891,52.65697466],[13.48826585,52.65693442],[13.48830595,52.65690005],[13.48902836,52.65628081],[13.48938316,52.65597667],[13.48948188,52.65589203],[13.48956376,52.65582186],[13.48957206,52.65581473],[13.4896037,52.65578761],[13.49075955,52.65479675],[13.4909468,52.65472454],[13.49099672,52.65470529],[13.4917326,52.6544215],[13.49348264,52.65374654],[13.49439446,52.65338882],[13.4950782,52.65312056],[13.49538545,52.65300002],[13.4974262,52.65219932],[13.49802857,52.65196297],[13.49938838,52.65142938],[13.49975215,52.65128664],[13.49998836,52.65119394],[13.50002788,52.65117844],[13.50040039,52.65103226],[13.50045035,52.65101304],[13.50180965,52.65049029],[13.50261236,52.6501948],[13.50270843,52.65016041],[13.50314303,52.64997087],[13.50472284,52.64956374],[13.50515437,52.64935341],[13.50578297,52.64904488],[13.50679273,52.64854924],[13.50712373,52.64837663],[13.50713843,52.64836897],[13.50715741,52.64836026],[13.50724789,52.64831877],[13.50726947,52.64830888],[13.50728449,52.64830069],[13.50765857,52.64809663],[13.50772692,52.64806182],[13.50792604,52.64795459],[13.50812516,52.64784735],[13.5082911,52.64775799],[13.50839702,52.64770163],[13.50899826,52.64738564],[13.50936312,52.64719388],[13.50995477,52.64688035],[13.50999243,52.64686049],[13.51000343,52.64685468],[13.51001633,52.64684788],[13.51004111,52.64683481],[13.51008897,52.64680955],[13.5102186,52.64674116],[13.51029595,52.64669819],[13.51038978,52.6466509],[13.51043298,52.64662897],[13.51043632,52.64662718],[13.51050667,52.64658966],[13.51051325,52.64658616],[13.51055093,52.64656605],[13.5109332,52.6463621],[13.5113875,52.64611972],[13.51193394,52.64582819],[13.51245639,52.64557764],[13.51282846,52.64539919],[13.51297486,52.64544436],[13.51328139,52.64553776],[13.51343905,52.64558577],[13.51363735,52.64564639],[13.51384962,52.64571127],[13.51400801,52.64576015],[13.51416804,52.64580795],[13.51427668,52.64584118],[13.5143274,52.64585684],[13.51448594,52.6459051],[13.51457256,52.64593155],[13.51469899,52.64597021],[13.51492497,52.64603887],[13.51515093,52.64610752],[13.51518677,52.64611892],[13.5153348,52.64615145],[13.5153839,52.64616108],[13.51562051,52.64621267],[13.51585685,52.64626436],[13.51601318,52.64629799],[13.5165479,52.64641388],[13.51681158,52.64647775],[13.51716249,52.64656298],[13.51785734,52.6467039],[13.51848053,52.64681916],[13.51926676,52.64694519],[13.51927555,52.6469287],[13.51957155,52.64637615],[13.51958901,52.64634066],[13.51961465,52.64629256],[13.51965175,52.64622296],[13.51984992,52.64580297],[13.51986244,52.64576529],[13.51987504,52.64571721],[13.51988084,52.64569772],[13.51988904,52.64567023],[13.5198938,52.64565477],[13.51993387,52.64552091],[13.51994057,52.64549864],[13.52022632,52.64510531],[13.52022989,52.64510037],[13.52024491,52.64507974],[13.5203177,52.6449784],[13.52039117,52.64487701],[13.52166999,52.64493317],[13.52180295,52.644939],[13.52184629,52.644943],[13.52242903,52.64499619],[13.52302198,52.64503471],[13.52296685,52.64439042],[13.52295695,52.64427486],[13.52294889,52.64411043],[13.5229394,52.64404121],[13.52292604,52.64393155],[13.52289443,52.64370768],[13.52286264,52.64347558],[13.52283014,52.64324435],[13.52281383,52.64312683],[13.52279224,52.64301152],[13.52278105,52.64295427],[13.52275286,52.64277903],[13.52271855,52.6425657],[13.52271481,52.64254558],[13.52268643,52.64236665],[13.52266299,52.64221868],[13.5226565,52.64218748],[13.52262152,52.64200861],[13.5225863,52.64183076],[13.52256746,52.64173571],[13.52255589,52.64164722],[13.52251966,52.64136909],[13.52251052,52.64129555],[13.52250138,52.64122252],[13.52243981,52.64076147],[13.52235573,52.64051439],[13.52230072,52.64035613],[13.52224035,52.6401802],[13.5221799,52.64000362],[13.52211938,52.63982765],[13.52205899,52.63965164],[13.52199825,52.63947464],[13.5219364,52.63929901],[13.52187727,52.63912307],[13.52176317,52.63879226],[13.52174053,52.63872604],[13.52173185,52.63870072],[13.52171885,52.6386603],[13.52148414,52.63824715],[13.52140245,52.63810307],[13.52138791,52.63807755],[13.52129117,52.63790719],[13.52127609,52.63788059],[13.52125428,52.63784205],[13.52119472,52.6377368],[13.52113256,52.63762731],[13.5210976,52.63756573],[13.52105719,52.63749455],[13.52102656,52.63739188],[13.52097361,52.63721442],[13.52092081,52.63703749],[13.52088061,52.63690274],[13.52086384,52.63686017],[13.52079485,52.63668501],[13.52072614,52.63651054],[13.52065697,52.63633495],[13.5205899,52.63616469],[13.52058862,52.63616085],[13.52058293,52.63614681],[13.52051987,52.63598588],[13.52048008,52.63588505],[13.52045103,52.63581085],[13.52041088,52.63571052],[13.52037252,52.63563779],[13.52016773,52.63524632],[13.52013857,52.63519067],[13.52011176,52.63513899],[13.5201094,52.63513499],[13.5199669,52.63486297],[13.51991905,52.6347716],[13.51982961,52.63460011],[13.51977097,52.63448894],[13.51975571,52.63445934],[13.51974033,52.63442795],[13.51973574,52.63441594],[13.51965982,52.63425503],[13.51957957,52.63408197],[13.51949928,52.6339092],[13.51941897,52.63373635],[13.51933884,52.63356338],[13.51925843,52.63339043],[13.51917822,52.63321748],[13.51909676,52.63304339],[13.51902204,52.63288224],[13.51901712,52.63287166],[13.51893623,52.6326981],[13.51885631,52.63252579],[13.51877622,52.63235258],[13.51871842,52.63222968],[13.51869497,52.63217958],[13.51861537,52.63200693],[13.51851451,52.63179036],[13.51849524,52.63175151],[13.51848427,52.63172527],[13.51847103,52.63169676],[13.518469,52.63169176],[13.51844014,52.63162092],[13.51843986,52.63162002],[13.518424,52.63156766],[13.51826723,52.63104914],[13.51821768,52.63088843],[13.51816997,52.63072728],[13.51811452,52.63054658],[13.51806059,52.63037033],[13.51800739,52.63019336],[13.51795399,52.63001705],[13.51789985,52.6298413],[13.51784796,52.62966947],[13.51781647,52.62956534],[13.51764908,52.62951494],[13.51748142,52.6294645],[13.51722885,52.62938897],[13.51697711,52.62931343],[13.51672543,52.62923756],[13.51647364,52.62916174],[13.51639453,52.62913792],[13.51622066,52.62908767],[13.5159662,52.6290145],[13.51585937,52.62898362],[13.51572586,52.62894502],[13.51548547,52.62887561],[13.51524506,52.62880618],[13.51500475,52.62873672],[13.51476447,52.62866728],[13.514652,52.62863476],[13.51452132,52.62860086],[13.51427651,52.62853728],[13.51380903,52.62841583],[13.51371393,52.62839119],[13.51344235,52.62832067],[13.51328815,52.62828077],[13.51317074,52.62825021],[13.512899,52.62817972],[13.51287671,52.6281739],[13.51262851,52.62811092],[13.51235728,52.62803745],[13.51208507,52.62796778],[13.51181267,52.62789732],[13.51154153,52.62782661],[13.5113919,52.62778746],[13.51121962,52.62773212],[13.51095829,52.62764841],[13.51089407,52.6276278],[13.51069696,52.62756456],[13.51044031,52.62748233],[13.51026692,52.62742676],[13.51006105,52.62735515],[13.5098831,52.62729324],[13.50962719,52.62720421],[13.5095921,52.62719193],[13.50943071,52.62713584],[13.50929311,52.62708797],[13.50895546,52.62697048],[13.50890652,52.62695405],[13.50861124,52.62684904],[13.50844629,52.6267902],[13.50826467,52.62672568],[13.50795574,52.62661591],[13.50790797,52.62659887],[13.50790213,52.62659679],[13.50789111,52.62659293],[13.50780089,52.62655884],[13.50776306,52.62654454],[13.50775174,52.62653994],[13.50774846,52.6265386],[13.50768053,52.62651092],[13.50721154,52.62631574],[13.50704015,52.62624454],[13.50701584,52.62623436],[13.50675097,52.62612443],[13.50674011,52.62611973],[13.50647656,52.62601043],[13.50647286,52.62600887],[13.50631623,52.62594384],[13.50616601,52.62588155],[13.50604375,52.62583065],[13.5058547,52.62575196],[13.50582882,52.62537699],[13.50580706,52.62505287],[13.50579598,52.62489171],[13.50579287,52.62485192],[13.50578521,52.62473754],[13.50576569,52.6244497],[13.50576291,52.62441539],[13.50574704,52.62418015],[13.50574618,52.62417153],[13.5057311,52.62395362],[13.50571906,52.62377396],[13.50570663,52.62359404],[13.50569403,52.62341419],[13.50568187,52.62323425],[13.50566929,52.62305432],[13.50566671,52.62301357],[13.50565662,52.62287466],[13.50564423,52.62269464],[13.50563131,52.62251471],[13.50561897,52.6223346],[13.50560852,52.62217282],[13.50560785,52.62215567],[13.50560304,52.62208566],[13.50559911,52.62201074],[13.505587,52.62184906],[13.5055758,52.62168702],[13.50556457,52.62152529],[13.50555366,52.62136333],[13.50554521,52.62124292],[13.50554347,52.62120071],[13.50553411,52.62106159],[13.50553255,52.62103939],[13.5055206,52.62087727],[13.50550952,52.62071578],[13.5054934,52.62048359],[13.50547295,52.62018768],[13.50546808,52.62011736],[13.50546622,52.62009049],[13.50546224,52.62003303],[13.50545827,52.6199748],[13.50533419,52.61992012],[13.50530439,52.61990703],[13.50525033,52.61988328],[13.50472475,52.61964469],[13.50469419,52.61962983],[13.50466193,52.61961416],[13.50461502,52.61959137],[13.50370271,52.61926144],[13.50351498,52.61916749],[13.5033896,52.61906166],[13.5033081,52.61899288],[13.50329555,52.61896416],[13.50327045,52.61890095],[13.50322469,52.61883569],[13.50280978,52.61820639],[13.50278082,52.6181627],[13.50225936,52.61733227],[13.50215626,52.61716726],[13.50205903,52.61701166],[13.5019828,52.61688967],[13.50194464,52.61682858],[13.50189923,52.61675591],[13.50184881,52.61666864],[13.50174258,52.61648481],[13.5016446,52.6163152],[13.50154647,52.61614536],[13.50150923,52.61608091],[13.50143084,52.61594523],[13.50135113,52.61580726],[13.50126868,52.61566455],[13.50120498,52.61555431],[13.50118623,52.61551778],[13.50110691,52.61536335],[13.50102999,52.61520991],[13.50095204,52.61505877],[13.50087316,52.61490821],[13.50086017,52.6148829],[13.5008066,52.61476063],[13.50074102,52.61461562],[13.50065285,52.61442024],[13.50063626,52.61438841],[13.50049501,52.6141184],[13.50045345,52.61403883],[13.50043774,52.6140088],[13.5003677,52.61387681],[13.50036624,52.6138742],[13.50026961,52.61369213],[13.50026389,52.61368143],[13.50022656,52.61362072],[13.50009388,52.61340446],[13.50008286,52.61338647],[13.49989166,52.6130802],[13.49980496,52.61294144],[13.49969697,52.61276852],[13.49960673,52.61262395],[13.4994927,52.61244128],[13.49944988,52.61237269],[13.49937794,52.61225748],[13.4993163,52.61215872],[13.49918088,52.61194176],[13.49916281,52.61191307],[13.49910447,52.61181955],[13.49895452,52.61155069],[13.49883528,52.61133678],[13.49882588,52.61131991],[13.49866346,52.61102855],[13.49850898,52.61074351],[13.49850811,52.6107409],[13.4984841,52.61067437],[13.49848321,52.61067186],[13.49839521,52.61042751],[13.49824614,52.61001371],[13.49797056,52.60924884],[13.49791054,52.60907444],[13.49785156,52.60890328],[13.49779242,52.60873086],[13.497733,52.6085588],[13.49767386,52.60838718],[13.4976143,52.60821503],[13.49755511,52.6080435],[13.49749574,52.60787143],[13.49744352,52.60770657],[13.49739146,52.60754224],[13.49733925,52.60737792],[13.49728777,52.60721314],[13.49723572,52.60704943],[13.49718378,52.60688448],[13.49712486,52.60669714],[13.49678821,52.60548866],[13.49666159,52.60502777],[13.49680395,52.60503557],[13.4975985,52.60508193],[13.49801818,52.60510642],[13.4989358,52.60515995],[13.49897351,52.60516214],[13.49901096,52.60510972],[13.49904012,52.60506892],[13.50031899,52.60327916],[13.5022224,52.60061506],[13.50229395,52.60051492],[13.50506587,52.59663455],[13.50507146,52.59662382],[13.50507667,52.59661586],[13.50509295,52.59659088],[13.50517091,52.59647093],[13.5051761,52.59646289],[13.50519033,52.59644312],[13.50570606,52.59568498],[13.50608564,52.5951269],[13.50617387,52.5949972],[13.50635496,52.59473176],[13.50763501,52.5928492],[13.50811864,52.59213785],[13.50849446,52.59215391],[13.50880296,52.59216709],[13.50931332,52.59218889],[13.5095556,52.59219924],[13.50978539,52.59220905],[13.51002076,52.59221911],[13.5102501,52.5922289],[13.51281989,52.5923386],[13.51394536,52.59238662],[13.51461534,52.59241426],[13.51565137,52.59245521],[13.51668464,52.59249627],[13.51738474,52.59252438],[13.51771469,52.59253725],[13.51806624,52.5925512],[13.5183799,52.59256378],[13.5186869,52.59257628],[13.51900493,52.59258985],[13.51917429,52.59259602],[13.51963282,52.59261459],[13.519741,52.5926189],[13.51994707,52.59262749],[13.52026026,52.59264029],[13.52057699,52.59265323],[13.52073551,52.59265978],[13.52165417,52.59269881],[13.52192017,52.59270884],[13.52287882,52.59274846],[13.52308006,52.59272482],[13.52413129,52.59260204],[13.52516824,52.59248077],[13.52618989,52.59236407],[13.52718404,52.59223117],[13.52729544,52.59223274],[13.52732494,52.59223293],[13.52738087,52.59223329],[13.52756681,52.59223449],[13.52769402,52.59223531],[13.52797172,52.59217407],[13.52822153,52.59212016],[13.52838688,52.59208389],[13.52847205,52.59206537],[13.52872172,52.5920122],[13.5289717,52.59195755],[13.52906133,52.59193697],[13.52958345,52.5918234],[13.52972154,52.59179341],[13.52986238,52.59176291],[13.53026302,52.5916757],[13.53051187,52.59162162],[13.53076337,52.59156738],[13.53101293,52.59151318],[13.53126196,52.5914591],[13.53149177,52.59140905],[13.53151138,52.59140486],[13.53176244,52.59135001],[13.53201269,52.59129528],[13.53226282,52.59124144],[13.5325116,52.59118683],[13.53276242,52.5911318],[13.53301504,52.59107711],[13.5332659,52.59102237],[13.53351802,52.59096764],[13.53376715,52.59091397],[13.53401282,52.59086],[13.53402898,52.59085641],[13.53455485,52.59073862],[13.53457159,52.59073512],[13.53463053,52.59072173],[13.53468911,52.59070863],[13.53472114,52.59070088],[13.53523155,52.5905865],[13.53547044,52.59053272],[13.53571283,52.59047799],[13.53577621,52.59046415],[13.53589409,52.59043769],[13.53596604,52.59042118],[13.53621709,52.59036476],[13.53645673,52.590311],[13.53646251,52.59030969],[13.53671247,52.59025342],[13.53695869,52.59019833],[13.53705552,52.59017661],[13.53717293,52.59015],[13.53721078,52.59014204],[13.53739422,52.5901007],[13.53745835,52.59008612],[13.53764219,52.59004482],[13.53770805,52.59003002],[13.53777217,52.59001546],[13.53795074,52.58997542],[13.53836002,52.58988303],[13.53837003,52.58988056],[13.53845772,52.58986053],[13.5384874,52.58985413],[13.53849779,52.589852],[13.53875775,52.58979372],[13.53900435,52.58973912],[13.53908581,52.58972098],[13.5392697,52.58968],[13.53929478,52.58967438],[13.53951905,52.58962418],[13.53958876,52.58960905],[13.5397706,52.58956879],[13.53994804,52.58952932],[13.54000337,52.58951695],[13.5400172,52.58951387],[13.54022547,52.58946769],[13.54026673,52.58945836],[13.54050246,52.58940586],[13.5405199,52.58940203],[13.540765,52.58934749],[13.54077975,52.58934428],[13.54101385,52.58929239],[13.54126453,52.58923644],[13.54148702,52.58918597],[13.54166807,52.5891461],[13.54279328,52.58887942],[13.54303215,52.58882292],[13.54306298,52.58881562],[13.54510625,52.58833149],[13.54712517,52.58785308],[13.54710317,52.58781971],[13.54698688,52.58764328],[13.54794215,52.58728998],[13.54950182,52.58671306],[13.54964577,52.58666122],[13.54991497,52.58656429],[13.55018465,52.58644894],[13.55095021,52.58614278],[13.55171268,52.58583675],[13.55175114,52.58581947],[13.55264889,52.5854157],[13.55267088,52.58540575],[13.5532908,52.58512762],[13.55389889,52.58483137],[13.55418679,52.58468743],[13.55491918,52.58438298],[13.55520928,52.58426239],[13.5554721,52.5841502],[13.55578593,52.58391778],[13.55606926,52.58377863],[13.5568816,52.58337961],[13.55688733,52.58335137],[13.55977966,52.58174062],[13.55997752,52.58161566],[13.56037586,52.58136408],[13.56055957,52.58124804],[13.56090221,52.58099825],[13.56106374,52.5808805],[13.5612965,52.58070748],[13.56156755,52.58054481],[13.56172816,52.5804629],[13.56185554,52.58039079],[13.56186116,52.58038612],[13.56205437,52.58023183],[13.56206227,52.58022478],[13.56215279,52.58014378],[13.5623014,52.58001079],[13.56231799,52.57999594],[13.56245974,52.5798691],[13.56258478,52.57975721],[13.5627097,52.57964542],[13.56309184,52.57931073],[13.56319617,52.57921931],[13.56324154,52.57917957],[13.56332764,52.57910414],[13.56358711,52.57891191],[13.56361092,52.57889104],[13.56428327,52.5783797],[13.56452295,52.57819732],[13.56465981,52.57802922],[13.5652077,52.57735627],[13.56563131,52.57696931],[13.56588696,52.57673576],[13.56623574,52.57641718],[13.56641079,52.57625727],[13.56650197,52.57617396],[13.56674972,52.57573421],[13.56680157,52.57564218],[13.5668981,52.57547079],[13.56691089,52.57545595],[13.56704916,52.5752951],[13.56727192,52.575036],[13.56742433,52.57485873],[13.56770477,52.57450911],[13.56772044,52.57448621],[13.56773329,52.57446995],[13.56775217,52.57444586],[13.56784683,52.57432561],[13.56788019,52.5742833],[13.56827244,52.57378561],[13.56836473,52.57362364],[13.56849707,52.57339802],[13.56857165,52.57310397],[13.5688405,52.57309438],[13.56894646,52.5730906],[13.56915885,52.57308242],[13.5690833,52.57336644],[13.56918849,52.57335869],[13.56929636,52.57335125],[13.56935475,52.57334888],[13.57001889,52.57331204],[13.57006774,52.57330933],[13.57047811,52.5732869],[13.57093766,52.57326178],[13.57126155,52.57324407],[13.57140849,52.57323603],[13.57150471,52.5732535],[13.57180637,52.5733071],[13.57204611,52.5733496],[13.57232972,52.57339979],[13.57261859,52.57345191],[13.57283519,52.57349019],[13.57304326,52.57352697],[13.57337684,52.57358956],[13.57353158,52.57361947],[13.57371912,52.57365463],[13.5746923,52.57383819],[13.57469206,52.57383206],[13.57469001,52.57377979],[13.57483277,52.57380335],[13.57497163,52.57383435],[13.57508001,52.57377408],[13.57574562,52.57346659],[13.57575091,52.57346416],[13.57582275,52.57343086],[13.5762286,52.57324347],[13.57673583,52.57300926],[13.57696816,52.57290182],[13.57709164,52.57264715],[13.57713412,52.57256052],[13.57733613,52.57214509],[13.57737444,52.57206633],[13.57742604,52.57196023],[13.57749436,52.57181971],[13.57759897,52.57160458],[13.57763874,52.57152279],[13.57770874,52.57141115],[13.57781391,52.57124346],[13.57788733,52.57112635],[13.57853303,52.57112268],[13.57884491,52.5711209],[13.57915849,52.57111908],[13.5798485,52.57111523],[13.58027609,52.57111285],[13.58059401,52.57111107],[13.58122832,52.57110752],[13.58136119,52.57110655],[13.58154211,52.57110609],[13.58154538,52.57104033],[13.58155329,52.5710253],[13.58159492,52.5709462],[13.58159973,52.57089026],[13.58170567,52.57079836],[13.58174874,52.57074086],[13.58178569,52.57064412],[13.58184132,52.57058924],[13.58187462,52.57052972],[13.58188557,52.57046555],[13.58195351,52.57035248],[13.58209068,52.57017404],[13.58208781,52.57009562],[13.58219979,52.56996226],[13.58223929,52.56980531],[13.5823509,52.56961967],[13.582419,52.56953415],[13.58248356,52.56938522],[13.58253333,52.5692959],[13.58255936,52.5692045],[13.58282377,52.56884458],[13.58294979,52.56857654],[13.58290984,52.56853506],[13.58298143,52.56843033],[13.58304187,52.56832186],[13.58309588,52.56828086],[13.58308523,52.56822173],[13.58315397,52.56817381],[13.58314592,52.56808485],[13.58324073,52.56791472],[13.58329378,52.56783211],[13.58334625,52.56774704],[13.58336048,52.56767866],[13.5834167,52.56740838],[13.58341854,52.56726874],[13.58342845,52.56677511],[13.58342137,52.56673586],[13.58340068,52.5666822],[13.5831909,52.56628382],[13.58312062,52.56606381],[13.58310615,52.56598303],[13.58313603,52.56583653],[13.58323177,52.56558431],[13.58322711,52.56551446],[13.58321082,52.56545286],[13.5831666,52.56535068],[13.58315891,52.56529182],[13.58316812,52.56521307],[13.58332054,52.56484228],[13.58338355,52.56468355],[13.58365382,52.56427172],[13.5837399,52.56414651],[13.58387002,52.56393181],[13.58393338,52.56376169],[13.5839426,52.56367195],[13.58393339,52.56361066],[13.58390051,52.56351195],[13.58387127,52.56342641],[13.58387248,52.56341172],[13.58380914,52.56301791],[13.58382039,52.56282958],[13.58383054,52.56260671],[13.5838338,52.5625962],[13.58394398,52.56228626],[13.58399583,52.56213648],[13.58418061,52.56162215],[13.58432568,52.56126158],[13.58442821,52.56057158],[13.58444964,52.56025448],[13.58443136,52.55985696],[13.58462144,52.55946567],[13.58470764,52.5593126],[13.58486043,52.55913497],[13.58488521,52.55908239],[13.58504393,52.55892054],[13.58510928,52.55887218],[13.58530819,52.55871361],[13.5853739,52.55867303],[13.58542055,52.55861857],[13.58548822,52.55857977],[13.58562918,52.5584794],[13.58632212,52.55784115],[13.58647863,52.55769115],[13.5866114,52.55743868],[13.58662507,52.5574132],[13.58667965,52.55717364],[13.58676727,52.55694683],[13.58689211,52.55671576],[13.58735193,52.5562091],[13.5874913,52.55594496],[13.58749529,52.55581977],[13.5876002,52.55562363],[13.58763529,52.55522222],[13.58770047,52.55509146],[13.58772815,52.55488812],[13.58772066,52.55472503],[13.58774865,52.55458963],[13.5877214,52.55430095],[13.58774876,52.5540929],[13.58770639,52.55387772],[13.58774783,52.55378337],[13.58778491,52.55361498],[13.58777366,52.55351228],[13.58778414,52.55341436],[13.58777083,52.55332819],[13.58768109,52.55312775],[13.58765363,52.55291129],[13.58754345,52.55256662],[13.58745972,52.55242515],[13.58733868,52.55231943],[13.58729672,52.55226309],[13.58718174,52.55204696],[13.58709878,52.55192666],[13.58702073,52.55183511],[13.58695168,52.55173535],[13.58692686,52.55167141],[13.58692754,52.55157621],[13.58692438,52.55149559],[13.58692239,52.55139916],[13.58692929,52.551235],[13.5869286,52.55117598],[13.58690755,52.55112186],[13.58687539,52.5510373],[13.58682859,52.55095142],[13.58660836,52.55054911],[13.58656132,52.5504294],[13.58648374,52.55017961],[13.58640832,52.55000169],[13.58638718,52.54995204],[13.58638367,52.54993543],[13.58638188,52.54978497],[13.58641092,52.54978048],[13.58654906,52.54975942],[13.58668286,52.5497118],[13.58674345,52.54969023],[13.58676866,52.54968126],[13.5868001,52.54967007],[13.58741166,52.54945241],[13.58757172,52.54942565],[13.58764346,52.54941374],[13.58907547,52.5491756],[13.59004263,52.54901089],[13.59295118,52.54852295],[13.60183706,52.54703174],[13.60328784,52.5467894],[13.60404933,52.54665952],[13.60471765,52.54654883],[13.60553272,52.54641223],[13.60756129,52.54607252],[13.60898121,52.54583491],[13.60930493,52.54577778],[13.60937447,52.54576613],[13.61059666,52.54556482],[13.61871352,52.54421425],[13.62331422,52.54381706],[13.62348806,52.54380856],[13.62428193,52.54374255],[13.62491294,52.54369009],[13.62535323,52.54365347],[13.6261044,52.54358865],[13.63398304,52.54286779],[13.6343992,52.54282476],[13.6347367,52.54264336],[13.63545024,52.54230468],[13.63553535,52.54228897],[13.63558034,52.54228068],[13.6356264,52.54227858],[13.63646261,52.54224054],[13.63701393,52.54224882],[13.63737306,52.54225422],[13.63764579,52.54092074],[13.63737141,52.54065314],[13.63711279,52.54039013],[13.6367593,52.54003807],[13.63656543,52.53986643],[13.63637094,52.53966404],[13.63626342,52.53957208],[13.63622262,52.53953865],[13.63601338,52.53932181],[13.63574885,52.53904768],[13.63551067,52.53881038],[13.63517163,52.53848156],[13.63497368,52.53828981],[13.63492608,52.53824396],[13.63490459,52.53822375],[13.63474754,52.53825774],[13.63455439,52.5379278],[13.6345176,52.53793519],[13.63450734,52.53791764],[13.63438482,52.53794438],[13.63440342,52.53797494],[13.63416364,52.53802768],[13.63394571,52.53765274],[13.63372324,52.53770186],[13.63338827,52.53781793],[13.63319647,52.53785436],[13.63312358,52.53786821],[13.63311517,52.53785187],[13.6330895,52.53780213],[13.63279528,52.53779218],[13.6316102,52.53800161],[13.63088928,52.53779059],[13.63065343,52.53765379],[13.63061358,52.53762499],[13.63058317,52.53762149],[13.62956162,52.53782112],[13.62899672,52.53793151],[13.62885812,52.53797743],[13.62859492,52.53775596],[13.62859409,52.53775526],[13.62850795,52.537698],[13.62847099,52.53767658],[13.62839089,52.53763632],[13.62822132,52.53756984],[13.62812186,52.5375445],[13.62807312,52.5375347],[13.6280215,52.53752946],[13.62797272,52.53752508],[13.62794284,52.53752513],[13.62792479,52.53751992],[13.62753894,52.53748532],[13.62742921,52.53750686],[13.62707725,52.53757262],[13.62702888,52.53757906],[13.62693342,52.53759175],[13.62670975,52.53764001],[13.62659203,52.53764559],[13.62651669,52.53764916],[13.62639326,52.53766219],[13.62631818,52.53767181],[13.62619436,52.53770065],[13.62597147,52.53775257],[13.6258471,52.5377661],[13.62573876,52.53777792],[13.62570194,52.53778819],[13.625515,52.5378399],[13.6253896,52.53786461],[13.62532233,52.53787767],[13.62529087,52.53788618],[13.62512859,52.53792765],[13.62500209,52.53798588],[13.62488166,52.53805153],[13.62482221,52.53810551],[13.62482847,52.5380778],[13.62501661,52.53724641],[13.62510006,52.53687861],[13.62515383,52.53664164],[13.62520781,52.53640398],[13.62524822,52.53622607],[13.62528885,52.53604775],[13.6253295,52.53586942],[13.62536966,52.53569155],[13.62541011,52.5355133],[13.62545056,52.53533507],[13.62550053,52.53511563],[13.62555128,52.53488891],[13.62557786,52.53477165],[13.62560801,52.53464358],[13.6257008,52.53423603],[13.6257071,52.53420146],[13.62574391,52.53403916],[13.62570449,52.53402001],[13.62538658,52.53386502],[13.62515644,52.53375286],[13.6249264,52.53364072],[13.62486872,52.53361265],[13.62481115,52.53358459],[13.62486689,52.5333684],[13.62490748,52.53321152],[13.62494027,52.53308364],[13.62495164,52.53303928],[13.62511624,52.53240001],[13.62513006,52.53234707],[13.62523964,52.53192692],[13.62528518,52.53174916],[13.62533071,52.5315714],[13.6253766,52.5313936],[13.62547553,52.53101187],[13.62550314,52.53090534],[13.62550794,52.53088685],[13.62568842,52.53018357],[13.62581743,52.53027241],[13.62594121,52.53035742],[13.62600574,52.53040208],[13.62640527,52.5302517],[13.62671864,52.53013375],[13.62673618,52.53012746],[13.62677504,52.53016617],[13.6268113,52.53016919],[13.62712327,52.53019596],[13.62715346,52.5301992],[13.62746341,52.5302264],[13.62787134,52.53026166],[13.62804602,52.53027652],[13.62813224,52.53028437],[13.62831164,52.53029997],[13.62833807,52.53030202],[13.62847262,52.53031398],[13.62862747,52.53032745],[13.62880162,52.5303426],[13.62892165,52.53035312],[13.62905209,52.53036456],[13.62921421,52.53037849],[13.62930033,52.53038671],[13.62954768,52.53041074],[13.62956295,52.53041227],[13.62960331,52.53041617],[13.62974966,52.53043035],[13.62979449,52.53043415],[13.62980286,52.53043464],[13.6299124,52.53044352],[13.63004306,52.53045365],[13.63017541,52.5304648],[13.63069001,52.53050473],[13.63086774,52.53051852],[13.63145505,52.53056409],[13.63148929,52.53056674],[13.63155915,52.53057216],[13.63175026,52.53056627],[13.63183739,52.53056365],[13.63206207,52.53055669],[13.63232878,52.53054862],[13.63278776,52.53053489],[13.63291385,52.53053047],[13.63303308,52.53052655],[13.63355613,52.53050798],[13.63382995,52.53049831],[13.6339729,52.53049333],[13.63410312,52.53048845],[13.63426789,52.53048299],[13.6343755,52.53047903],[13.63440582,52.53047797],[13.63456315,52.53047976],[13.6346778,52.53048106],[13.63485994,52.53048331],[13.63497331,52.53048435],[13.63515604,52.53048666],[13.63526832,52.53048771],[13.63545219,52.53049002],[13.63556317,52.53049109],[13.63575312,52.53049321],[13.63585818,52.53049445],[13.63598864,52.53049673],[13.63658991,52.53050581],[13.63670328,52.53050586],[13.6367638,52.53050589],[13.63679326,52.53050577],[13.63740472,52.53049699],[13.63753627,52.53049419],[13.63767003,52.53049326],[13.63788937,52.53048971],[13.63795338,52.53048897],[13.63823449,52.53048515],[13.63827016,52.53048376],[13.63851499,52.53047815],[13.6385533,52.53047731],[13.63880969,52.53047142],[13.63888487,52.53046966],[13.63910652,52.53046461],[13.63940155,52.5304574],[13.63976516,52.53044967],[13.63978645,52.53044864],[13.64058518,52.5304229],[13.6406309,52.53042191],[13.64067882,52.53041749],[13.64076763,52.5304098],[13.64111105,52.53037643],[13.64140109,52.53034824],[13.64168198,52.53032244],[13.64172106,52.53031412],[13.64176807,52.5303041],[13.6426503,52.53011718],[13.64269502,52.53010729],[13.64271634,52.53010257],[13.64275115,52.53009489],[13.64290484,52.53006091],[13.64294417,52.53005222],[13.64297083,52.53004635],[13.64299099,52.53004188],[13.643387,52.52995428],[13.64351682,52.52992615],[13.64368228,52.52988946],[13.64375729,52.52988414],[13.64379063,52.52988191],[13.64403533,52.52986478],[13.64406807,52.52986256],[13.64431308,52.52984551],[13.64434623,52.52984326],[13.64455709,52.52982857],[13.64459143,52.5298256],[13.64462367,52.52982261],[13.64486879,52.52980119],[13.64490123,52.52979831],[13.64514645,52.52977683],[13.64517778,52.5297741],[13.64542408,52.52975242],[13.64545519,52.52974979],[13.64570182,52.5297281],[13.64573188,52.52972559],[13.64597899,52.5297042],[13.64600932,52.52970161],[13.64625493,52.52968017],[13.6462866,52.52967967],[13.6468228,52.52966977],[13.64693377,52.52966764],[13.64704474,52.5296661],[13.64763032,52.52965467],[13.64778102,52.52965189],[13.64792952,52.52964936],[13.64818227,52.52964468],[13.64835465,52.52964223],[13.64843699,52.52964151],[13.64853669,52.52964066],[13.64868657,52.52965202],[13.64894974,52.52967197],[13.64908837,52.52968247],[13.64921313,52.52969285],[13.64947597,52.52971476],[13.64955892,52.52972168],[13.64971869,52.529731],[13.64976926,52.52973395],[13.65003338,52.52974937],[13.65029704,52.52976524],[13.65059097,52.52978244],[13.65088403,52.52979959],[13.6509838,52.52980548],[13.65116259,52.52980932],[13.65144177,52.52981531],[13.65154864,52.52981732],[13.65172091,52.52981409],[13.65183483,52.52981196],[13.65201669,52.52980562],[13.65219454,52.52979894],[13.65244597,52.52979018],[13.65262341,52.5297838],[13.6527444,52.52977905],[13.65312733,52.5297749],[13.65322752,52.52977776],[13.65352158,52.52978681],[13.65375157,52.52979375],[13.65381725,52.52979653],[13.65406467,52.5298062],[13.6541119,52.52980738],[13.65440647,52.5298148],[13.65464557,52.52982081],[13.65470122,52.5298212],[13.65498565,52.52982257],[13.65533147,52.529825],[13.65544296,52.52982603],[13.65555397,52.52982662],[13.65600916,52.52983031],[13.656899,52.52983703],[13.656911,52.52983703],[13.65721079,52.52891034],[13.65722681,52.52882451],[13.65725193,52.52871704],[13.65730221,52.52850211],[13.65736491,52.52840997],[13.65755575,52.52774837],[13.65769927,52.52743228],[13.65778351,52.52730087],[13.6577928,52.5272336],[13.65797781,52.52679687],[13.65803206,52.52652868],[13.65809308,52.52638052],[13.65821579,52.52623764],[13.65840753,52.52609192],[13.65846696,52.52601295],[13.65850153,52.52594505],[13.65849306,52.52594016],[13.65815024,52.52572656],[13.65811096,52.52570348],[13.6577435,52.52548581],[13.65772123,52.52547232],[13.65760142,52.52539924],[13.65742316,52.52529057],[13.65700815,52.52503835],[13.65692728,52.5249891],[13.65690746,52.52497634],[13.65680635,52.52491551],[13.65658055,52.52478086],[13.65636997,52.52465356],[13.65616274,52.52452884],[13.65601323,52.52443892],[13.65586114,52.52434897],[13.65574878,52.5242817],[13.65564589,52.52422144],[13.65564228,52.52421959],[13.65554039,52.52416766],[13.65545562,52.52412445],[13.65535415,52.52407285],[13.65527054,52.52403432],[13.65508379,52.52394864],[13.65506629,52.52394057],[13.65502653,52.52392339],[13.65490024,52.52387118],[13.65477592,52.52381954],[13.65471655,52.52379616],[13.65451281,52.52371319],[13.65433777,52.52364088],[13.6542458,52.52360442],[13.65397415,52.52349376],[13.65395176,52.52348405],[13.65368804,52.5233772],[13.65358555,52.5233348],[13.6535793,52.52333233],[13.65340358,52.52326081],[13.65322069,52.52318673],[13.65309759,52.52313653],[13.6528644,52.52304152],[13.65285981,52.52303985],[13.65267697,52.52296541],[13.65261868,52.52294167],[13.65249172,52.52289031],[13.65237341,52.52284192],[13.65230482,52.52281397],[13.65212809,52.52274195],[13.65211761,52.52273829],[13.65183189,52.5226214],[13.65177711,52.5225991],[13.65173889,52.52258407],[13.65170221,52.52256916],[13.65164694,52.5225467],[13.65129054,52.52240195],[13.65087981,52.5222348],[13.65078547,52.5221965],[13.65063841,52.5221365],[13.65050785,52.5220835],[13.65043284,52.52205288],[13.65021962,52.52196619],[13.6501695,52.52194589],[13.64994171,52.52185393],[13.64992532,52.5218466],[13.64969658,52.52175411],[13.6496803,52.52174694],[13.6494515,52.52165412],[13.64943759,52.52164825],[13.64929239,52.52158987],[13.64920603,52.52155444],[13.64898157,52.52146197],[13.64874844,52.52136581],[13.64872988,52.52135821],[13.64865299,52.52132675],[13.64862097,52.52131364],[13.64855632,52.52128719],[13.64827026,52.5211691],[13.64804902,52.5210778],[13.647985,52.52105134],[13.6477404,52.52095042],[13.64749617,52.52084991],[13.6471941,52.52072553],[13.647172,52.52071588],[13.6471282,52.52069835],[13.64710316,52.52068809],[13.64700918,52.52064953],[13.64698419,52.52063802],[13.6469605,52.52062714],[13.64694055,52.52061882],[13.64649452,52.52041302],[13.646282,52.52031505],[13.64606953,52.52021706],[13.64583356,52.52010804],[13.64580833,52.52009658],[13.64559729,52.51999912],[13.64536118,52.51988996],[13.64532653,52.51987396],[13.64512501,52.51978097],[13.64488874,52.51967193],[13.6446527,52.51956305],[13.64443792,52.51946385],[13.64421709,52.51936185],[13.64410083,52.5193083],[13.64403938,52.51927994],[13.64403514,52.51927796],[13.643517,52.51903877],[13.64322087,52.51890207],[13.64292485,52.51876542],[13.64262884,52.51862877],[13.64245875,52.51855026],[13.64239786,52.51851318],[13.64213509,52.51835321],[13.64187233,52.51819324],[13.64160978,52.5180334],[13.64140823,52.51791069],[13.64136943,52.51788436],[13.6411211,52.5177159],[13.64087287,52.51754751],[13.64062466,52.51737911],[13.64037486,52.51720965],[13.64033538,52.51718297],[13.64024026,52.51711837],[13.64016328,52.51706197],[13.64000766,52.51694795],[13.63985544,52.51683643],[13.63969453,52.51671854],[13.63964467,52.51668201],[13.63952087,52.51660565],[13.63940576,52.51653467],[13.63899413,52.51628081],[13.63891373,52.51623123],[13.63876841,52.51614132],[13.63854283,52.51600176],[13.63831725,52.5158622],[13.63809169,52.51572264],[13.63802177,52.51567938],[13.63786214,52.51558536],[13.63763095,52.51544914],[13.63740423,52.51531554],[13.63739045,52.51530742],[13.63731181,52.5152602],[13.6371015,52.51513434],[13.63692002,52.51501115],[13.63673346,52.51488452],[13.63660723,52.51479886],[13.63660404,52.5147967],[13.63648463,52.51471564],[13.63640682,52.51466283],[13.63597052,52.51435265],[13.63578043,52.51421595],[13.63548057,52.51393131],[13.63546444,52.51391758],[13.63538584,52.51385224],[13.63535411,52.51382576],[13.63523582,52.51372701],[13.63520175,52.51369858],[13.63481826,52.51337845],[13.63459762,52.51319429],[13.63447859,52.51309459],[13.63430324,52.51294819],[13.63418052,52.51284574],[13.63413707,52.51279848],[13.63399294,52.51264173],[13.63384886,52.51248502],[13.63370525,52.5123285],[13.6335612,52.51217163],[13.6334171,52.51201469],[13.63335722,52.51194945],[13.63313862,52.51170767],[13.63310284,52.51166353],[13.63306984,52.51162201],[13.63305322,52.51160233],[13.63300366,52.51154119],[13.63267348,52.51113389],[13.63256207,52.51098801],[13.63243631,52.51082333],[13.6323108,52.51065896],[13.63218513,52.51049442],[13.63213208,52.51042496],[13.63206432,52.51032875],[13.63180108,52.50995065],[13.63179918,52.50994792],[13.63178093,52.50992171],[13.63174056,52.50986384],[13.6317151,52.50982738],[13.63171417,52.50982606],[13.63143482,52.50942645],[13.63130383,52.50923721],[13.63119844,52.5090849],[13.63109298,52.50893252],[13.63103501,52.50884848],[13.630988,52.50878254],[13.63088091,52.50863239],[13.63077374,52.50848213],[13.63069155,52.50836687],[13.63054429,52.50816025],[13.63051284,52.50811627],[13.63034069,52.50787492],[13.63025231,52.50775098],[13.63010202,52.50754027],[13.63004215,52.5074569],[13.62992384,52.50729214],[13.62980552,52.50712738],[13.62968721,52.50696262],[13.62956897,52.50679798],[13.62951303,52.50672006],[13.62946503,52.50663043],[13.62939493,52.50650021],[13.62934385,52.50640601],[13.62930301,52.50632945],[13.62920572,52.50614994],[13.62901115,52.50577243],[13.62896558,52.50568401],[13.62896487,52.5056826],[13.62895516,52.50566374],[13.6289454,52.50564484],[13.62890063,52.50555798],[13.62889964,52.50555606],[13.62875646,52.50521661],[13.62839989,52.50428095],[13.62815078,52.50357469],[13.62811332,52.50346937],[13.62809068,52.50340503],[13.62804681,52.5032486],[13.62799063,52.50306235],[13.62785004,52.50258894],[13.62764859,52.50191053],[13.6272114,52.50037666],[13.62706035,52.49988929],[13.62702532,52.49978036],[13.62700755,52.49972468],[13.62700698,52.4997229],[13.62676648,52.49907094],[13.6265799,52.49866355],[13.6263347,52.49811353],[13.6260004,52.49749767],[13.62597933,52.49745886],[13.62575797,52.4970557],[13.62516113,52.49612983],[13.62500308,52.4958891],[13.6249558,52.49581697],[13.62444917,52.49504541],[13.62444351,52.49503388],[13.62402828,52.49424075],[13.62400604,52.49419824],[13.62534856,52.49374863],[13.6254864,52.493709],[13.6258443,52.49360473],[13.62683765,52.49341167],[13.62744495,52.49331908],[13.62929915,52.49308904],[13.62937202,52.49307999],[13.62971774,52.49303712],[13.62960868,52.49294717],[13.6295764,52.49292041],[13.6289558,52.49240616],[13.628781,52.49226127],[13.62860639,52.4921165],[13.62843134,52.49197232],[13.62809491,52.49169359],[13.62796302,52.49158439],[13.62758202,52.49126919],[13.62740722,52.49112459],[13.62723241,52.49097996],[13.62705763,52.49083535],[13.62688282,52.49069074],[13.62670801,52.49054611],[13.6265332,52.4904015],[13.62635811,52.49025698],[13.62618337,52.49011243],[13.62600877,52.48996783],[13.62583397,52.48982298],[13.62565915,52.48967834],[13.6252668,52.48935246],[13.62516826,52.48927083],[13.62513598,52.4892441],[13.62496642,52.48910365],[13.62491953,52.48906557],[13.62480234,52.48896775],[13.62475142,52.48892574],[13.62463805,52.48883165],[13.62457638,52.48878165],[13.62447382,52.48869563],[13.62440142,52.48863611],[13.62430912,52.48855919],[13.62422662,52.48849134],[13.6241453,52.48842349],[13.62405228,52.48834648],[13.6239812,52.48828756],[13.62387782,52.48820158],[13.62381718,52.48815168],[13.62370374,52.48805705],[13.62365278,52.4880155],[13.62352957,52.48791246],[13.62348866,52.48787955],[13.62332429,52.48774339],[13.62315849,52.48760603],[13.62302664,52.48749767],[13.62285216,52.48735316],[13.62269648,52.48722423],[13.62250434,52.48706509],[13.62250254,52.48706372],[13.62232812,52.48691903],[13.62231172,52.48690556],[13.62212012,52.48674688],[13.62192776,52.4865878],[13.62182183,52.48650021],[13.62173539,52.48642872],[13.62169105,52.48639187],[13.62156052,52.48628341],[13.62141239,52.48616057],[13.62135189,52.48611063],[13.62125136,52.48602722],[13.62115938,52.48595144],[13.62107392,52.48588029],[13.62096678,52.48579242],[13.62085603,52.48569987],[13.6207744,52.48563335],[13.62064822,52.48552845],[13.6205117,52.48541541],[13.62050971,52.48541376],[13.62038018,52.48530651],[13.62022922,52.48517985],[13.62019835,52.48515609],[13.620072,52.48504966],[13.62001463,52.48500397],[13.6199148,52.48491947],[13.61983947,52.48485814],[13.61975332,52.4847866],[13.61966477,52.48471355],[13.61959562,52.48465647],[13.61948937,52.4845688],[13.619438,52.48452642],[13.61931378,52.4844234],[13.61928157,52.48439508],[13.61913873,52.48427855],[13.61911095,52.48425418],[13.61896501,52.48413526],[13.61892307,52.48409871],[13.61879034,52.48399056],[13.61871932,52.48393061],[13.61843167,52.48369193],[13.61830135,52.48358386],[13.61810478,52.48342129],[13.61792135,52.48326942],[13.61791684,52.48326754],[13.61774143,52.48312189],[13.61773662,52.48311791],[13.61756654,52.48297697],[13.61755457,52.48296573],[13.61739164,52.48283204],[13.61737114,52.48281385],[13.61721682,52.48268717],[13.61718705,52.48266251],[13.61704209,52.48254243],[13.61700355,52.48251052],[13.61686712,52.48239755],[13.6167423,52.4822932],[13.61669278,52.48225332],[13.61651836,52.4821091],[13.61647889,52.48207645],[13.61634399,52.48196488],[13.61621834,52.48185892],[13.61616961,52.48182067],[13.61608245,52.48174858],[13.61603458,52.48170723],[13.61599521,52.48167643],[13.61585987,52.4815626],[13.61582082,52.48153218],[13.61568586,52.48142029],[13.61564613,52.48138739],[13.6155101,52.48127342],[13.61547147,52.48124261],[13.61533528,52.48112882],[13.61529455,52.48109513],[13.61516055,52.48098428],[13.61499224,52.48084507],[13.61489285,52.48076236],[13.61488366,52.48072687],[13.6148454,52.48057997],[13.61482016,52.48048361],[13.61479737,52.48040329],[13.61476306,52.48026449],[13.61475295,52.48022471],[13.61470985,52.48006078],[13.61470636,52.48004716],[13.61466091,52.4798716],[13.61466042,52.47986973],[13.61461406,52.47969208],[13.61461107,52.47968175],[13.61456789,52.47951476],[13.61456108,52.47949046],[13.61452157,52.47933727],[13.61451477,52.47931281],[13.61449168,52.47922423],[13.61447488,52.47915973],[13.61446853,52.47913534],[13.61442869,52.4789823],[13.61442206,52.47895755],[13.61438234,52.47880464],[13.61437656,52.47878242],[13.6143755,52.4787784],[13.61435286,52.47869173],[13.61433617,52.47862748],[13.61432786,52.47859833],[13.6142901,52.47844988],[13.6142567,52.47832774],[13.61424399,52.4782723],[13.61421827,52.47817989],[13.61421055,52.47815016],[13.61419787,52.47809479],[13.61418747,52.47806136],[13.61416428,52.47797273],[13.61411101,52.47776898],[13.61407718,52.47763521],[13.61401945,52.47741302],[13.6139864,52.47728733],[13.61398471,52.47728007],[13.61394758,52.47713801],[13.61394026,52.47710997],[13.61389386,52.47693243],[13.61388035,52.47688074],[13.61384746,52.4767549],[13.6138339,52.47670296],[13.61378749,52.47652538],[13.61374117,52.47634816],[13.61370634,52.47621488],[13.61365998,52.47603747],[13.61360946,52.47584412],[13.61360436,52.47582461],[13.61355054,52.47561865],[13.61367865,52.47559724],[13.61370257,52.47559319],[13.61397223,52.47554803],[13.61412015,52.47552342],[13.61422891,52.47550521],[13.61444188,52.47546963],[13.61472119,52.47542293],[13.6148189,52.4754065],[13.61486276,52.47539913],[13.61492523,52.47538865],[13.61533257,52.47532011],[13.61545185,52.47530025],[13.6157518,52.47516372],[13.61587506,52.47510816],[13.61614673,52.47498475],[13.61621423,52.47495378],[13.61648641,52.47483045],[13.61627119,52.47465408],[13.61600829,52.47443778],[13.61575279,52.47422869],[13.61559462,52.47409894],[13.61543644,52.47396919],[13.61527824,52.47383943],[13.61510249,52.47369526],[13.61330793,52.47222314],[13.61329113,52.47222656],[13.61317222,52.47213303],[13.61297812,52.47197375],[13.61272203,52.47176345],[13.61252861,52.47160498],[13.61227715,52.47139866],[13.61220794,52.47134175],[13.61213864,52.47128487],[13.61176012,52.4709742],[13.61159007,52.4708309],[13.61136605,52.47065092],[13.61149839,52.47062794],[13.61161738,52.47060828],[13.61166078,52.47060111],[13.61167426,52.47059588],[13.61178243,52.47057641],[13.61210654,52.47051908],[13.61212591,52.47051566],[13.61214892,52.47051086],[13.61240518,52.47045741],[13.61269033,52.47039803],[13.61301861,52.47032947],[13.61312125,52.47030807],[13.61349742,52.47022961],[13.61365265,52.47017991],[13.61365765,52.47017837],[13.6142894,52.46997634],[13.61506895,52.46971504],[13.6171233,52.4712076],[13.61767017,52.47108312],[13.61851892,52.47093135],[13.61868789,52.47090113],[13.61884604,52.47087282],[13.62056049,52.47057042],[13.62086672,52.47051638],[13.62095464,52.47050087],[13.62117176,52.47046258],[13.62117088,52.47037236],[13.62117045,52.47033018],[13.62116978,52.47026304],[13.62113515,52.47026271],[13.62105132,52.46953835],[13.62104723,52.46936637],[13.62104334,52.46920338],[13.62104009,52.46903714],[13.62103241,52.46886015],[13.62102779,52.46867037],[13.62102382,52.46849751],[13.62103277,52.46849742],[13.62113919,52.46849651],[13.62191918,52.4684862],[13.6219319,52.46840669],[13.62198936,52.46811654],[13.62200614,52.46804595],[13.62201111,52.46802403],[13.62201738,52.46784639],[13.62201989,52.46774053],[13.62202418,52.46756799],[13.62200317,52.46738765],[13.62198253,52.46720844],[13.62196189,52.46702924],[13.62195956,52.46700908],[13.62174665,52.46680168],[13.62138753,52.46663938],[13.62226209,52.46652106],[13.62269924,52.4664615],[13.62274326,52.46645574],[13.62283142,52.46649717],[13.62290221,52.46653043],[13.62295576,52.4665556],[13.6229679,52.46656331],[13.62302799,52.46660151],[13.62305526,52.46661885],[13.6231648,52.46664819],[13.62324565,52.46666986],[13.62340037,52.46671134],[13.62331808,52.46679839],[13.62321444,52.46689964],[13.62313715,52.46697747],[13.62303949,52.46706247],[13.62301863,52.46708416],[13.62297953,52.46715651],[13.62300197,52.46721639],[13.62305128,52.46734856],[13.62305439,52.46742082],[13.62298464,52.46749995],[13.62296677,52.46752016],[13.62284849,52.4676097],[13.62284219,52.46761515],[13.62280921,52.46764369],[13.62274525,52.467699],[13.62269311,52.46773015],[13.62267016,52.4677593],[13.62266287,52.467781],[13.62266594,52.4678104],[13.62268844,52.46783297],[13.62274877,52.46785332],[13.62282656,52.46786299],[13.62284478,52.46787236],[13.6228739,52.46788734],[13.62290985,52.46788933],[13.62292217,52.46789255],[13.62293245,52.46789798],[13.62293945,52.46790498],[13.62294288,52.46791293],[13.62294233,52.46792129],[13.62293782,52.46792897],[13.62292968,52.46793547],[13.62284518,52.46797062],[13.62275232,52.46800925],[13.62266474,52.46804044],[13.62260812,52.46806061],[13.62261778,52.46809401],[13.62266765,52.46816795],[13.62275881,52.46830315],[13.62283584,52.46841741],[13.62286704,52.46854095],[13.62287713,52.4686686],[13.62289746,52.4687933],[13.62293202,52.46879257],[13.62299922,52.46879116],[13.62312305,52.46878854],[13.62321087,52.4687867],[13.62520568,52.46874469],[13.62512516,52.4689076],[13.62470919,52.46906236],[13.62479581,52.47014927],[13.62480082,52.47017594],[13.62480971,52.47022324],[13.6248154,52.47025344],[13.62494787,52.47104181],[13.62501375,52.47148824],[13.62508071,52.47193737],[13.62521648,52.4728336],[13.62532571,52.47359366],[13.62532863,52.4736135],[13.62534179,52.47370523],[13.62681192,52.47362529],[13.62818406,52.47355428],[13.62944513,52.47411136],[13.63104261,52.47503512],[13.6319269,52.47522742],[13.63331521,52.47552444],[13.63466718,52.47581844],[13.63469862,52.47582535],[13.63615052,52.4761539],[13.63649656,52.47629086],[13.63689097,52.47644655],[13.63729796,52.47660697],[13.63739385,52.4766441],[13.63770438,52.47677032],[13.63816348,52.47695699],[13.63860776,52.47713835],[13.63913803,52.47735523],[13.63964472,52.47756203],[13.63984461,52.47764336],[13.6401942,52.47777663],[13.64094269,52.47806361],[13.64109707,52.47812077],[13.64179346,52.47840184],[13.64257084,52.47871435],[13.64268041,52.47880175],[13.64321515,52.47923229],[13.64324661,52.47922773],[13.64324939,52.47922732],[13.64325295,52.4792268],[13.64355629,52.47918233],[13.64413637,52.47909663],[13.64481187,52.478979],[13.64577681,52.47887218],[13.64728458,52.47881947],[13.64751752,52.47880498],[13.64757463,52.47880144],[13.64760912,52.47879703],[13.6478708,52.47877177],[13.64813874,52.47874659],[13.64830565,52.4787309],[13.64897355,52.47852621],[13.64976072,52.47828494],[13.65105397,52.47785358],[13.65232689,52.47746238],[13.65340904,52.47717501],[13.65462369,52.47686753],[13.65546429,52.47664552],[13.65565515,52.47656326],[13.65605645,52.47639028],[13.65681465,52.47597066],[13.65836355,52.47500181],[13.65860423,52.4749277],[13.65946692,52.47466208],[13.65995017,52.47451862],[13.6599886,52.474507],[13.66001913,52.47449776],[13.66074473,52.47427832],[13.66150501,52.47404837],[13.66265185,52.47375825],[13.66321602,52.47371049],[13.66381029,52.47366019],[13.66433153,52.47369465],[13.66462737,52.47377457],[13.66572392,52.47395118],[13.66664279,52.47415392],[13.66701763,52.4742366],[13.66723916,52.47428547],[13.66735733,52.47385385],[13.66755894,52.47373851],[13.66820755,52.47360026],[13.66894653,52.47344273],[13.66946451,52.47328382],[13.66957124,52.47325108],[13.67008444,52.47309363],[13.67063311,52.4728002],[13.67161169,52.47227678],[13.67251548,52.47182381],[13.67255785,52.47180258],[13.67325459,52.47145346],[13.67338106,52.47138994],[13.67395636,52.47116542],[13.6747784,52.47084275],[13.67523839,52.47066135],[13.67526209,52.47064839],[13.67539428,52.47057678],[13.67564891,52.47043764],[13.67586756,52.47031719],[13.67608681,52.47019794],[13.67630636,52.47007826],[13.67641077,52.47002235],[13.67665315,52.46993722],[13.67690841,52.46984757],[13.67697235,52.4698251],[13.6771635,52.46975793],[13.67741768,52.46966727],[13.67753271,52.46962679],[13.67767261,52.46957756],[13.67792766,52.46948781],[13.67818343,52.46939885],[13.67844783,52.46930476],[13.67858799,52.46925544],[13.67864421,52.46923565],[13.67881599,52.4690759],[13.67882671,52.46906594],[13.67883499,52.46905823],[13.67892098,52.46897827],[13.67896115,52.46894091],[13.67896539,52.46893696],[13.67897839,52.46892489],[13.6794066,52.46852666],[13.67968273,52.46827194],[13.67973607,52.46822274],[13.68002098,52.46795992],[13.68016404,52.46782794],[13.68046096,52.46762519],[13.68075012,52.46742773],[13.68082206,52.46737919],[13.68085131,52.46735927],[13.68094609,52.46729474],[13.68099775,52.46725956],[13.68128018,52.46706563],[13.68156057,52.46687404],[13.6816488,52.46681375],[13.68184501,52.4666839],[13.68213115,52.46649453],[13.68237635,52.46633226],[13.6824175,52.46630502],[13.68270307,52.46611602],[13.68273401,52.46609556],[13.68277442,52.46606881],[13.6830966,52.46598687],[13.68350715,52.46588228],[13.68376773,52.46581557],[13.68395113,52.46576905],[13.68405157,52.46574357],[13.68428017,52.46568559],[13.68434847,52.46566825],[13.68478299,52.46555801],[13.68508192,52.46548199],[13.6853849,52.46541171],[13.68568775,52.46534147],[13.68589437,52.46529354],[13.68625865,52.46520905],[13.6865652,52.46513795],[13.68688894,52.46511787],[13.68721317,52.46509776],[13.68753476,52.4650778],[13.68785789,52.46505775],[13.68822612,52.46503489],[13.68838795,52.46502486],[13.68859362,52.46502306],[13.68891809,52.46502022],[13.68919789,52.46501777],[13.68952193,52.46501493],[13.68979439,52.46501254],[13.68983054,52.46501223],[13.69004712,52.46496079],[13.69031053,52.46489823],[13.69057366,52.46483574],[13.69083762,52.46477305],[13.69097123,52.46474131],[13.6911053,52.46472415],[13.6913598,52.46469157],[13.6913854,52.46468829],[13.6914743,52.46467691],[13.69169868,52.46464818],[13.69232367,52.46456817],[13.692474,52.46454892],[13.69261367,52.46453653],[13.69290594,52.46451061],[13.69319822,52.46448471],[13.69349145,52.46445881],[13.69378278,52.46443287],[13.6940605,52.46440824],[13.69410943,52.46440391],[13.69434682,52.46436477],[13.69461752,52.46432015],[13.69490246,52.46427317],[13.69527569,52.46421163],[13.69532812,52.46420266],[13.69534292,52.46420012],[13.69542352,52.46418632],[13.69543342,52.46418463],[13.69535324,52.46401928],[13.69537885,52.4640176],[13.6956157,52.46400209],[13.69566197,52.46392401],[13.69576019,52.46376156],[13.69585951,52.46359761],[13.69592132,52.46349505],[13.69598853,52.46338889],[13.69604743,52.46329591],[13.69627534,52.46293598],[13.69631553,52.4628725],[13.69635638,52.46280798],[13.69645314,52.46265517],[13.69648989,52.46259714],[13.6965535,52.46250396],[13.69667026,52.46233287],[13.6966907,52.46230291],[13.69677186,52.46218397],[13.69681319,52.46212343],[13.6968545,52.46206289],[13.6968693,52.46204121],[13.69694252,52.46193393],[13.69705403,52.46177051],[13.69707961,52.46173302],[13.69713981,52.46156669],[13.69720921,52.46137492],[13.69730721,52.46110417],[13.69734245,52.46100671],[13.69740457,52.46083508],[13.69746597,52.4606654],[13.69752563,52.46050052],[13.69753203,52.46048286],[13.69754512,52.46036976],[13.69755034,52.4603248],[13.69755993,52.46025016],[13.69757871,52.46009359],[13.69759772,52.45993506],[13.6976166,52.45977769],[13.6976192,52.45975596],[13.69763154,52.45954084],[13.69764521,52.45930233],[13.69765591,52.45911309],[13.69766231,52.45900338],[13.69768,52.45870221],[13.6976881,52.4585494],[13.69768995,52.45851558],[13.69769101,52.45849601],[13.69773981,52.45842336],[13.69778634,52.45835412],[13.69783284,52.45828488],[13.69799434,52.45803518],[13.69802295,52.45799189],[13.69821255,52.45770492],[13.69822785,52.45768173],[13.69831561,52.45754892],[13.69832635,52.45753218],[13.69834884,52.4574971],[13.6983853,52.45744024],[13.69840702,52.45740637],[13.69848632,52.4572877],[13.69853421,52.45708062],[13.69858225,52.45687289],[13.6986513,52.45657751],[13.69867467,52.45647697],[13.69866804,52.45643713],[13.69857214,52.45586064],[13.69853896,52.45565625],[13.69853537,52.45563408],[13.69853218,52.45561451],[13.69852668,52.45560561],[13.69840596,52.45537209],[13.69839924,52.4553591],[13.69836322,52.45528949],[13.69834784,52.45525981],[13.69903151,52.45518217],[13.70023672,52.45498641],[13.70035196,52.45497606],[13.70085511,52.45493124],[13.70128171,52.45488684],[13.70134627,52.45488012],[13.70148632,52.45486554],[13.70149619,52.45486451],[13.70152828,52.45486426],[13.70165216,52.45486328],[13.70167022,52.45486313],[13.70171258,52.4548628],[13.70231555,52.45485803],[13.70258597,52.45485589],[13.70285638,52.45485374],[13.70312682,52.45485159],[13.70315228,52.4548514],[13.70339311,52.45483631],[13.70365853,52.45481967],[13.70384989,52.45480768],[13.70461453,52.45475976],[13.70471611,52.45489841],[13.70477091,52.45497322],[13.70479616,52.45500757],[13.70481445,52.45503247],[13.70491448,52.45516886],[13.70501315,52.45530373],[13.70503661,52.45533725],[13.70511067,52.45543631],[13.70522094,52.45558667],[13.70524248,52.45561589],[13.70526209,52.45574623],[13.70528684,52.45590836],[13.70531159,52.4560705],[13.70533496,52.4562236],[13.70535696,52.45636766],[13.70537895,52.45651171],[13.70540095,52.45665577],[13.70542198,52.45676535],[13.7054286,52.45680253],[13.70545423,52.45694639],[13.70547365,52.45705546],[13.70548057,52.45709435],[13.70548813,52.45713673],[13.70551534,52.45728953],[13.70554176,52.45743787],[13.70557085,52.45760121],[13.70557405,52.4576191],[13.70558826,52.45769888],[13.70558405,52.45774232],[13.70557075,52.45787966],[13.70556901,52.45789777],[13.70555492,52.45804319],[13.70553916,52.45820563],[13.70552397,52.45836214],[13.70551789,52.45842482],[13.70551627,52.45844152],[13.70551433,52.45846144],[13.70547936,52.45879158],[13.70547062,52.45883272],[13.70545692,52.45890031],[13.70544347,52.45896804],[13.70537981,52.45928572],[13.70533528,52.45950828],[13.70532835,52.45954068],[13.70532713,52.45954619],[13.70532071,52.45957645],[13.70530797,52.45964481],[13.70525925,52.45986726],[13.70501518,52.45989473],[13.70478226,52.45992081],[13.70454938,52.45994691],[13.70431647,52.459973],[13.70408349,52.45999919],[13.70384855,52.46001385],[13.70371768,52.46002202],[13.70335978,52.46004403],[13.7033183,52.4601281],[13.7032089,52.46036621],[13.70316702,52.46045751],[13.70297048,52.4611678],[13.70281296,52.46224298],[13.70256176,52.46331277],[13.70247804,52.46350221],[13.70234433,52.46380474],[13.70209644,52.46436555],[13.70207643,52.46439129],[13.70199006,52.46450241],[13.70197606,52.46452043],[13.7011737,52.46552946],[13.70099,52.46575958],[13.70065978,52.46617202],[13.70056576,52.46629896],[13.70009871,52.4669206],[13.69973106,52.46741031],[13.69960857,52.46757346],[13.6994478,52.4677881],[13.69933166,52.46794226],[13.69921547,52.46809703],[13.6990801,52.46827786],[13.69940595,52.46826993],[13.6998965,52.46825799],[13.70007267,52.46825371],[13.70012513,52.46825233],[13.7003532,52.46824635],[13.70069054,52.4682375],[13.70103034,52.4682286],[13.70125946,52.46822259],[13.70131015,52.46816853],[13.70155764,52.46790836],[13.70165337,52.46780772],[13.70171038,52.46774859],[13.70184743,52.4676035],[13.70191339,52.46753366],[13.70244817,52.46721395],[13.70353502,52.46662453],[13.70354593,52.46661964],[13.70357988,52.46660446],[13.70359051,52.4665997],[13.70376266,52.46651511],[13.70482517,52.46601773],[13.70531937,52.46575675],[13.70570054,52.4655587],[13.70664576,52.46517057],[13.70782048,52.46474195],[13.70791548,52.46470864],[13.7090639,52.46425797],[13.71035375,52.46375067],[13.71138105,52.46334288],[13.71150442,52.4632939],[13.71151712,52.46328886],[13.71154652,52.46328419],[13.71221386,52.46317788],[13.71335153,52.46299666],[13.71380738,52.46303966],[13.71472577,52.46302962],[13.71478212,52.46302498],[13.71596367,52.46291583],[13.71618879,52.46248896],[13.71665796,52.46184329],[13.71705266,52.46130689],[13.71739906,52.46083021],[13.71760485,52.46054648],[13.71775864,52.46035591],[13.71782952,52.46026807],[13.71849581,52.45944226],[13.71892553,52.45890962],[13.71908861,52.45869149],[13.71955012,52.45807415],[13.71957445,52.45804161],[13.71957717,52.4580382],[13.71964751,52.45794778],[13.71978477,52.45777149],[13.71990634,52.45761757],[13.72001944,52.45747008],[13.72013393,52.45732304],[13.72019673,52.45724238],[13.72024772,52.45717688],[13.72051671,52.45683925],[13.72058513,52.45675129],[13.72063812,52.45671425],[13.72065127,52.45670499],[13.7207771,52.4566164],[13.72081515,52.45658962],[13.72097923,52.45647421],[13.72130657,52.45624393],[13.72150137,52.45610689],[13.7216938,52.45597151],[13.72188702,52.45583557],[13.7220791,52.45570045],[13.72227259,52.45556464],[13.72231463,52.45553544],[13.72233759,52.45551948],[13.72236195,52.45550257],[13.72240896,52.45546946],[13.72242732,52.4554565],[13.72245178,52.45543912],[13.72247182,52.45542519],[13.72247681,52.4554215],[13.72251515,52.4553946],[13.72253632,52.45537974],[13.72258257,52.45534728],[13.72263237,52.45531245],[13.72268126,52.45527807],[13.72306151,52.45501072],[13.7231341,52.45495969],[13.72327202,52.45486269],[13.72327632,52.45485967],[13.72328302,52.45485496],[13.72346532,52.45472715],[13.72365856,52.45459146],[13.72385131,52.45445645],[13.7240444,52.45432103],[13.7242374,52.45418568],[13.72520058,52.45350521],[13.72577249,52.45310824],[13.72581948,52.45307558],[13.72714651,52.452143],[13.72788276,52.45162433],[13.72908022,52.45078309],[13.72987577,52.45069197],[13.73029433,52.45064387],[13.73034918,52.45063758],[13.73040632,52.45063101],[13.73061711,52.45060678],[13.73089387,52.45057496],[13.73126568,52.45053222],[13.73132836,52.45052501],[13.73142709,52.45051368],[13.73143794,52.45051135],[13.73171806,52.4504552],[13.7327157,52.45036011],[13.73301126,52.45043856],[13.73304165,52.45044662],[13.7334231,52.45054914],[13.73400271,52.45066573],[13.73435073,52.4507365],[13.73481031,52.45067136],[13.73486394,52.45066176],[13.73542107,52.45061943],[13.73556129,52.4506083],[13.73560896,52.4502561],[13.73584407,52.4501631],[13.73587174,52.45015213],[13.73624181,52.45000549],[13.73647392,52.44991229],[13.73658513,52.44989211],[13.73673744,52.44986466],[13.73677705,52.44985753],[13.73694136,52.44982791],[13.73715692,52.44978904],[13.73728184,52.44975905],[13.73756923,52.44968807],[13.73759069,52.44968289],[13.73775947,52.4496422],[13.73785694,52.44963059],[13.73814573,52.44959858],[13.73861112,52.44954701],[13.73886443,52.44951893],[13.73911777,52.44949086],[13.73940744,52.44945875],[13.73962905,52.44943419],[13.73969711,52.44942664],[13.73998679,52.44939454],[13.74027648,52.44936243],[13.74056615,52.44933032],[13.74078369,52.44930621],[13.74085771,52.4492953],[13.74114494,52.44925296],[13.74143217,52.44921063],[13.74165814,52.44917634],[13.74171896,52.44916624],[13.74200325,52.44911362],[13.74228791,52.44906149],[13.74240083,52.44904097],[13.74264906,52.44901258],[13.74309124,52.44896303],[13.74315006,52.44895643],[13.74330221,52.44893788],[13.74344203,52.44896594],[13.74354286,52.44898631],[13.74373166,52.44902448],[13.74402119,52.44908323],[13.74408527,52.44909634],[13.74427317,52.44913452],[13.7443096,52.44914193],[13.74443887,52.4491682],[13.74459946,52.44919918],[13.74478813,52.44923639],[13.74489376,52.4492145],[13.74508139,52.44917561],[13.74549001,52.44909093],[13.74550505,52.44908865],[13.74559118,52.44907611],[13.74567963,52.44906231],[13.74610511,52.4489959],[13.74646877,52.44893914],[13.74649489,52.4489365],[13.74677081,52.44890852],[13.74681628,52.44890392],[13.74689683,52.44889575],[13.74729878,52.44885499],[13.74756558,52.44882726],[13.74808665,52.44877289],[13.74837611,52.44874297],[13.74924824,52.44866842],[13.74935194,52.4486426],[13.74948933,52.44860839],[13.74990494,52.44847424],[13.74995479,52.44845395],[13.7502612,52.44832925],[13.75136093,52.44811299],[13.75141473,52.44810233],[13.75154141,52.44807723],[13.75182385,52.44802097],[13.75261185,52.44787021],[13.75325417,52.44767748],[13.75348556,52.44758718],[13.75397827,52.44730407],[13.75417393,52.44719164],[13.75431584,52.44708543],[13.75436251,52.44705049],[13.75461964,52.44685804],[13.75466192,52.44682614],[13.75468056,52.44681212],[13.75485289,52.4466825],[13.75486039,52.44667686],[13.75486621,52.44667254],[13.75487532,52.44666568],[13.75503707,52.44654397],[13.75505566,52.4465158],[13.7551092,52.44643463],[13.75516604,52.44634842],[13.75526488,52.44619855],[13.75537327,52.4460342],[13.7553945,52.44600201],[13.75557034,52.44603122],[13.7559249,52.44608936],[13.75635547,52.44615997],[13.75644215,52.44617419],[13.75639484,52.44610489],[13.75635357,52.44604555],[13.75629987,52.44596761],[13.75612389,52.44574216],[13.75611635,52.44573169],[13.75610961,52.44572234],[13.75605718,52.44564945],[13.75564408,52.44507524],[13.75562163,52.44504403],[13.75534729,52.44466272],[13.75498533,52.44414548],[13.75462102,52.44362487],[13.75437941,52.4432796],[13.75438396,52.44327868],[13.75444375,52.44326661],[13.75449445,52.44325639],[13.7545298,52.44324926],[13.75456348,52.44324246],[13.75461443,52.44323218],[13.7547967,52.44321193],[13.75484113,52.44320744],[13.75500064,52.44319113],[13.75527595,52.44316305],[13.75563897,52.44312601],[13.75567251,52.44312258],[13.75567485,52.44312231],[13.75674542,52.44300217],[13.75684051,52.44298959],[13.75708482,52.44296163],[13.75686374,52.44246936],[13.75652969,52.44161784],[13.75652014,52.44159322],[13.75638999,52.44125505],[13.75618184,52.44071421],[13.75584777,52.4398363],[13.75551998,52.43895878],[13.75544522,52.43875301],[13.75533469,52.43846174],[13.75531817,52.43841779],[13.75547099,52.43840335],[13.75623132,52.43833023],[13.75626863,52.43832665],[13.7575016,52.43820816],[13.75754654,52.43820384],[13.75803037,52.43815735],[13.75812345,52.43814841],[13.75949035,52.43801703],[13.75972544,52.43799443],[13.76093756,52.4378779],[13.76115913,52.43770854],[13.76094709,52.43732017],[13.76057611,52.43694295],[13.76031354,52.43662937],[13.76001936,52.4362145],[13.75998802,52.43617029],[13.75988196,52.43617886],[13.7592349,52.43623864],[13.75920803,52.43624111],[13.75905177,52.43625686],[13.75803957,52.43634988],[13.75798828,52.43635459],[13.75771496,52.43637971],[13.75757048,52.43639239],[13.75744719,52.43640377],[13.75716256,52.43643006],[13.75624944,52.43651663],[13.75610031,52.43653059],[13.75588716,52.43654987],[13.75585315,52.43655295],[13.75479307,52.43664888],[13.75466381,52.4366665],[13.75463041,52.43666871],[13.75459713,52.43667091],[13.75451159,52.43667656],[13.75444734,52.43668081],[13.75465191,52.43723036],[13.75498089,52.43811],[13.75505755,52.43831078],[13.75512105,52.43847924],[13.75522436,52.43875324],[13.7553115,52.43898889],[13.75563811,52.43986478],[13.75597528,52.44074897],[13.75630431,52.44161296],[13.75621523,52.44161094],[13.75614472,52.44160936],[13.75556832,52.44159696],[13.75525723,52.44158993],[13.75494623,52.44158286],[13.75483616,52.44157997],[13.75463605,52.44157583],[13.75432517,52.44156881],[13.75427982,52.44156779],[13.75401441,52.44156177],[13.7537026,52.44155485],[13.75344267,52.44154872],[13.75339235,52.44154765],[13.75308227,52.44154067],[13.75277486,52.44153371],[13.75246008,52.44152656],[13.75219747,52.44152061],[13.75214984,52.44151947],[13.7517851,52.4415113],[13.75142611,52.44150315],[13.75108386,52.44149532],[13.75076829,52.44148811],[13.75052937,52.44148315],[13.75050568,52.44148205],[13.75039345,52.44142259],[13.74979137,52.44110336],[13.74964231,52.44102455],[13.74960669,52.44100573],[13.74937334,52.44088208],[13.74913942,52.44075813],[13.748908,52.44063503],[13.74870373,52.44052727],[13.74867354,52.44051067],[13.74844216,52.44038804],[13.74774113,52.44001641],[13.74755705,52.43991867],[13.74750733,52.43989248],[13.74727402,52.43976879],[13.74704171,52.43964559],[13.7468562,52.43954706],[13.74650591,52.43936179],[13.74637924,52.43929452],[13.74631318,52.43925923],[13.74628384,52.43924356],[13.74617234,52.439184],[13.74617031,52.43918283],[13.74594131,52.43906153],[13.745708,52.43893746],[13.74547492,52.43881417],[13.74539382,52.43877119],[13.74524326,52.43869116],[13.74511441,52.43862311],[13.74498762,52.43855556],[13.74469629,52.4384011],[13.74442172,52.43825553],[13.74415696,52.43811552],[13.74410862,52.43808989],[13.7440722,52.43807057],[13.7438218,52.43705021],[13.74359995,52.43614554],[13.74359649,52.43613147],[13.74358555,52.43608687],[13.74334126,52.43509393],[13.74324505,52.43470293],[13.74331107,52.43467047],[13.74329297,52.4345943],[13.7432738,52.43451361],[13.74324465,52.43439094],[13.74308339,52.43373775],[13.74303727,52.43355096],[13.74295826,52.4332309],[13.74288586,52.43293773],[13.74281382,52.43294753],[13.7427306,52.43295883],[13.74199415,52.43300065],[13.74115297,52.43306985],[13.7403355,52.4331371],[13.740176,52.43314505],[13.7392351,52.4331919],[13.7389448,52.43322184],[13.73827628,52.43329079],[13.73825861,52.43321822],[13.73819633,52.43296237],[13.73736928,52.43304913],[13.73620021,52.43317136],[13.73520131,52.43325909],[13.73423587,52.43336608],[13.73335615,52.43347848],[13.73251198,52.43362925],[13.73142977,52.43380268],[13.73128886,52.43384128],[13.72988572,52.43422504],[13.72896207,52.43450373],[13.72811924,52.43479076],[13.72746439,52.43503241],[13.72657545,52.43540241],[13.72550838,52.43591364],[13.72441274,52.43650568],[13.72372136,52.4367806],[13.72280789,52.43714378],[13.72280205,52.4368253],[13.72346309,52.43656415],[13.72414775,52.43629344],[13.72522723,52.43570609],[13.72631695,52.43518367],[13.7272198,52.43481093],[13.72788841,52.43455414],[13.72875031,52.43426388],[13.72969315,52.43398197],[13.73062962,52.43373451],[13.73128826,52.43358847],[13.73138482,52.43356705],[13.73164887,52.43350848],[13.7317545,52.43348791],[13.73182099,52.43347495],[13.73239224,52.43336373],[13.73287407,52.43328398],[13.73324502,52.43322259],[13.73415257,52.43309862],[13.73513264,52.43299358],[13.73613468,52.43290216],[13.73725455,52.43278764],[13.7372887,52.43278323],[13.73793318,52.43271592],[13.73842348,52.43266253],[13.7394542,52.43253982],[13.7401045,52.43247281],[13.73991901,52.43172856],[13.73984593,52.43143529],[13.73979037,52.43121229],[13.73974389,52.431023],[13.73970407,52.43086076],[13.73967691,52.43075014],[13.73955769,52.43026448],[13.73954928,52.43023026],[13.73937556,52.42952255],[13.73933839,52.42947048],[13.7389674,52.42889469],[13.73894203,52.42885531],[13.73995725,52.42860731],[13.74132554,52.42827302],[13.74146171,52.42824661],[13.74161322,52.42821811],[13.7417253,52.42819544],[13.74168321,52.42805223],[13.74159604,52.42806084],[13.74158514,52.42801647],[13.74157693,52.42798303],[13.74148793,52.42762393],[13.74142967,52.42738872],[13.74136534,52.42712943],[13.74136013,52.42710822],[13.74133853,52.42702132],[13.74132471,52.42696559],[13.74127504,52.42676516],[13.74098864,52.4265707],[13.74092075,52.4265246],[13.74076738,52.42642045],[13.74055052,52.42646676],[13.74006521,52.42657036],[13.74000658,52.42658288],[13.73989542,52.42660661],[13.73961722,52.42666599],[13.73949115,52.42642437],[13.73868507,52.42655963],[13.73807614,52.42666561],[13.73785785,52.4266722],[13.7376593,52.42669422],[13.73335792,52.42259893],[13.73125633,52.42063143],[13.73114604,52.42052817],[13.73109962,52.42052665],[13.73106944,52.42050973],[13.7310653,52.42047202],[13.73114634,52.42033551],[13.73119326,52.42025005],[13.73126872,52.42016893],[13.73133136,52.42008586],[13.73136973,52.41999909],[13.7314024,52.41991145],[13.73142366,52.41982209],[13.73143095,52.41975908],[13.73143436,52.41972964],[13.73143668,52.41963967],[13.73143165,52.41954986],[13.73142517,52.41946008],[13.73141427,52.41937039],[13.73140483,52.41928068],[13.73140195,52.4192664],[13.73138933,52.41920395],[13.7313845,52.41918003],[13.73135334,52.41910022],[13.73130715,52.41901487],[13.73125956,52.41892982],[13.73120506,52.41884632],[13.73114644,52.41876373],[13.73109333,52.41867992],[13.73103884,52.41859642],[13.73098021,52.41851383],[13.73087509,52.41836808],[13.73077959,52.41824654],[13.73074695,52.41819842],[13.73082222,52.41817855],[13.73069882,52.41812096],[13.73063872,52.41803896],[13.73055397,52.41792451],[13.73048716,52.41783431],[13.73044849,52.41778773],[13.73041712,52.41773133],[13.73039453,52.41769071],[13.73036915,52.41764508],[13.73035951,52.41762848],[13.73030204,52.41752634],[13.73029325,52.4175112],[13.7302803,52.41748532],[13.73023682,52.41739837],[13.73023161,52.41738693],[13.73019359,52.41731192],[13.73018488,52.41729451],[13.73017618,52.4172771],[13.7301426,52.41720995],[13.73013297,52.41719071],[13.73008967,52.41710414],[13.73007234,52.4170695],[13.73005473,52.41703426],[13.73002588,52.41695572],[13.72997741,52.41681875],[13.72990004,52.41660205],[13.72985231,52.41647135],[13.72982004,52.41638298],[13.72980603,52.41634461],[13.72982691,52.41624378],[13.72984925,52.4161359],[13.72987167,52.41602756],[13.72989595,52.41591034],[13.72991082,52.41583857],[13.72992249,52.41582206],[13.72992833,52.41581379],[13.73014375,52.41550885],[13.73025581,52.41535023],[13.73026084,52.41534495],[13.73046303,52.41513229],[13.7304714,52.41512398],[13.73050602,52.41508764],[13.73067285,52.41492957],[13.73082948,52.41478943],[13.73094431,52.41465622],[13.73106079,52.41452313],[13.73127166,52.41433784],[13.7314425,52.41418866],[13.73165641,52.41406199],[13.73179269,52.41395079],[13.73195716,52.41381282],[13.73213686,52.41364439],[13.7322973,52.41348387],[13.73252454,52.41328949],[13.73274802,52.41306892],[13.7329275,52.41287341],[13.73310712,52.41268147],[13.73334795,52.41248282],[13.73349494,52.41227097],[13.733669,52.4120658],[13.73392818,52.41178609],[13.73407953,52.41155094],[13.73419549,52.41124435],[13.73432906,52.4109749],[13.73449683,52.41069589],[13.73461121,52.41057116],[13.73484354,52.41046067],[13.7349603,52.41041153],[13.73508728,52.41040836],[13.73561181,52.41033908],[13.73584691,52.41029866],[13.73592953,52.41024918],[13.73634503,52.41007035],[13.73682153,52.40985369],[13.73700183,52.40975418],[13.73717014,52.40964177],[13.73727741,52.40955972],[13.73739436,52.40941643],[13.73747981,52.40929133],[13.73758392,52.40910313],[13.73761971,52.4089892],[13.73765234,52.40887449],[13.73770306,52.40877686],[13.73777135,52.40866817],[13.73791097,52.40846813],[13.73824703,52.40812842],[13.73842359,52.40790234],[13.73844608,52.40786591],[13.73857292,52.40773456],[13.73892212,52.4074083],[13.73903466,52.40733566],[13.73873785,52.40714317],[13.73866229,52.40709103],[13.73856675,52.40702509],[13.73797522,52.40671835],[13.7370024,52.40645775],[13.73546948,52.4060151],[13.73536065,52.40598369],[13.73540028,52.40591068],[13.73540383,52.40585766],[13.73488808,52.40501724],[13.7347386,52.40470087],[13.73443789,52.4040018],[13.73435278,52.40379735],[13.73416358,52.40334315],[13.73415849,52.40306421],[13.73426852,52.40214557],[13.73426981,52.40213497],[13.73411678,52.40198099],[13.73351706,52.40150775],[13.73333439,52.40136655],[13.73316925,52.40124584],[13.73315013,52.40123812],[13.73291247,52.40114128],[13.73280938,52.40109922],[13.73251487,52.40094375],[13.73181677,52.40048012],[13.73158633,52.40027111],[13.73152938,52.40023198],[13.73133867,52.40010104],[13.73130556,52.40007833],[13.73113745,52.40000596],[13.73110718,52.40000059],[13.73101105,52.39998351],[13.7309552,52.39997358],[13.73083938,52.39995292],[13.73074745,52.39991013],[13.7302913,52.39966861],[13.73022657,52.39965347],[13.73019912,52.39964704],[13.73004414,52.39965509],[13.72988277,52.39969252],[13.72979028,52.39972171],[13.72976029,52.39974024],[13.72972478,52.39976217],[13.72964207,52.39981327],[13.72960513,52.39983609],[13.7295786,52.39986551],[13.72957019,52.39991036],[13.72956576,52.40002512],[13.72948258,52.40016267],[13.72946755,52.40018751],[13.7294078,52.40020247],[13.72937707,52.40019666],[13.72930237,52.40016635],[13.72923972,52.40013526],[13.72920205,52.40011657],[13.72911414,52.40009597],[13.72904892,52.40010223],[13.72897162,52.40009115],[13.7289329,52.40005479],[13.72905777,52.39992284],[13.72903293,52.39985673],[13.72901122,52.39981109],[13.72887007,52.39977285],[13.72886011,52.39977016],[13.72867993,52.39980904],[13.7286779,52.39980938],[13.72843848,52.39984951],[13.72843517,52.39985024],[13.72822703,52.39989633],[13.72818482,52.39991668],[13.72792225,52.40004325],[13.72780697,52.40009882],[13.72764763,52.40017563],[13.72761856,52.40018964],[13.72759825,52.40023594],[13.7274506,52.40023256],[13.72732089,52.40018019],[13.72724441,52.39995091],[13.72706797,52.39982551],[13.72691158,52.39977744],[13.72680598,52.39974497],[13.72680009,52.39974316],[13.72674336,52.39972186],[13.7264369,52.39960677],[13.72629108,52.39956997],[13.72579221,52.39953174],[13.72561732,52.39957322],[13.72551404,52.39964278],[13.72544366,52.39970449],[13.72542641,52.39967826],[13.72533663,52.39954263],[13.72504638,52.39936566],[13.72496091,52.39925672],[13.72490033,52.39910202],[13.7248237,52.39902651],[13.72478113,52.39898457],[13.7247489,52.39895282],[13.72473014,52.39893433],[13.72464208,52.39884755],[13.72438592,52.39880669],[13.72414075,52.39868441],[13.72399315,52.398641],[13.72395727,52.39863046],[13.72367869,52.39854855],[13.7233844,52.39833958],[13.72316791,52.39829483],[13.72294917,52.39829958],[13.72287243,52.39828122],[13.72278924,52.39825703],[13.72275455,52.39825918],[13.72270433,52.3982623],[13.72265509,52.39826544],[13.72253544,52.39827219],[13.72245255,52.39829715],[13.72234498,52.39832954],[13.72157978,52.39857352],[13.72127217,52.3986604],[13.72078046,52.39880099],[13.72034996,52.39892427],[13.72034439,52.39892584],[13.72028697,52.3989423],[13.72016805,52.39897636],[13.71984283,52.39906936],[13.71970267,52.39900314],[13.71942794,52.39888843],[13.71918351,52.39882054],[13.71878441,52.39876157],[13.71853714,52.39875125],[13.71840696,52.39876143],[13.71825301,52.39878106],[13.71805238,52.39881897],[13.71756661,52.39892667],[13.717418,52.39905573],[13.71734209,52.39915622],[13.71721635,52.39932265],[13.71700249,52.39960574],[13.7169775,52.39963881],[13.71669137,52.39972216],[13.71611382,52.39970086],[13.71606919,52.39969921],[13.7160455,52.39969834],[13.71591597,52.39969361],[13.71586982,52.39969392],[13.71548323,52.39945442],[13.71514528,52.39924504],[13.71492351,52.39919194],[13.71468725,52.39912071],[13.71446325,52.39905081],[13.71442793,52.39903978],[13.71441437,52.39903043],[13.71417279,52.39886378],[13.71416183,52.39885622],[13.71412733,52.39883242],[13.71404291,52.39875951],[13.71398883,52.39868442],[13.71404738,52.3986412],[13.7139081,52.39838964],[13.71380643,52.39820571],[13.71378314,52.39818282],[13.71376225,52.3981623],[13.71359366,52.39799667],[13.71344663,52.39794327],[13.71325311,52.39787304],[13.71314845,52.39785977],[13.71287664,52.39778428],[13.71282736,52.39778183],[13.71275015,52.39777797],[13.7127314,52.39777704],[13.71254411,52.397747],[13.71252399,52.39773779],[13.71251222,52.3977324],[13.71218828,52.39758409],[13.71216476,52.39757332],[13.71206749,52.39752879],[13.71188376,52.39738438],[13.71175391,52.3972913],[13.71136535,52.39713666],[13.71101112,52.39676653],[13.71081689,52.39661194],[13.71059907,52.39647579],[13.7104728,52.39639681],[13.71033885,52.39630402],[13.71017947,52.39619362],[13.70985197,52.39637416],[13.70972235,52.39621703],[13.70938756,52.39591297],[13.70924979,52.39568885],[13.70883277,52.3954489],[13.70868479,52.3953744],[13.70857168,52.3953254],[13.70847976,52.39529898],[13.70838843,52.39527183],[13.70829768,52.39524394],[13.70820755,52.39521531],[13.70811805,52.39518595],[13.70802919,52.39515588],[13.70794099,52.39512508],[13.70760026,52.39515244],[13.70725607,52.39522388],[13.70655556,52.39511954],[13.70615966,52.39483321],[13.70564461,52.3942837],[13.70560817,52.39424466],[13.70545284,52.39407664],[13.70509805,52.3938994],[13.70476604,52.39370043],[13.70448535,52.39353834],[13.70426313,52.39348038],[13.70380728,52.39336149],[13.70368799,52.39333036],[13.7035374,52.39329108],[13.70329314,52.3932647],[13.70267114,52.39337058],[13.70259194,52.39338369],[13.7024942,52.39337231],[13.7023476,52.39332823],[13.70211655,52.3931942],[13.7018694,52.39305083],[13.70184052,52.39303407],[13.70170832,52.39287141],[13.70169959,52.39286068],[13.70153536,52.39266452],[13.70133668,52.39242721],[13.70119246,52.39225497],[13.70115445,52.39221965],[13.70097334,52.39205397],[13.70079974,52.39189584],[13.70065302,52.39174207],[13.70054078,52.39162526],[13.70043696,52.39150997],[13.70037427,52.39143741],[13.70035192,52.39139665],[13.70028008,52.3912699],[13.7001503,52.39114527],[13.69999104,52.39109193],[13.69960296,52.39096196],[13.69925388,52.39077676],[13.69896332,52.39066628],[13.69869962,52.39059624],[13.69839911,52.39074803],[13.69840134,52.3908352],[13.69841114,52.39099986],[13.69841942,52.39113912],[13.69844562,52.39118829],[13.69851176,52.39131246],[13.6985473,52.39137915],[13.69874669,52.39143032],[13.69901708,52.3917947],[13.69901653,52.39182495],[13.69901383,52.39191251],[13.6987717,52.39190282],[13.69874356,52.39189546],[13.69826904,52.39177141],[13.69814245,52.39167557],[13.69809614,52.39164052],[13.69803734,52.39159601],[13.69798505,52.39143283],[13.69798223,52.391424],[13.69793988,52.39140177],[13.6977423,52.39129803],[13.69772527,52.39126448],[13.69765299,52.39112213],[13.6977941,52.39101552],[13.69786428,52.39096249],[13.69776445,52.39086383],[13.6976637,52.39076424],[13.69760988,52.39071104],[13.69758151,52.39067164],[13.69753794,52.39060875],[13.69749828,52.3905566],[13.6974818,52.39022154],[13.69739695,52.39003659],[13.69739259,52.39002714],[13.69738189,52.39000398],[13.69734388,52.38992161],[13.69682371,52.38968832],[13.69646986,52.38938202],[13.69639634,52.38932249],[13.69628802,52.38923478],[13.69620958,52.38914735],[13.69604027,52.38902792],[13.69596841,52.38898379],[13.69541806,52.38888155],[13.69479045,52.38840749],[13.69467645,52.38832137],[13.69434395,52.38802231],[13.69415942,52.38785632],[13.69361208,52.38756603],[13.6934688,52.38747049],[13.69318692,52.38722489],[13.69302407,52.38708302],[13.69298929,52.38705664],[13.69285447,52.38696953],[13.69241326,52.38668444],[13.6906896,52.38555277],[13.69060555,52.38549759],[13.69052972,52.38546712],[13.69040816,52.3854183],[13.68975532,52.38519987],[13.68970077,52.38519456],[13.68937688,52.38515824],[13.68893408,52.3850251],[13.68887103,52.38503301],[13.68869438,52.38541834],[13.68847985,52.38557154],[13.68844671,52.38562275],[13.68840635,52.38568516],[13.68834092,52.38578292],[13.68832179,52.38581089],[13.68818457,52.38592846],[13.68811718,52.38599738],[13.68806399,52.38603432],[13.68805068,52.38604874],[13.6880295,52.38606982],[13.68802487,52.38607262],[13.68799843,52.38601755],[13.68791277,52.38583872],[13.68774513,52.38548783],[13.68771408,52.38542306],[13.68768038,52.38535231],[13.68759306,52.38516961],[13.68750568,52.38518511],[13.68715834,52.38524666],[13.68683115,52.3853045],[13.68664513,52.3850279],[13.68656828,52.38478826],[13.68630499,52.3843174],[13.68612205,52.38399029],[13.68617931,52.38386265],[13.68642649,52.38386711],[13.6866155,52.38386863],[13.68701319,52.38387881],[13.68703739,52.38387925],[13.68706084,52.38387967],[13.68708722,52.38382109],[13.68731113,52.38332296],[13.68733849,52.38330622],[13.68735859,52.38329392],[13.68737222,52.38328558],[13.68742901,52.38325081],[13.68791479,52.38295346],[13.68882463,52.38310501],[13.68886757,52.38311216],[13.6897213,52.38325435],[13.68974235,52.38324502],[13.69064902,52.38284297],[13.69155268,52.38245458],[13.69183079,52.38233322],[13.69196574,52.3822743],[13.69218743,52.38217755],[13.69244042,52.38206713],[13.69335485,52.38168284],[13.69427437,52.38128461],[13.69516534,52.38095493],[13.69624824,52.38115239],[13.69735295,52.38132879],[13.69831987,52.38148711],[13.69840457,52.38148938],[13.69870746,52.38149721],[13.69876406,52.38149868],[13.69883463,52.38150098],[13.69880973,52.38112327],[13.69851497,52.38068928],[13.69850262,52.38067115],[13.69844998,52.38057009],[13.69841991,52.38051242],[13.69840647,52.38048658],[13.69833374,52.38034696],[13.69831206,52.38030534],[13.69825168,52.38018943],[13.69821552,52.38012001],[13.69818195,52.38005558],[13.69814382,52.37998239],[13.69810833,52.37991427],[13.69810286,52.37989935],[13.6980753,52.37982423],[13.69804993,52.3797551],[13.69802566,52.37968892],[13.69800314,52.37962756],[13.6979822,52.37957048],[13.69795849,52.37950587],[13.69793368,52.37943828],[13.69791525,52.37938803],[13.69789001,52.37931924],[13.6978692,52.37926253],[13.69785773,52.37923126],[13.69783793,52.37917728],[13.69782488,52.37914174],[13.69780324,52.37908277],[13.69779083,52.37904892],[13.69778138,52.3790218],[13.69776006,52.3789605],[13.69773749,52.37889566],[13.69769774,52.37878137],[13.69767542,52.37871725],[13.69765521,52.37865917],[13.69764233,52.37862214],[13.69762158,52.37856248],[13.69760192,52.378506],[13.6975888,52.37846826],[13.69756846,52.37840982],[13.69755232,52.37836343],[13.697537,52.37831939],[13.69752111,52.37827371],[13.69750201,52.37821882],[13.69748777,52.37817791],[13.69747513,52.37814157],[13.69747345,52.37813751],[13.6974502,52.37808138],[13.69742978,52.37803209],[13.69741017,52.37798476],[13.69738483,52.3779236],[13.69737523,52.37789708],[13.69735729,52.37784756],[13.69733811,52.3777946],[13.69733342,52.37778165],[13.69731652,52.37773498],[13.69730464,52.37770218],[13.69729678,52.37768032],[13.69729048,52.37766281],[13.69727537,52.37762084],[13.69725469,52.37756333],[13.69725014,52.37755072],[13.69723371,52.37750516],[13.69720939,52.37743775],[13.69757199,52.37748969],[13.69766114,52.37750246],[13.69817842,52.37757655],[13.69828052,52.37759161],[13.69835048,52.37760192],[13.69839421,52.37760806],[13.69859094,52.37763564],[13.69867115,52.37764713],[13.69929272,52.37773616],[13.69942249,52.37751358],[13.69993042,52.3775183],[13.70040575,52.37750668],[13.70061977,52.37719264],[13.7004972,52.3768674],[13.70030309,52.3763524],[13.69995661,52.37558991],[13.69921647,52.37491258],[13.69917177,52.3747025],[13.69889757,52.37448573],[13.69871481,52.37415513],[13.69864123,52.3740991],[13.69861662,52.37407987],[13.69853931,52.3739945],[13.69829166,52.37372101],[13.69797256,52.37341577],[13.69751164,52.37314443],[13.69739091,52.37307336],[13.69723619,52.37283893],[13.69704246,52.37254436],[13.6967495,52.37232985],[13.69644008,52.37210779],[13.6963226,52.37200046],[13.69622055,52.37190724],[13.69592615,52.37157814],[13.69575088,52.37137055],[13.69560104,52.37120987],[13.6955218,52.37115061],[13.69551857,52.37114782],[13.69547771,52.37111802],[13.69535182,52.37098275],[13.69525916,52.37088304],[13.69509048,52.37070269],[13.69486549,52.37057036],[13.69470526,52.37044068],[13.69455366,52.37029482],[13.69431178,52.37015917],[13.69393237,52.36994641],[13.69369611,52.36973841],[13.69348029,52.36963527],[13.69322478,52.36951328],[13.69296236,52.36927663],[13.69285328,52.3691782],[13.69278782,52.36909708],[13.69270112,52.36894103],[13.69267862,52.36882188],[13.69270255,52.36872004],[13.69277469,52.36855995],[13.69279312,52.36851528],[13.69297167,52.36833724],[13.69306708,52.36802814],[13.69308316,52.36797797],[13.6925828,52.36796819],[13.69250147,52.36796707],[13.69207977,52.36794025],[13.69201591,52.36793615],[13.69167329,52.36786238],[13.69162512,52.36785208],[13.69127663,52.36777758],[13.6913135,52.36759945],[13.6914261,52.36748903],[13.69155258,52.36744268],[13.69161415,52.36743043],[13.69212439,52.36732895],[13.69224246,52.36725699],[13.69220261,52.36720875],[13.69201745,52.36718594],[13.69193717,52.36719983],[13.69188892,52.36723912],[13.69147559,52.36729668],[13.691427,52.36739961],[13.69097497,52.36760242],[13.6905983,52.36773642],[13.69054283,52.36775453],[13.69030082,52.36781047],[13.69021289,52.36783082],[13.68999213,52.3678552],[13.68989447,52.36784025],[13.68970196,52.3678107],[13.68926319,52.36784562],[13.68952954,52.36766098],[13.68927992,52.36752838],[13.68891757,52.36741255],[13.68802399,52.36734346],[13.68722146,52.36730208],[13.68682241,52.36762392],[13.68668457,52.36773633],[13.68536753,52.36851884],[13.68475336,52.36881615],[13.6838441,52.36914704],[13.68336777,52.36932071],[13.68282992,52.3695087],[13.68215133,52.36963978],[13.68149219,52.36956774],[13.68141081,52.36954468],[13.681289,52.36958383],[13.68113965,52.36956135],[13.6810331,52.3694664],[13.68079147,52.36948566],[13.68076403,52.36950319],[13.68070442,52.3695087],[13.68047829,52.36948687],[13.68011852,52.36942099],[13.67999475,52.36941862],[13.67996203,52.36943372],[13.67968161,52.36943655],[13.67948839,52.36943367],[13.67934233,52.36946007],[13.67920872,52.36944529],[13.67906135,52.36935478],[13.67890291,52.36933049],[13.67840606,52.36919087],[13.67812853,52.36902502],[13.67784615,52.368857],[13.67758713,52.36869229],[13.67749264,52.3686172],[13.67741712,52.36857203],[13.6773402,52.36856721],[13.67724017,52.36852348],[13.6771197,52.3684618],[13.67707425,52.36839901],[13.67698426,52.36839536],[13.67691903,52.36835161],[13.67673474,52.36832294],[13.67661156,52.36818944],[13.67642476,52.36813408],[13.67629915,52.36806206],[13.67613593,52.36795832],[13.67587495,52.36787711],[13.67556475,52.36775969],[13.67542049,52.36768085],[13.67503278,52.36756076],[13.67492497,52.36752181],[13.67484218,52.36752229],[13.67465683,52.3674643],[13.67457515,52.36740745],[13.67441828,52.3673465],[13.67417573,52.36732601],[13.67403809,52.36725094],[13.67395615,52.3672303],[13.67389714,52.36723904],[13.67288758,52.36701145],[13.67227673,52.36689594],[13.67181857,52.36678495],[13.67150589,52.36665674],[13.67135709,52.36656917],[13.67118273,52.36648206],[13.67091883,52.36624329],[13.67067942,52.36584258],[13.67041668,52.36528774],[13.67010818,52.36491149],[13.67000895,52.36477061],[13.66990038,52.36469408],[13.66952361,52.36460319],[13.66945871,52.36460681],[13.66934697,52.36456595],[13.66917694,52.36452584],[13.66890765,52.36447301],[13.66847756,52.36420985],[13.66835796,52.36409685],[13.66825145,52.36401384],[13.66807938,52.36382923],[13.66774688,52.36351049],[13.66754792,52.36329569],[13.66717564,52.36297265],[13.66705835,52.36281605],[13.66689671,52.36263951],[13.66682972,52.36257951],[13.66673079,52.36242533],[13.66666438,52.36236136],[13.6666367,52.36228031],[13.66658082,52.3621609],[13.66648346,52.36196277],[13.66643579,52.36183509],[13.66640283,52.36174649],[13.66635163,52.36162428],[13.66634457,52.36159247],[13.66631996,52.36134193],[13.66628708,52.3611747],[13.66627241,52.36101672],[13.66620513,52.36079306],[13.66614926,52.36070662],[13.66616334,52.36051952],[13.66599317,52.36014573],[13.66581515,52.3598388],[13.66575023,52.35962646],[13.66577206,52.3594088],[13.66584692,52.35908057],[13.66601956,52.35860844],[13.66604716,52.35844353],[13.66607844,52.35830215],[13.66615099,52.35817811],[13.66620228,52.3580893],[13.66587396,52.35812096],[13.66551543,52.35818147],[13.66518707,52.35817537],[13.66490537,52.35812667],[13.66478717,52.35807701],[13.66472314,52.35805025],[13.66463255,52.35801226],[13.66442828,52.35790593],[13.66416838,52.35778011],[13.66397188,52.3576469],[13.66363468,52.35740759],[13.66315222,52.357056],[13.66300428,52.3568941],[13.66283848,52.35660946],[13.66282024,52.3565594],[13.66278376,52.35645588],[13.66270172,52.35628418],[13.66260339,52.35611741],[13.66243865,52.35586161],[13.66238349,52.3557022],[13.66240162,52.35543933],[13.66244729,52.35527603],[13.66252384,52.35521408],[13.66255157,52.35519044],[13.66268592,52.35508184],[13.66218784,52.35478911],[13.66198618,52.35460692],[13.66194735,52.35451275],[13.66203153,52.35448562],[13.66222336,52.35442379],[13.66219897,52.35439818],[13.66216666,52.35436387],[13.662023,52.35421427],[13.66186212,52.35418737],[13.66159696,52.35406163],[13.66142138,52.35400201],[13.66107097,52.35389661],[13.66088434,52.35376986],[13.66037757,52.35360456],[13.66011656,52.35351234],[13.65995979,52.3534927],[13.65957116,52.35330822],[13.65947644,52.35322619],[13.65929172,52.35308893],[13.65896673,52.35280926],[13.65916414,52.35264151],[13.65911827,52.35253521],[13.6589843,52.35235919],[13.65842396,52.35213648],[13.65823432,52.3521057],[13.65789247,52.35204702],[13.65766567,52.35196917],[13.65750713,52.3519108],[13.65721114,52.35173051],[13.65708631,52.35161442],[13.65697679,52.35134422],[13.65697016,52.35129803],[13.65696191,52.35125247],[13.65689975,52.35091899],[13.65686602,52.35073666],[13.65681851,52.35057725],[13.65680741,52.35043867],[13.65675482,52.34994019],[13.65678786,52.349752],[13.65677222,52.34961369],[13.65663264,52.34936003],[13.65655241,52.34921294],[13.65638481,52.34899514],[13.65617788,52.34874123],[13.65600923,52.3484767],[13.65594872,52.34817386],[13.6561696,52.34798266],[13.65611357,52.34781381],[13.6560275,52.34770923],[13.65599637,52.34767221],[13.65598668,52.34765729],[13.65572104,52.34738739],[13.65557653,52.34721866],[13.65533665,52.34705084],[13.65527513,52.34701455],[13.65522729,52.34698698],[13.65518015,52.34695913],[13.65487879,52.34678225],[13.65448797,52.34648452],[13.65423882,52.34627824],[13.65393305,52.34609606],[13.65363063,52.34589644],[13.65350332,52.34573489],[13.65329762,52.34555691],[13.65313283,52.34528257],[13.65276305,52.34478371],[13.65257003,52.34442303],[13.65245866,52.34419389],[13.65230073,52.34385117],[13.65210868,52.3436437],[13.65179773,52.34333661],[13.65152462,52.34300549],[13.65115088,52.34260676],[13.65129904,52.34176162],[13.6516946,52.33946701],[13.65139942,52.33924671],[13.65094473,52.33894593],[13.65069263,52.33885755],[13.65010877,52.33871882],[13.6488995,52.33835679],[13.64884859,52.33833964],[13.64871082,52.3383526],[13.64842248,52.33827429],[13.64773864,52.33824557],[13.64744067,52.33827231],[13.64590796,52.33863662],[13.64550792,52.33878507],[13.64534765,52.33899906],[13.64523064,52.33915258],[13.64467965,52.33969447],[13.64449559,52.33991602],[13.64281713,52.33994125],[13.6424986,52.34025646],[13.64142772,52.34131594],[13.64097285,52.3417659],[13.64085844,52.34188354],[13.63870383,52.34319324],[13.63832499,52.34357238],[13.63716718,52.34473103],[13.63682453,52.34522776],[13.63643774,52.34644233],[13.63631847,52.34681667],[13.63670104,52.34814371],[13.63779315,52.34821344],[13.63796711,52.3530885],[13.63809348,52.35657129],[13.63813662,52.35709485],[13.63822723,52.35727134],[13.63830176,52.35774826],[13.63856242,52.35816397],[13.63871904,52.35875294],[13.63846566,52.35916204],[13.63843542,52.35973522],[13.63870814,52.3602434],[13.63898582,52.36064085],[13.63908515,52.36098125],[13.63986658,52.36169248],[13.64024098,52.36193337],[13.64113091,52.3630798],[13.64114412,52.36309669],[13.64168045,52.36332938],[13.64373936,52.36426911],[13.64473605,52.36480619],[13.64609903,52.36527454],[13.6466966,52.36576288],[13.64694485,52.36607821],[13.64718985,52.36702058],[13.64726475,52.36801917],[13.64706928,52.36852741],[13.64686614,52.36895341],[13.64674266,52.369587],[13.64683071,52.37015639],[13.6435381,52.37046721],[13.64348128,52.37048124],[13.64339182,52.37050242],[13.64327799,52.37052937],[13.64296893,52.37060255],[13.64226334,52.37076964],[13.64220727,52.37078174],[13.64209775,52.37081034],[13.64216165,52.37090074],[13.64244928,52.37131058],[13.64249567,52.37137664],[13.64253477,52.37143235],[13.64266371,52.37191428],[13.64270885,52.37208269],[13.6427397,52.37219804],[13.64283323,52.3725477],[13.64284279,52.37258341],[13.64284267,52.37265639],[13.6428437,52.37331557],[13.64284419,52.37362785],[13.64284293,52.37376957],[13.64284905,52.37382814],[13.64284871,52.37394661],[13.64284745,52.37413129],[13.64283857,52.37432038],[13.64284532,52.37438821],[13.64283673,52.37450208],[13.64283474,52.37468775],[13.64283025,52.37475664],[13.64282732,52.37487333],[13.64282078,52.37505495],[13.64281961,52.37508883],[13.64281174,52.37523882],[13.64270884,52.37700904],[13.64269652,52.37722108],[13.64268981,52.3773438],[13.64268453,52.37738758],[13.64267757,52.37750707],[13.64254486,52.37748904],[13.64162149,52.37736347],[13.64118444,52.37730405],[13.64077619,52.37724853],[13.64068955,52.37723675],[13.64051957,52.37721401],[13.64023261,52.37717563],[13.63937716,52.37706122],[13.63909736,52.3770238],[13.63906422,52.37701936],[13.63875433,52.3769778],[13.63846736,52.37693931],[13.63817956,52.37690072],[13.63806918,52.37688591],[13.63789264,52.37686235],[13.63700276,52.37674355],[13.6369178,52.3767322],[13.63683284,52.37672085],[13.63645211,52.37667002],[13.63590032,52.37659683],[13.63518255,52.37650163],[13.63502535,52.37648078],[13.63483334,52.37645531],[13.63441964,52.37640091],[13.6340324,52.37634999],[13.63328324,52.37625121],[13.63323883,52.37624563],[13.633223,52.37624355],[13.63317538,52.37629603],[13.6324635,52.37708438],[13.6319488,52.37764107],[13.631934,52.37765711],[13.63185692,52.37774008],[13.63182575,52.37777534],[13.63175614,52.37785093],[13.63173312,52.3778746],[13.63081757,52.37886593],[13.62984949,52.37991236],[13.62970643,52.38006649],[13.62967727,52.38009789],[13.62961837,52.38016136],[13.6293706,52.38042934],[13.62933887,52.38046366],[13.62856162,52.38130414],[13.62851373,52.38135588],[13.62806655,52.38120118],[13.62761797,52.38104598],[13.62755392,52.38102382],[13.62730066,52.38093642],[13.62708354,52.3808612],[13.62701964,52.38083906],[13.62680253,52.38076385],[13.62663652,52.38070634],[13.62657041,52.3806826],[13.62627298,52.38057581],[13.62593706,52.3804552],[13.6259054,52.38044382],[13.62587374,52.38043245],[13.62553807,52.38031192],[13.62520802,52.38019322],[13.62490477,52.38008411],[13.62478185,52.38004025],[13.62469609,52.38000979],[13.62445438,52.3799227],[13.62444953,52.37992099],[13.62421399,52.37983832],[13.62397727,52.3797541],[13.62369555,52.37965404],[13.62367946,52.37964832],[13.62359663,52.37961919],[13.62333511,52.37952573],[13.62307416,52.37943298],[13.62304022,52.37942282],[13.62283816,52.3793502],[13.62281338,52.37934069],[13.62270214,52.37930393],[13.62263116,52.37927893],[13.62206649,52.37908452],[13.62159005,52.37891607],[13.62154065,52.37890171],[13.62039835,52.37848327],[13.62029911,52.37845303],[13.61990757,52.37831502],[13.61887107,52.37796918],[13.61881673,52.37794896],[13.61841325,52.37781055],[13.61700985,52.37732024],[13.6169862,52.37731213],[13.61690471,52.37728419],[13.61688164,52.37727627],[13.61527677,52.37672262],[13.61510713,52.3766615],[13.6144535,52.37643898],[13.61431901,52.37639531],[13.6136092,52.37615118],[13.6131888,52.37600989],[13.61304809,52.3759575],[13.61286353,52.37589347],[13.61250852,52.37577026],[13.61248504,52.37576218],[13.61215703,52.37564926],[13.61197812,52.37558794],[13.6119324,52.37557225],[13.61114426,52.37530261],[13.61001885,52.37490603],[13.60978384,52.37482259],[13.60921319,52.37461007],[13.60740116,52.37399074],[13.60736459,52.37397811],[13.60617033,52.37370281],[13.60581976,52.37362358],[13.60587721,52.37373118],[13.60595257,52.37385017],[13.60598314,52.37390913],[13.60602548,52.37397466],[13.60605195,52.37402516],[13.60617966,52.37423343],[13.6062083,52.37427869],[13.60630376,52.37444477],[13.60634201,52.37451274],[13.6064134,52.37463753],[13.60643262,52.37467034],[13.60645241,52.37470416],[13.60650462,52.37479339],[13.60657999,52.37492483],[13.60659369,52.37494408],[13.60660742,52.37499367],[13.6066242,52.37503106],[13.60663617,52.37505775],[13.60665181,52.37511117],[13.60671001,52.37526578],[13.60676684,52.37541059],[13.60676935,52.37546919],[13.60677256,52.37551495],[13.60680855,52.37602843],[13.60664025,52.37643263],[13.60653014,52.37669601],[13.60650794,52.37675469],[13.60571046,52.37769464],[13.60547213,52.37797338],[13.6056937,52.37813902],[13.60632603,52.37860615],[13.60636394,52.37888291],[13.60637908,52.37898788],[13.60638174,52.37900625],[13.60639778,52.37911789],[13.60636166,52.37914223],[13.60595078,52.37972496],[13.60543269,52.38037652],[13.60485916,52.38094425],[13.60439451,52.38127056],[13.60415228,52.38141271],[13.60371844,52.38166589],[13.60345782,52.38196334],[13.60319423,52.38238585],[13.60300326,52.38284122],[13.60247939,52.38319385],[13.60214589,52.38341095],[13.60191222,52.38355752],[13.60168171,52.38374154],[13.6013832,52.38393848],[13.60100302,52.38404778],[13.60074883,52.38415502],[13.60047447,52.38431715],[13.60031685,52.3845078],[13.59973283,52.38501414],[13.59952884,52.38528137],[13.59938312,52.38540515],[13.59926166,52.38542653],[13.59897866,52.38540597],[13.59876343,52.38543847],[13.5982803,52.38551329],[13.59715579,52.385736],[13.59611988,52.38598471],[13.59603927,52.38607937],[13.59599424,52.38613221],[13.59588232,52.38623897],[13.59568672,52.38644046],[13.59534225,52.38678907],[13.59496533,52.38720989],[13.59490668,52.3875554],[13.5952492,52.38815968],[13.59527641,52.38847766],[13.59520347,52.38874419],[13.59501863,52.38894352],[13.59467036,52.38897977],[13.59431535,52.38892011],[13.59430886,52.38893487],[13.59425254,52.38906278],[13.59404628,52.38952959],[13.59388364,52.38967635],[13.59367609,52.38995954],[13.59365488,52.39019441],[13.59365343,52.39021046],[13.5936515,52.39023178],[13.59370076,52.39049112],[13.59385356,52.39083834],[13.59390137,52.39116748],[13.59391109,52.39121767],[13.59397081,52.39152603],[13.59399173,52.39163401],[13.5942311,52.39211763],[13.59414109,52.39244184],[13.59409078,52.39255129],[13.59358541,52.39301585],[13.59333092,52.39329652],[13.59300093,52.39355605],[13.59295154,52.39359492],[13.59288459,52.39366061],[13.59285746,52.39368722],[13.59276258,52.3937848],[13.59269519,52.39381299],[13.59242142,52.39375333],[13.59209169,52.39368143],[13.59170982,52.39359819],[13.59159739,52.39357425],[13.59060835,52.39335699],[13.59030288,52.39326452],[13.58995128,52.39315808],[13.5882682,52.39264854],[13.58801117,52.39257073],[13.58782801,52.39251527],[13.58732489,52.39240604],[13.5864931,52.39222541],[13.58599847,52.39211608],[13.58532858,52.39196799],[13.58523438,52.39194716],[13.5851522,52.39192899],[13.58507399,52.39191169],[13.5850583,52.39190824],[13.58505124,52.39190669],[13.58474522,52.39184277],[13.5844392,52.39177885],[13.58413318,52.39171494],[13.583813,52.39164856],[13.58347907,52.39157955],[13.58304705,52.39149021],[13.58289613,52.39145907],[13.58256575,52.39139443],[13.58225885,52.39133367],[13.58194916,52.39127235],[13.58165906,52.39121491],[13.58163682,52.39121142],[13.58133207,52.39116744],[13.58111779,52.39113195],[13.58086856,52.3910906],[13.58067235,52.3910579],[13.58054757,52.39103708],[13.58019737,52.39097868],[13.58006774,52.39095707],[13.57993809,52.39093545],[13.5795818,52.39088064],[13.57925392,52.39083027],[13.57894087,52.39078194],[13.57873983,52.3907476],[13.57865782,52.39073359],[13.57837527,52.39068486],[13.57809417,52.39063639],[13.57783069,52.39059044],[13.57756796,52.39054459],[13.57753798,52.39053977],[13.57718262,52.39048341],[13.57689796,52.39043827],[13.5766922,52.39040578],[13.57661381,52.39039375],[13.57588875,52.39028345],[13.57561132,52.39024189],[13.57539205,52.39021942],[13.57505893,52.39018527],[13.57472513,52.39015147],[13.57451114,52.39012962],[13.57437117,52.39011536],[13.57434223,52.39010942],[13.57403341,52.39004583],[13.57373444,52.38998417],[13.57343493,52.38992263],[13.57340713,52.38991692],[13.57313537,52.38986112],[13.57287025,52.38980667],[13.57283615,52.38979909],[13.57254967,52.38973548],[13.57230448,52.38968103],[13.57226272,52.38967226],[13.57218644,52.38965482],[13.57197637,52.38960913],[13.57166184,52.389537],[13.57082145,52.38935076],[13.57080853,52.38934789],[13.5707194,52.38932971],[13.57058814,52.38930293],[13.57055793,52.38929648],[13.57052682,52.38929042],[13.57046593,52.389278],[13.57026328,52.38923942],[13.56998707,52.38918313],[13.56971071,52.38912682],[13.56942833,52.38906926],[13.56929234,52.38904152],[13.56861128,52.38890997],[13.56802484,52.38879349],[13.56793211,52.38877844],[13.56762397,52.38872847],[13.56737541,52.38869215],[13.56713303,52.38865153],[13.56697718,52.38862541],[13.56689602,52.38861359],[13.56680334,52.38860005],[13.56646361,52.38855075],[13.56577422,52.38845069],[13.56466211,52.38822535],[13.56443264,52.38818504],[13.56438913,52.38817714],[13.56418687,52.3881404],[13.56415904,52.38813535],[13.56399343,52.38813489],[13.5639579,52.38813479],[13.56374707,52.38813256],[13.56348223,52.38813079],[13.56335848,52.38812996],[13.56327563,52.38813123],[13.56321695,52.38813214],[13.56295257,52.38813623],[13.56275677,52.38813925],[13.56270287,52.38814008],[13.56267705,52.38814048],[13.56245742,52.38814391],[13.56213598,52.38814845],[13.56182416,52.38815402],[13.56155911,52.38815876],[13.56148521,52.38816018],[13.56113988,52.38816637],[13.560844,52.38817155],[13.56070121,52.3881759],[13.56061669,52.38817847],[13.56035271,52.38818653],[13.56008873,52.38819456],[13.55982475,52.3882026],[13.559559,52.38821068],[13.55947717,52.38821315],[13.55894288,52.38822981],[13.55885507,52.38823283],[13.55879659,52.38823478],[13.55864943,52.38823947],[13.55835124,52.38824882],[13.55694274,52.38829375],[13.55577449,52.38833102],[13.55435435,52.3883763],[13.55400629,52.3883874],[13.55394768,52.38838935],[13.55368342,52.3884032],[13.55335188,52.3884207],[13.55163279,52.38851129],[13.55065008,52.38854678],[13.54941254,52.38859146],[13.5487829,52.3886142],[13.54745007,52.38866232],[13.54700851,52.3886782],[13.54591095,52.3887178],[13.54537319,52.38873226],[13.54441782,52.38875613],[13.54416928,52.38876351],[13.5427208,52.38880158],[13.54210372,52.38881776],[13.54207742,52.38881846],[13.54188237,52.38882354],[13.54174635,52.38882713],[13.53723036,52.38894547],[13.53689927,52.38895412],[13.53665317,52.38896056],[13.53549219,52.38899096],[13.53539309,52.38925528],[13.53535912,52.3893462],[13.53509724,52.3900448],[13.53508337,52.39008163],[13.53505516,52.3901571],[13.53501655,52.39026009],[13.53489091,52.39059517],[13.53482459,52.39077224],[13.53482652,52.3909039],[13.53483341,52.39138837],[13.53483408,52.39143564],[13.5348402,52.39145758],[13.53490185,52.39190732],[13.53493067,52.39210784],[13.53494456,52.39220491],[13.5349531,52.39226423],[13.53496599,52.39235383],[13.53498409,52.39247966],[13.5350239,52.39275751],[13.53508065,52.39315272],[13.5350858,52.3931886],[13.53510298,52.39330815],[13.5351107,52.39333978],[13.53515163,52.3935067],[13.53523252,52.39368293],[13.53536682,52.39400788],[13.53537038,52.39402061],[13.53538652,52.39407839],[13.53539352,52.39410315],[13.5354447,52.39428661],[13.53557558,52.39474754],[13.53560117,52.39484697],[13.53562743,52.39493632],[13.53565078,52.39501138],[13.53565472,52.39502486],[13.53571369,52.39522451],[13.53572628,52.39526571],[13.53573041,52.39528895],[13.53582991,52.39561833],[13.53591892,52.39577796],[13.53607969,52.39605578],[13.53613808,52.39615821],[13.53623721,52.39633175],[13.53634131,52.39651399],[13.53640506,52.39662434],[13.53640711,52.39662884],[13.53648787,52.39679336],[13.53654185,52.39690313],[13.53659438,52.39701029],[13.5366036,52.39702836],[13.53669269,52.39721019],[13.53652938,52.39747548],[13.53636683,52.39772567],[13.5363056,52.3978233],[13.53693868,52.3979732],[13.53720976,52.39803722],[13.53707533,52.39825172],[13.53708543,52.39826988],[13.53724352,52.39855506],[13.53735828,52.39876507],[13.53741085,52.3988548],[13.53746226,52.39892682],[13.53750871,52.39899264],[13.53764539,52.39918344],[13.53765492,52.39919666],[13.53776876,52.3993559],[13.53791745,52.39956405],[13.53801871,52.39970583],[13.53810572,52.39982759],[13.53811818,52.39984512],[13.53812417,52.39985369],[13.53813826,52.39987384],[13.53818421,52.39994094],[13.53818737,52.39994556],[13.53820973,52.39997784],[13.53823494,52.40005292],[13.53832964,52.40033471],[13.53836878,52.40045102],[13.53839842,52.4005392],[13.53843184,52.40063331],[13.53836191,52.40060044],[13.53830261,52.40057257],[13.53819217,52.40052065],[13.53814129,52.40049674],[13.53811095,52.40048248],[13.53779562,52.40033424],[13.53775945,52.40031724],[13.53753122,52.40020995],[13.53726731,52.40008632],[13.53705698,52.3999874],[13.53701262,52.39998646],[13.53699306,52.39997869],[13.53687946,52.39993352],[13.53682768,52.39991369],[13.53658283,52.39981994],[13.53648568,52.39978274],[13.53647356,52.3997781],[13.53640339,52.39975117],[13.53600055,52.39959657],[13.53557467,52.39943609],[13.53537412,52.39936728],[13.53506214,52.3992619],[13.53485496,52.39920656],[13.53452489,52.39911284],[13.53413022,52.39900082],[13.53382378,52.39891377],[13.53368709,52.39886999],[13.53346705,52.39878336],[13.53292597,52.3985704],[13.53287225,52.39854929],[13.53286431,52.39854618],[13.53284817,52.39853979],[13.5325697,52.39842993],[13.53234365,52.3983406],[13.53223135,52.39829629],[13.53213007,52.39825631],[13.53193367,52.39817878],[13.53173564,52.39810286],[13.53164669,52.39806873],[13.53154408,52.3980274],[13.5314773,52.39800057],[13.53134782,52.39794915],[13.53133843,52.39794554],[13.53114555,52.39787062],[13.53099289,52.39781289],[13.53077403,52.39773012],[13.53062415,52.39767339],[13.53054591,52.3976425],[13.53038166,52.39757767],[13.53016809,52.39749346],[13.52988861,52.39738314],[13.52969255,52.39730157],[13.52940856,52.39744202],[13.52938599,52.39745316],[13.52932602,52.39748282],[13.52910996,52.39758967],[13.52903294,52.39762776],[13.5289204,52.39768295],[13.52873229,52.39777626],[13.52854346,52.39786982],[13.52835476,52.39796312],[13.52816081,52.39805904],[13.52796679,52.39815497],[13.5278325,52.39822136],[13.52779823,52.39823822],[13.52778206,52.39824629],[13.52777258,52.39825101],[13.52765083,52.39831122],[13.52738357,52.39844337],[13.52732787,52.39847091],[13.52718847,52.39853984],[13.52698996,52.39863801],[13.52678877,52.39873765],[13.5265885,52.39883653],[13.52638802,52.39893565],[13.52581726,52.39907875],[13.52540519,52.39918204],[13.52536098,52.39919309],[13.52528791,52.3992114],[13.52527961,52.39921348],[13.52522705,52.39922666],[13.52460083,52.39938362],[13.52396467,52.39962428],[13.52369235,52.39972719],[13.52356984,52.39977357],[13.52350099,52.39979957],[13.52306602,52.39996412],[13.52305061,52.39996992],[13.52281839,52.4000577],[13.52263017,52.40015246],[13.52248976,52.4002231],[13.52244395,52.40024618],[13.52241361,52.40026143],[13.52229748,52.40031986],[13.52218632,52.40037579],[13.52179753,52.40057134],[13.52148004,52.40062878],[13.52130959,52.40065961],[13.52127584,52.40066572],[13.52113981,52.40069035],[13.52109406,52.40069862],[13.52107229,52.40070256],[13.52105272,52.40070608],[13.52104541,52.40070681],[13.52103684,52.40070768],[13.52101012,52.40071054],[13.52089455,52.40072179],[13.52088658,52.40072258],[13.52086375,52.40072485],[13.52084225,52.40072698],[13.52082779,52.40072935],[13.52058589,52.40076881],[13.52044087,52.40079246],[13.52037684,52.40080285],[13.52035637,52.40080613],[13.52034223,52.40080847],[13.52011445,52.40084559],[13.51994776,52.40087277],[13.5198983,52.40088095],[13.51986382,52.40088667],[13.51978802,52.40089919],[13.5196488,52.40092138],[13.51909921,52.40101093],[13.51862722,52.40109245],[13.51859929,52.40110077],[13.51810686,52.40125462],[13.51786643,52.40132357],[13.51763011,52.40139672],[13.51739482,52.40146954],[13.51734507,52.40148944],[13.51713925,52.40154864],[13.51686139,52.40160712],[13.51648315,52.40168825],[13.51643992,52.4016999],[13.51633483,52.40172146],[13.5160032,52.40178774],[13.51600118,52.40183583],[13.51599155,52.402047],[13.51598487,52.40218557],[13.51617146,52.40230805],[13.51640733,52.40246294],[13.51644576,52.40248814],[13.51666653,52.40263312],[13.51671993,52.40266822],[13.51692544,52.40280312],[13.51697957,52.40283866],[13.51686468,52.4030138],[13.51676439,52.40316648],[13.51665171,52.40333398],[13.51704182,52.40356494],[13.51712633,52.40361498],[13.51754712,52.40386305],[13.51836277,52.40439095],[13.51876985,52.40466416],[13.51933076,52.4049402],[13.51905334,52.40512346],[13.51946464,52.4054142],[13.51981302,52.40566012],[13.52062201,52.40623285],[13.52070665,52.40629332],[13.5205953,52.40640474],[13.52062127,52.40642346],[13.52097551,52.40667908],[13.52101599,52.40671498],[13.52166644,52.40729259],[13.52174362,52.40738698],[13.52178878,52.40744224],[13.52224267,52.40832226],[13.522339,52.4085445],[13.52261339,52.40927455],[13.52274133,52.40960528],[13.52279886,52.40975456],[13.52281335,52.40979218],[13.52301345,52.41030998],[13.52312158,52.41059071],[13.52320728,52.41081323],[13.52318476,52.41083208],[13.52308389,52.41091647],[13.52293385,52.41104053],[13.52305755,52.41118326],[13.52318271,52.41132752],[13.5233274,52.41149394],[13.52335818,52.41152934],[13.52348038,52.4116699],[13.52337455,52.41177527],[13.52330687,52.41184265],[13.52325634,52.4118932],[13.52318312,52.41196656],[13.52301358,52.41213536],[13.52325452,52.41229481],[13.52325511,52.41229527],[13.52344298,52.4124196],[13.523446,52.4124216],[13.52344333,52.41242444],[13.52325418,52.41262508],[13.52322663,52.41265435],[13.5232549,52.412694],[13.52342537,52.41293258],[13.52359753,52.41317347],[13.52378721,52.41334408],[13.52406331,52.41359239],[13.52403418,52.41360387],[13.52380412,52.41369371],[13.52375837,52.41371146],[13.52352684,52.41380203],[13.52348888,52.41381674],[13.52345109,52.41383153],[13.52318705,52.41393464],[13.52315512,52.41394711],[13.52291579,52.41404063],[13.52267615,52.41413424],[13.52262674,52.41415352],[13.5225868,52.41432252],[13.5225143,52.41434663],[13.52226763,52.41442792],[13.52226086,52.41443017],[13.5223404,52.41454626],[13.5224315,52.4146788],[13.52252259,52.41481152],[13.52261341,52.41494415],[13.52270466,52.4150767],[13.52279224,52.41520475],[13.52292655,52.41540042],[13.52296083,52.41545041],[13.52292011,52.41551652],[13.52280578,52.41570208],[13.52249877,52.41625476],[13.52236943,52.41656747],[13.5222225,52.41692213],[13.5221473,52.41720884],[13.522143,52.41722554],[13.52213094,52.41735063],[13.52213339,52.4178706],[13.52214839,52.41811766],[13.52215634,52.41829668],[13.52212324,52.4184319],[13.52159109,52.41889819],[13.52084538,52.4195434],[13.52064819,52.42019027],[13.52050362,52.42083627],[13.52018111,52.42102749],[13.52010711,52.42111576],[13.51991295,52.42134726],[13.51975605,52.42137552],[13.51948283,52.42142353],[13.51890884,52.42201991],[13.51880112,52.42213196],[13.51873483,52.42218663],[13.51868211,52.42222971],[13.51865103,52.42225512],[13.51864808,52.42226437],[13.51854839,52.42257018],[13.51854795,52.42257154],[13.5185395,52.42259759],[13.51853575,52.4226091],[13.51845864,52.42284608],[13.51843775,52.42290969],[13.51851435,52.42302219],[13.51878826,52.42342513],[13.51905387,52.42381466],[13.51914786,52.42395271],[13.51917129,52.42399092],[13.51960647,52.42463053],[13.51957568,52.42471183],[13.51956201,52.42471344],[13.51967319,52.4248806],[13.51977278,52.42503059],[13.51987252,52.42518067],[13.51997227,52.42533074],[13.52007188,52.42548082],[13.52020208,52.42567667],[13.52021498,52.42569969],[13.52023269,52.42572747],[13.52028495,52.42582286],[13.52041052,52.42604909],[13.52042704,52.42609062],[13.52044709,52.42618545],[13.52045696,52.42624225],[13.52046033,52.42624207],[13.52046087,52.42624576],[13.52050445,52.42654218],[13.52050676,52.42655917],[13.52050339,52.42655934],[13.52045573,52.4265673],[13.52043378,52.42659145],[13.52033524,52.42660754],[13.52029759,52.42661569],[13.52028023,52.42661944],[13.52023197,52.42663522],[13.52013943,52.42666784],[13.52012103,52.4266743],[13.51999568,52.42671705],[13.5199492,52.42672654],[13.51989934,52.42673665],[13.51976699,52.42675432],[13.51936503,52.42676932],[13.51859652,52.42681266],[13.51789931,52.42685192],[13.51737897,52.42688172],[13.51723959,52.42688941],[13.51711887,52.42689604],[13.51685804,52.4269135],[13.51653074,52.42693692],[13.51621931,52.4269599],[13.51588906,52.4269888],[13.51558143,52.42702087],[13.51524072,52.42705946],[13.51486618,52.42710188],[13.51470132,52.42712491],[13.51440573,52.42716381],[13.51409161,52.42720952],[13.51376158,52.42725954],[13.51342023,52.42731475],[13.51310343,52.42736989],[13.51269809,52.42744364],[13.51243377,52.42749622],[13.51211547,52.42756053],[13.5118007,52.42762628],[13.51148916,52.42769239],[13.51139693,52.42771261],[13.51112521,52.42778064],[13.51082967,52.42785665],[13.51056514,52.42793124],[13.51032329,52.42799661],[13.51014556,52.42804604],[13.50999565,52.42808769],[13.50975686,52.42815601],[13.50972127,52.42816731],[13.50957604,52.428212],[13.50955911,52.42821719],[13.50932945,52.4282885],[13.5090977,52.42836161],[13.50892864,52.42841518],[13.50892143,52.4284175],[13.50868908,52.42849708],[13.50858196,52.42853597],[13.50825792,52.42864906],[13.50791724,52.42877471],[13.50763926,52.42887975],[13.50739333,52.42897504],[13.50722746,52.429041],[13.50714653,52.42907301],[13.50691221,52.42917297],[13.50668848,52.4292689],[13.50667597,52.42927428],[13.50642235,52.42938716],[13.50619199,52.42949135],[13.50597,52.42959582],[13.50575962,52.42969689],[13.50520242,52.42996727],[13.50459647,52.4302614],[13.50438728,52.43036292],[13.50400452,52.4305489],[13.50356535,52.43076215],[13.50302813,52.4310231],[13.5025585,52.43125114],[13.50176318,52.431637],[13.50125539,52.43188368],[13.50088276,52.43206464],[13.5007529,52.43212776],[13.50072346,52.4321422],[13.50048274,52.43225913],[13.50029825,52.43234871],[13.50025909,52.43236772],[13.50007152,52.432459],[13.49999246,52.43249729],[13.49987158,52.43255594],[13.49976763,52.4326065],[13.49966824,52.43265484],[13.49956386,52.4327055],[13.49946432,52.43275383],[13.49926586,52.43285031],[13.49905825,52.4329511],[13.49886538,52.43304489],[13.49867176,52.43313905],[13.498536,52.43320548],[13.49847476,52.43323103],[13.4983581,52.43325921],[13.49821995,52.43328467],[13.49806564,52.43331299],[13.49797397,52.43333689],[13.49789376,52.43337065],[13.49788579,52.433374],[13.49776771,52.43342662],[13.4978044,52.43344958],[13.4977302,52.43348382],[13.49759724,52.43354838],[13.49753057,52.4335697],[13.4974898,52.43360311],[13.49748753,52.43360497],[13.4972162,52.43382763],[13.49718702,52.43384908],[13.4970876,52.43390936],[13.49622844,52.43432729],[13.49603629,52.43442053],[13.49507697,52.43488614],[13.4950007,52.43492057],[13.49492239,52.4349496],[13.49483705,52.43497044],[13.49479556,52.43498055],[13.4946649,52.43500799],[13.49458207,52.43502866],[13.49451598,52.43505006],[13.49444149,52.43508063],[13.49425374,52.43517181],[13.49413152,52.43523108],[13.49382789,52.43537848],[13.49381803,52.43538331],[13.49351602,52.4355299],[13.49339114,52.43559051],[13.493214,52.43567649],[13.49296793,52.43579592],[13.49291183,52.43582318],[13.49261158,52.43596924],[13.49253883,52.4360042],[13.49233252,52.43610435],[13.4923094,52.436116],[13.49212312,52.43620601],[13.49200531,52.43626321],[13.49190415,52.43631225],[13.49175233,52.43638596],[13.49168414,52.43641904],[13.49149845,52.43650923],[13.4912674,52.43662135],[13.49124591,52.43663179],[13.49080118,52.43684804],[13.49036365,52.43705997],[13.489903,52.43728456],[13.48968932,52.43739089],[13.48967239,52.43739932],[13.489655,52.43740792],[13.48945236,52.43750736],[13.48938343,52.43754313],[13.48935838,52.43756026],[13.4893171,52.43759608],[13.48929866,52.43761672],[13.48920144,52.43771699],[13.48915619,52.43775325],[13.48914778,52.43775997],[13.48909048,52.43779244],[13.48906308,52.43780768],[13.48897516,52.43785162],[13.48714398,52.43874068],[13.48583441,52.43937645],[13.48480993,52.43987381],[13.48473939,52.43990526],[13.4846362,52.4399366],[13.48463016,52.43993803],[13.48450728,52.43996673],[13.48439603,52.43999148],[13.48433054,52.44000794],[13.48427491,52.44002441],[13.48425546,52.4400332],[13.48420333,52.44005659],[13.48413205,52.44009038],[13.48393572,52.44018603],[13.48390538,52.44020082],[13.48360772,52.44034623],[13.48331034,52.44049163],[13.48301105,52.44063784],[13.48269968,52.44078996],[13.48241409,52.44092963],[13.48211258,52.44107691],[13.48210374,52.44108247],[13.48165155,52.44130335],[13.4816187,52.44131939],[13.4791391,52.44253069],[13.47906986,52.44256826],[13.47881509,52.44268044],[13.47880593,52.44268448],[13.47874746,52.4427102],[13.47868546,52.44273744],[13.47854744,52.44280467],[13.47849758,52.44280461],[13.47846516,52.44282515],[13.47845939,52.44282881],[13.4784267,52.44284945],[13.47840325,52.44286865],[13.47838465,52.44288894],[13.47837875,52.44289514],[13.4783516,52.44292404],[13.4782688,52.44301218],[13.47823871,52.44303865],[13.47816084,52.44310406],[13.47808863,52.44314612],[13.47802322,52.44318046],[13.47689744,52.44372701],[13.47667625,52.44383524],[13.476601,52.44386551],[13.47653932,52.44388359],[13.47647014,52.44390003],[13.47638802,52.44391584],[13.47633005,52.443927],[13.47626999,52.44394085],[13.4762114,52.44395929],[13.47616663,52.44397577],[13.47611906,52.44399575],[13.47586393,52.44411881],[13.47505534,52.44450869],[13.47479357,52.44463444],[13.47470901,52.44467576],[13.47450631,52.44477283],[13.47337876,52.44531695],[13.47271758,52.44563807],[13.47247127,52.44575755],[13.47187771,52.44604561],[13.47018213,52.44686879],[13.46951332,52.44719357],[13.46810682,52.44787656],[13.46755752,52.44814328],[13.46675704,52.44853105],[13.46614159,52.44882947],[13.46598025,52.4489104],[13.46582845,52.44899099],[13.46561508,52.44910186],[13.46538663,52.44922906],[13.4651645,52.4493579],[13.46493706,52.44949634],[13.46493336,52.4494985],[13.46472947,52.44962843],[13.46455372,52.44974358],[13.46434834,52.44987846],[13.46422108,52.44996761],[13.46408495,52.45006448],[13.46391461,52.45019167],[13.46376207,52.45031198],[13.4634968,52.45057069],[13.46328606,52.45080216],[13.46306175,52.45107793],[13.46300936,52.45112441],[13.4629397,52.4511475],[13.46285904,52.45112276],[13.46274949,52.45123494],[13.46266561,52.45120284],[13.46265627,52.45122277],[13.46265574,52.4512491],[13.46264239,52.45127613],[13.4626375,52.45128601],[13.46261848,52.45133685],[13.46258511,52.45144895],[13.4625643,52.45150815],[13.46230096,52.45183822],[13.46221082,52.4519507],[13.46204066,52.4521825],[13.46178347,52.45255553],[13.46170752,52.45264646],[13.46149477,52.45281592],[13.46146821,52.45283898],[13.46144533,52.45286141],[13.46140646,52.45290997],[13.46134492,52.45300048],[13.46073492,52.45389819],[13.46067457,52.45398699],[13.46065748,52.45401215],[13.46056941,52.45414168],[13.4604876,52.45427578],[13.46044167,52.45435107],[13.46035923,52.45448611],[13.46003053,52.45497155],[13.45901424,52.4564716],[13.45890512,52.45657848],[13.45879467,52.4567257],[13.45754522,52.4582787],[13.45749238,52.45835851],[13.45744267,52.45843366],[13.45743601,52.45844374],[13.45728582,52.45867104],[13.4572308,52.45878374],[13.45718817,52.45885207],[13.45701747,52.4590551],[13.45698049,52.45910816],[13.45697487,52.45915335],[13.45699458,52.45919643],[13.45704034,52.45923181],[13.45712321,52.45925683],[13.45722971,52.45925877],[13.45726949,52.45920643],[13.45733881,52.45923637],[13.45832328,52.45920785],[13.45840759,52.45920537],[13.45856458,52.45920082],[13.45861726,52.45919964],[13.45957933,52.45917872],[13.46065515,52.45915058],[13.46888752,52.45893494],[13.47172036,52.45885978],[13.47179156,52.4588579],[13.47189604,52.45884968],[13.47210967,52.45884438],[13.472215,52.4588492],[13.47337911,52.45880947],[13.47496972,52.45876451],[13.47496781,52.45880747],[13.47496702,52.45882475],[13.47495348,52.45912718],[13.4749522,52.45915613],[13.47495091,52.45918569],[13.47495177,52.45919316],[13.47497994,52.45947276],[13.47517338,52.45990536],[13.47522156,52.45997012],[13.47523439,52.45999023],[13.47528113,52.46006339],[13.47533246,52.46014829],[13.47534373,52.46016691],[13.47538118,52.46022903],[13.47539362,52.46024965],[13.47579799,52.4609132],[13.47715121,52.46195682],[13.47719744,52.46199292],[13.47735817,52.46222661],[13.47740709,52.46229773],[13.47759253,52.46257107],[13.47804266,52.46323454],[13.47854932,52.46398129],[13.47848868,52.4648645],[13.47848682,52.46489209],[13.47847914,52.46498671],[13.47841405,52.4651332],[13.47833912,52.46523097],[13.47785932,52.46568922],[13.47778322,52.46576111],[13.47770882,52.46583246],[13.47764536,52.46589304],[13.47635103,52.46713056],[13.47618031,52.46726586],[13.47559925,52.46765173],[13.47558107,52.4676671],[13.47506656,52.46810224],[13.47506547,52.46810316],[13.47503905,52.4681255],[13.47503087,52.46813345],[13.47503047,52.46813383],[13.47497248,52.46819021],[13.47491889,52.46824218],[13.47367736,52.46944388],[13.47320591,52.46990006],[13.47308589,52.47001466],[13.47294991,52.47014443],[13.47291728,52.47017558],[13.47265363,52.47042422],[13.47241057,52.47065344],[13.47233822,52.47072318],[13.47219574,52.47086039],[13.4719744,52.47107363],[13.47182203,52.47122027],[13.47135638,52.47166869],[13.47097815,52.4720329],[13.47058775,52.47244478],[13.47012875,52.47292855],[13.47012038,52.47293816],[13.47010133,52.47295817],[13.46994615,52.47314524],[13.4697961,52.47333313],[13.46969454,52.47350761],[13.46961831,52.47366971],[13.46958708,52.47380258],[13.46960715,52.47399421],[13.46997854,52.47483693],[13.47029078,52.47572602],[13.47032779,52.4758442],[13.47038332,52.47602145],[13.4704783,52.47646362],[13.47050018,52.47656097],[13.47052754,52.47668817],[13.47055418,52.47681392],[13.47057328,52.47690633],[13.47004708,52.4772775],[13.46813252,52.47862788],[13.46755764,52.47903151],[13.46695619,52.47945531],[13.46597991,52.48014326],[13.46596368,52.48015474],[13.46579664,52.48027215],[13.46515929,52.48071998],[13.46493057,52.48088071],[13.4646375,52.48108673],[13.4641114,52.48145643],[13.46396205,52.48156137],[13.46390893,52.48159868],[13.46376327,52.48170101],[13.4637255,52.48172757],[13.46355828,52.48184623],[13.46327876,52.48204472],[13.46273061,52.48242985],[13.46236923,52.48268375],[13.46192014,52.4830008],[13.46173639,52.4831304],[13.46121542,52.48349678],[13.46115934,52.48353651],[13.46118108,52.48370126],[13.46097375,52.48384688],[13.46092973,52.48387781],[13.46088907,52.48390636],[13.46056103,52.48413676],[13.45997207,52.48455041],[13.45985441,52.48463324],[13.45956148,52.4848394],[13.45954775,52.4848328],[13.45946258,52.48489289],[13.45939751,52.48493872],[13.45939515,52.48493746],[13.45911692,52.48513234],[13.45873785,52.48539897],[13.45859994,52.48549595],[13.45859015,52.48550283],[13.45858942,52.48550247],[13.4585794,52.48550452],[13.45856051,52.48551797],[13.45832035,52.48568829],[13.45822765,52.48575403],[13.45813427,52.48581966],[13.45784055,52.48559703],[13.45764186,52.48544653]],[[13.43362386,52.64213201],[13.43358504,52.64189144],[13.43379299,52.64194658],[13.43392549,52.64198172],[13.43404516,52.64216747],[13.43399463,52.64216321],[13.43362386,52.64213201]]],[[[13.39290585,52.64564889],[13.39278577,52.64549475],[13.39270047,52.64558166],[13.39274416,52.64564377],[13.39284736,52.64566164],[13.3929209,52.64566613],[13.39290585,52.64564889]]],[[[13.39306648,52.64600885],[13.39305803,52.64590891],[13.3930177,52.64593001],[13.39302076,52.64600562],[13.39309016,52.64603357],[13.39306648,52.64600885]]],[[[13.50467248,52.61953392],[13.50477532,52.61958274],[13.50480797,52.61959825],[13.50484398,52.61961534],[13.50537001,52.61985366],[13.50543971,52.61988293],[13.50545215,52.61988816],[13.50544846,52.61983433],[13.5054381,52.61968578],[13.50506014,52.6195621],[13.5049998,52.6195421],[13.50495234,52.6195264],[13.50494326,52.6195234],[13.50365135,52.61909585],[13.50345717,52.61899977],[13.50344004,52.61899427],[13.50345213,52.61900381],[13.50349261,52.61903622],[13.50359607,52.61911907],[13.50376563,52.61920569],[13.50467248,52.61953392]]]]}}]}
