{"type":"FeatureCollection","features":[{"type":"Feature","properties":{"name":"West Berlin side reconstruction","classification":"derived-administrative-reconstruction","source":"ALKIS Berlin Ortsteile WFS","sourceCheckedAt":"2026-08-30","ortsteilCount":52,"accuracy":"Not a parcel-exact 1989 legal boundary"},"geometry":{"type":"Polygon","coordinates":[[[13.18256123,52.41061037],[13.1811378,52.41014075],[13.17995734,52.40974689],[13.17856538,52.40928329],[13.17736377,52.40888145],[13.1759985,52.40842045],[13.17501595,52.40808923],[13.17468176,52.40797733],[13.17418594,52.4078113],[13.17304075,52.40742782],[13.17178741,52.4070127],[13.17055864,52.40661041],[13.16932482,52.40620347],[13.16835489,52.40587899],[13.16733469,52.40555191],[13.16631948,52.40519043],[13.16546886,52.40490526],[13.16461813,52.40461173],[13.16394479,52.40438522],[13.16316939,52.40412804],[13.16237824,52.40386642],[13.16118936,52.40347087],[13.16021062,52.40314522],[13.15935101,52.40285864],[13.15934993,52.40285823],[13.15935291,52.40284071],[13.15935732,52.40281233],[13.1592337,52.40277509],[13.15926983,52.40198908],[13.15927858,52.40181316],[13.15928784,52.40162701],[13.15929149,52.40155996],[13.15930896,52.40121682],[13.159312,52.40114126],[13.1593141,52.40111592],[13.15932234,52.40040567],[13.15938877,52.39990655],[13.15922268,52.3995422],[13.15877349,52.39890025],[13.15843527,52.39826529],[13.15825501,52.39800089],[13.15819944,52.39792515],[13.15794531,52.39755771],[13.15778255,52.39722676],[13.1579168,52.39689849],[13.157844,52.3965714],[13.15783136,52.39652723],[13.15779554,52.39635575],[13.16033206,52.39655529],[13.16044385,52.39656408],[13.16124821,52.39662734],[13.16412961,52.39691727],[13.16698785,52.39717527],[13.16810566,52.39729185],[13.16846715,52.39732954],[13.16874028,52.39735801],[13.16931608,52.39744822],[13.17004943,52.39759553],[13.17083646,52.3977442],[13.1711657,52.39782674],[13.17126603,52.39764484],[13.17127752,52.39762405],[13.17130934,52.39758206],[13.17136292,52.39735167],[13.17160528,52.39626751],[13.17174285,52.39570448],[13.17175746,52.39564235],[13.17096449,52.39531074],[13.17014183,52.39496741],[13.16937813,52.39464858],[13.16876875,52.39439557],[13.16819272,52.3943931],[13.16813159,52.39439268],[13.16796073,52.39439152],[13.16685411,52.39433654],[13.16592758,52.39429059],[13.16575517,52.39428204],[13.16461725,52.39422629],[13.1645659,52.39422368],[13.16452193,52.39422145],[13.16441076,52.3942158],[13.16432774,52.39421159],[13.16359313,52.39417431],[13.16351597,52.39417039],[13.16344309,52.39416669],[13.16228187,52.39410615],[13.16136558,52.39406081],[13.16124793,52.39405499],[13.16123345,52.39405429],[13.16023203,52.39400551],[13.15999664,52.39399403],[13.15953307,52.39397141],[13.15893797,52.39394237],[13.15886918,52.39393902],[13.15766148,52.39413473],[13.1567959,52.39427606],[13.15560572,52.39446661],[13.15466888,52.39461802],[13.15445804,52.3946521],[13.15329048,52.39484002],[13.15219571,52.3949254],[13.15110363,52.39500549],[13.15104403,52.39501011],[13.15002062,52.39508929],[13.14901632,52.39518659],[13.1489334,52.39519463],[13.14788884,52.39529519],[13.146805,52.39540035],[13.14657881,52.39542222],[13.14597595,52.39548049],[13.14577101,52.39549703],[13.14573895,52.3955034],[13.1447861,52.39582745],[13.14385879,52.3961391],[13.14370344,52.39625377],[13.14351238,52.39639454],[13.14337293,52.39649737],[13.14313412,52.39667346],[13.14328164,52.39672627],[13.1432631,52.39684995],[13.14322088,52.39712378],[13.14320447,52.39724774],[13.14284908,52.39716733],[13.14282152,52.3971611],[13.14256393,52.39710281],[13.14242087,52.39706763],[13.14221071,52.39701594],[13.14207304,52.39698207],[13.14198693,52.39696088],[13.1418185,52.39709966],[13.14152477,52.3969503],[13.14124191,52.39680644],[13.14109414,52.3967313],[13.14098856,52.39667479],[13.1409628,52.396661],[13.14068639,52.39651306],[13.14042603,52.3963737],[13.14008641,52.39623919],[13.13839275,52.39555273],[13.13819849,52.39544949],[13.13776298,52.39521803],[13.13703976,52.39483365],[13.13665071,52.39462687],[13.13642456,52.39450668],[13.1347076,52.39356342],[13.13408455,52.39317499],[13.13313678,52.39250374],[13.13218098,52.39183073],[13.13209672,52.39177141],[13.13207754,52.3917579],[13.13202502,52.391715],[13.13037364,52.39036622],[13.13069571,52.39016221],[13.13075281,52.39012597],[13.13080918,52.39009026],[13.13100831,52.38996339],[13.13135168,52.38974456],[13.13145866,52.38967633],[13.13161695,52.38957547],[13.13184286,52.38943154],[13.13189568,52.3893978],[13.13202136,52.38931043],[13.13219456,52.38918992],[13.13236648,52.3890716],[13.13241114,52.38903931],[13.13256865,52.38892979],[13.13270944,52.38884393],[13.1328742,52.38874342],[13.13329888,52.38864859],[13.13374357,52.38874714],[13.13397947,52.38873594],[13.1339313,52.38865013],[13.13387977,52.38855834],[13.13383599,52.38848032],[13.13382825,52.38846655],[13.13377675,52.38837476],[13.13372523,52.38828297],[13.13370476,52.38824645],[13.13367372,52.38819119],[13.1336222,52.3880994],[13.13357599,52.38801701],[13.13357068,52.3880076],[13.13356114,52.38799061],[13.13355055,52.38797174],[13.13349783,52.3878778],[13.13344957,52.38779182],[13.13344597,52.38778541],[13.13339412,52.38769302],[13.13334227,52.38760063],[13.13329042,52.38750824],[13.13325473,52.38744466],[13.13323946,52.38741572],[13.13319047,52.38732295],[13.1331808,52.3873046],[13.13295113,52.38734615],[13.13291425,52.38735253],[13.13285537,52.38736329],[13.13274943,52.38738264],[13.13274397,52.38738363],[13.13271026,52.38738978],[13.13268509,52.38739434],[13.1324889,52.38743011],[13.13235781,52.38745283],[13.13223077,52.38747486],[13.13203062,52.38750942],[13.13198618,52.38751715],[13.13171781,52.38750506],[13.13154105,52.38749704],[13.13144429,52.38746877],[13.13130498,52.38722546],[13.13108524,52.38725177],[13.13097903,52.38729248],[13.13092756,52.38731222],[13.13075305,52.38737898],[13.1306772,52.38742288],[13.13017178,52.38769808],[13.13013055,52.38772046],[13.12984709,52.38787609],[13.12948426,52.38807498],[13.12928015,52.38818681],[13.12914432,52.38826173],[13.12857618,52.38857379],[13.12830616,52.38872201],[13.1281013,52.38883555],[13.12783879,52.38898083],[13.12761176,52.38910658],[13.12754814,52.38914177],[13.12720795,52.38932991],[13.126734,52.38958367],[13.12684367,52.38998],[13.12688713,52.39013719],[13.12697604,52.39045902],[13.12701823,52.39061143],[13.12706044,52.39076385],[13.12710982,52.3909428],[13.12714716,52.39107767],[13.12715202,52.39109522],[13.12719831,52.39126293],[13.12724122,52.39141786],[13.12729385,52.39160843],[13.12756981,52.39161346],[13.12811879,52.3916235],[13.12837302,52.39162817],[13.12838477,52.3916284],[13.12840385,52.39162884],[13.12843455,52.39162969],[13.12868277,52.39163616],[13.12868963,52.39163634],[13.12900463,52.39164449],[13.12905177,52.39164568],[13.12931639,52.39165264],[13.1293747,52.39165413],[13.12938333,52.3917243],[13.13074538,52.3917523],[13.13092265,52.39175594],[13.13092657,52.39175602],[13.13110173,52.391809],[13.1311906,52.39183587],[13.13119789,52.39183612],[13.13120029,52.39181141],[13.13120237,52.39178991],[13.13121583,52.39179041],[13.1312229,52.39178688],[13.13114526,52.39172071],[13.13113652,52.39172042],[13.13110816,52.39169638],[13.13103354,52.39163312],[13.13102769,52.39163572],[13.13085852,52.39169075],[13.13050356,52.39134174],[13.13042628,52.39126502],[13.13017916,52.39102008],[13.13000948,52.39085185],[13.12985215,52.3906959],[13.12986471,52.39068797],[13.12993967,52.39064064],[13.13006747,52.39055993],[13.13016041,52.39050124],[13.1301674,52.39049682],[13.1309112,52.39117198],[13.13150344,52.39170428],[13.13153345,52.39173126],[13.13142008,52.39170261],[13.13132979,52.39167981],[13.13132247,52.39167951],[13.1313204,52.39170062],[13.13131792,52.39172582],[13.13130775,52.39172421],[13.13129976,52.39172778],[13.13137821,52.39179414],[13.13138779,52.39179483],[13.13141365,52.39181662],[13.13145222,52.39184914],[13.13149099,52.39188181],[13.13149773,52.39187914],[13.13154689,52.39181986],[13.13156878,52.39179345],[13.13174568,52.39179942],[13.13178105,52.39182428],[13.13291439,52.3926206],[13.13387763,52.39330179],[13.13449297,52.39368649],[13.13624167,52.39464625],[13.13664069,52.39485838],[13.13706403,52.39508343],[13.13754221,52.39533764],[13.13822914,52.39570281],[13.13895019,52.39599236],[13.13836805,52.39597928],[13.1385865,52.39609962],[13.13799339,52.39612038],[13.13779394,52.39613443],[13.1374992,52.39601942],[13.13726028,52.39602516],[13.13743772,52.39614667],[13.13714746,52.39616817],[13.13713272,52.3961691],[13.13703921,52.39617497],[13.13699827,52.39617754],[13.136807,52.39617713],[13.13642253,52.39617706],[13.13601251,52.39617689],[13.13579789,52.39617572],[13.13571195,52.39617528],[13.13567911,52.39623634],[13.13561339,52.39637066],[13.1356092,52.39637928],[13.13558771,52.39642358],[13.13545231,52.39670971],[13.13535844,52.39690222],[13.13518027,52.39726761],[13.13512958,52.39737394],[13.13538009,52.39740596],[13.13556042,52.397429],[13.13571618,52.39744891],[13.13602793,52.39748875],[13.1361434,52.39750351],[13.13641092,52.39753006],[13.13647434,52.39753653],[13.13658276,52.39754749],[13.13673199,52.39756224],[13.13692455,52.39758145],[13.13693687,52.39758268],[13.13699806,52.39758878],[13.13708259,52.39759722],[13.13716566,52.39760466],[13.13725754,52.39761289],[13.13733471,52.39761924],[13.13753314,52.39763811],[13.13767225,52.39765002],[13.13804409,52.39768331],[13.13808606,52.39780723],[13.13810256,52.39785619],[13.13663657,52.3981315],[13.13640847,52.39819482],[13.13566529,52.39840114],[13.13542607,52.3984675],[13.13520183,52.39852927],[13.13503571,52.39857472],[13.1349565,52.39859649],[13.13350945,52.39936649],[13.1325231,52.39866329],[13.12846254,52.39694495],[13.12742406,52.39664006],[13.12692256,52.39657134],[13.12566089,52.39666225],[13.12478132,52.39686944],[13.12420581,52.39727526],[13.1231598,52.39787889],[13.12200303,52.39854641],[13.1202323,52.39984857],[13.11846437,52.4012812],[13.11775036,52.40211938],[13.11633734,52.40232331],[13.11181926,52.40398551],[13.11120409,52.40451017],[13.11110278,52.40529787],[13.10969384,52.40653585],[13.10832528,52.40725562],[13.10930649,52.40793144],[13.10944998,52.40804766],[13.10925965,52.40816133],[13.10926713,52.40817863],[13.10913424,52.40823998],[13.10861045,52.40847559],[13.10821349,52.4085168],[13.10768126,52.40857206],[13.10755058,52.40858562],[13.10751583,52.40858923],[13.10700155,52.40864262],[13.10679424,52.40866413],[13.10657502,52.40867797],[13.10654578,52.40867982],[13.10638269,52.40869005],[13.1064158,52.40874244],[13.10643968,52.40877584],[13.10646291,52.40877427],[13.10655388,52.40876809],[13.10665517,52.4089957],[13.10676567,52.40924403],[13.1069355,52.40948821],[13.10850611,52.40924301],[13.11063064,52.40944338],[13.11061614,52.40949029],[13.11059242,52.40956703],[13.11066524,52.40957343],[13.11061019,52.40975146],[13.11055554,52.40992824],[13.11049552,52.41012241],[13.11042452,52.41035208],[13.11145117,52.41044772],[13.11179745,52.41047998],[13.11175422,52.4106212],[13.11170266,52.41078966],[13.11164708,52.41097122],[13.1115914,52.41115311],[13.11155471,52.41127289],[13.11154813,52.41129444],[13.11154161,52.41131572],[13.11151175,52.4114133],[13.11091587,52.41135814],[13.11086384,52.41135332],[13.11013686,52.41128603],[13.11010062,52.411403],[13.11005427,52.41155264],[13.11000769,52.41170298],[13.10996794,52.41183125],[13.10990503,52.41203433],[13.10962407,52.41294114],[13.10944801,52.41297815],[13.10920121,52.41303002],[13.10917017,52.41303655],[13.10892716,52.41308762],[13.10866039,52.4131437],[13.10861621,52.41315324],[13.10847567,52.41318333],[13.1083493,52.41321044],[13.10810316,52.41326325],[13.10807594,52.41326909],[13.10780749,52.41332668],[13.10778027,52.41333253],[13.10747291,52.4132967],[13.10735608,52.41328308],[13.10725603,52.4133139],[13.1071427,52.41321349],[13.10710623,52.41318118],[13.10712366,52.41309903],[13.10725473,52.41282551],[13.10730449,52.41271789],[13.10732753,52.41263351],[13.10736219,52.41243505],[13.10739178,52.4122941],[13.10740599,52.41221058],[13.10741564,52.41212705],[13.10741756,52.41208842],[13.10736071,52.41179789],[13.10730194,52.4115469],[13.10726847,52.41139308],[13.107203,52.41108634],[13.10717956,52.41081754],[13.1071547,52.41068263],[13.1071533,52.41055141],[13.1071458,52.4100465],[13.10714418,52.41001532],[13.10714076,52.40999328],[13.10713248,52.40996094],[13.10712381,52.40993479],[13.10710507,52.40990325],[13.10708182,52.4098699],[13.10701927,52.40981464],[13.10696684,52.40977414],[13.10685148,52.40971416],[13.10676926,52.40967578],[13.1065488,52.40960614],[13.10618684,52.40956209],[13.10591451,52.4095487],[13.10546913,52.40974542],[13.105124,52.40989785],[13.10462598,52.40974312],[13.10439873,52.40979311],[13.10389455,52.40990403],[13.10356712,52.40997593],[13.10317868,52.41006122],[13.10100281,52.41053895],[13.10097048,52.41068171],[13.1010274,52.41098015],[13.10104569,52.41105254],[13.10107632,52.41127423],[13.10110031,52.41143323],[13.10112185,52.411577],[13.1010685,52.41180932],[13.10104696,52.41188625],[13.10097579,52.4121861],[13.10081116,52.41271838],[13.10073035,52.41299011],[13.10073241,52.413019],[13.10075225,52.41334516],[13.10085206,52.41373304],[13.10085914,52.41376056],[13.10056883,52.41379542],[13.10031223,52.41378464],[13.09994945,52.41372876],[13.09986026,52.41371936],[13.09926149,52.41362881],[13.09911056,52.41360599],[13.09817935,52.41344293],[13.09805085,52.41340526],[13.09788252,52.41338582],[13.09785572,52.41339321],[13.09681237,52.41320243],[13.09661912,52.41314185],[13.09645033,52.41308894],[13.09711305,52.4123459],[13.09758321,52.41181268],[13.09761048,52.41178177],[13.09755749,52.41176803],[13.0975887,52.41175442],[13.09759224,52.41174179],[13.09756588,52.41171994],[13.09754491,52.41171784],[13.09752865,52.4117049],[13.09756114,52.41169125],[13.09758673,52.41165496],[13.09765328,52.41162563],[13.09771796,52.4116225],[13.09876489,52.41116039],[13.09885308,52.41111901],[13.09887257,52.41110559],[13.09889066,52.41109144],[13.09890725,52.41107664],[13.09892232,52.41106122],[13.09893577,52.41104526],[13.09894759,52.41102882],[13.09895769,52.41101196],[13.09896604,52.41099475],[13.09897263,52.41097726],[13.09897742,52.41095954],[13.09898092,52.4109418],[13.09898289,52.41092396],[13.09898334,52.41090608],[13.09898226,52.41088822],[13.09897965,52.41087042],[13.09897552,52.41085272],[13.09896989,52.41083518],[13.09896276,52.41081784],[13.09895415,52.41080076],[13.0989441,52.41078397],[13.09893573,52.4107717],[13.09892657,52.41075965],[13.09891661,52.41074783],[13.09890592,52.41073626],[13.09889448,52.41072496],[13.09885035,52.41068303],[13.09877393,52.41060979],[13.09867081,52.41051063],[13.09866398,52.4105139],[13.09865636,52.41051641],[13.09864816,52.41051809],[13.0986396,52.41051891],[13.09863092,52.41051882],[13.09862371,52.41051804],[13.09861674,52.41051663],[13.09861017,52.41051463],[13.09860415,52.41051207],[13.09859878,52.41050902],[13.09859419,52.41050552],[13.09855665,52.41046911],[13.09855347,52.41046506],[13.09855127,52.41046078],[13.09855011,52.41045634],[13.09854999,52.41045185],[13.09855094,52.4104474],[13.09855292,52.41044308],[13.09855652,52.41043828],[13.09856138,52.41043392],[13.0985674,52.41043012],[13.09857435,52.410427],[13.09858209,52.41042464],[13.09854661,52.410389],[13.09870169,52.41033023],[13.09863867,52.41026084],[13.09861344,52.4102707],[13.09840813,52.41010508],[13.09833314,52.41006238],[13.0979754,52.40993958],[13.09798173,52.40988096],[13.09739208,52.40941999],[13.0934123,52.41053713],[13.09235492,52.41111582],[13.09212377,52.41124217],[13.09076788,52.41156046],[13.09027496,52.41221426],[13.09018787,52.4127306],[13.09020959,52.41338646],[13.09020983,52.41341607],[13.09021086,52.41354913],[13.0883476,52.41963127],[13.09583939,52.42197384],[13.09772366,52.423466],[13.09805391,52.42401683],[13.0980883,52.42407424],[13.09840049,52.42488893],[13.09931385,52.42534415],[13.09997562,52.42544775],[13.10046628,52.42530411],[13.10094926,52.42516271],[13.10160087,52.42463628],[13.1034865,52.42430224],[13.10456781,52.4239826],[13.10540948,52.4252831],[13.10691646,52.42564561],[13.10802181,52.42666058],[13.11278343,52.42919587],[13.1120738,52.43231028],[13.11393054,52.43296628],[13.11721805,52.4361645],[13.12214206,52.4378778],[13.1231531,52.4387089],[13.12312114,52.43961503],[13.12020846,52.44135513],[13.12012601,52.4414044],[13.11993063,52.44152117],[13.11976812,52.44171379],[13.11933349,52.4424399],[13.11909626,52.44283619],[13.11907082,52.44287869],[13.11904738,52.44291788],[13.11901848,52.44296616],[13.11902213,52.443132],[13.11902518,52.44327764],[13.11913565,52.4437747],[13.11901112,52.44400926],[13.11818278,52.44441388],[13.11734573,52.44482274],[13.11662645,52.44517364],[13.11536473,52.44565208],[13.11450822,52.44635794],[13.11363934,52.44707398],[13.11326323,52.44738502],[13.11302298,52.44758371],[13.11229433,52.44817943],[13.11152844,52.44880556],[13.11076886,52.44942804],[13.11005556,52.45001257],[13.10929634,52.45063553],[13.10931328,52.45069847],[13.10956102,52.45107913],[13.10991173,52.4515485],[13.11035861,52.45200757],[13.11038868,52.45203847],[13.11108085,52.45278836],[13.11135606,52.45316418],[13.1116587,52.45364009],[13.1118245,52.45398498],[13.11186139,52.45406169],[13.11201312,52.45437733],[13.1120297,52.45441181],[13.11205721,52.45462272],[13.11213851,52.45524588],[13.11214391,52.45528721],[13.11217545,52.45552891],[13.11219834,52.45562163],[13.11229105,52.45597332],[13.11230047,52.45603015],[13.11234207,52.45621669],[13.11241271,52.45644403],[13.11241789,52.45646069],[13.11243175,52.45650528],[13.11244431,52.45658209],[13.1124485,52.45660113],[13.11247955,52.45674203],[13.11250993,52.45687971],[13.11251769,52.45692064],[13.11255179,52.45707858],[13.11256011,52.45712043],[13.11256191,52.45712944],[13.11256441,52.45714212],[13.11259826,52.45731228],[13.11261491,52.45739607],[13.11264109,52.45752778],[13.11265487,52.45759712],[13.11267419,52.45769429],[13.11265076,52.45784714],[13.11262754,52.45799856],[13.11260403,52.4581539],[13.11259975,52.45818066],[13.11255689,52.45852027],[13.11252653,52.45866994],[13.11249591,52.4587718],[13.11246687,52.4588675],[13.1124572,52.45889969],[13.11242827,52.45895741],[13.11240945,52.45899492],[13.11237615,52.45901242],[13.11234385,52.4590294],[13.11196774,52.45922702],[13.11050269,52.45999699],[13.11134083,52.46186351],[13.11142867,52.46372772],[13.11100757,52.4646597],[13.11055654,52.4656575],[13.11185522,52.46744666],[13.11395419,52.4686191],[13.11378788,52.46979968],[13.11412929,52.4700651],[13.1162061,52.47167999],[13.11723453,52.47327992],[13.11728731,52.47359083],[13.11734324,52.47392106],[13.11735702,52.47400244],[13.11736002,52.47401019],[13.11747929,52.47432334],[13.11747986,52.47432496],[13.11751663,52.47439073],[13.11753593,52.47451662],[13.11755184,52.47457852],[13.11754424,52.47477835],[13.11754859,52.47486042],[13.11754883,52.47486509],[13.11755713,52.47503242],[13.11759243,52.47576754],[13.11767905,52.47709992],[13.11768345,52.47716819],[13.11768838,52.47724451],[13.11769327,52.47732033],[13.11805958,52.47734788],[13.11835266,52.47736999],[13.11912218,52.47750494],[13.11933537,52.47753776],[13.11979082,52.47760793],[13.12040557,52.47770007],[13.12050202,52.47774738],[13.12068274,52.47771104],[13.12119991,52.47781651],[13.12143963,52.47785834],[13.12195627,52.47795451],[13.12216938,52.47799455],[13.12335776,52.47816901],[13.12396913,52.47824888],[13.12627668,52.47865695],[13.12656665,52.47879317],[13.12686731,52.47895974],[13.12792372,52.47957121],[13.12833353,52.47982057],[13.12860566,52.48003013],[13.12955949,52.48076588],[13.12975323,52.48091551],[13.12979564,52.48094803],[13.13071652,52.48164494],[13.13162947,52.48235142],[13.13254745,52.48306504],[13.13346568,52.48377859],[13.13438754,52.48449674],[13.13461235,52.48467267],[13.13528749,52.48520129],[13.13555334,52.485407],[13.13620157,52.48590789],[13.13675516,52.48633673],[13.13700999,52.4865334],[13.13710142,52.48660425],[13.1389363,52.48802854],[13.13982036,52.48871314],[13.14026126,52.4890582],[13.14071078,52.48940706],[13.14164004,52.49012824],[13.14170554,52.4901788],[13.14178443,52.49023967],[13.14179856,52.49025056],[13.14181285,52.49026157],[13.1429842,52.49116549],[13.14443145,52.49229313],[13.14530109,52.49296463],[13.1462036,52.4936611],[13.14660261,52.49397794],[13.14666405,52.49402674],[13.14709925,52.49437229],[13.14778168,52.49490503],[13.14784851,52.49495721],[13.14841415,52.49539876],[13.14924302,52.49604434],[13.1493023,52.49609051],[13.1495904,52.49631487],[13.14979493,52.49645458],[13.15005891,52.49663487],[13.15077371,52.49704877],[13.15085117,52.4970936],[13.15088555,52.49711349],[13.15122597,52.49731009],[13.15160375,52.49757974],[13.15235002,52.49813122],[13.15247506,52.49818608],[13.15251222,52.4982129],[13.15335267,52.49881895],[13.1542598,52.49947307],[13.15476722,52.49983895],[13.15524746,52.50018524],[13.15530425,52.50022677],[13.15561682,52.50045524],[13.15628105,52.50094085],[13.15714101,52.50156951],[13.1572153,52.50162383],[13.15724081,52.50162204],[13.15762315,52.50189957],[13.15808345,52.50223441],[13.1585862,52.50259126],[13.15907647,52.50288199],[13.16119491,52.50420111],[13.16132238,52.50428586],[13.16217064,52.50484982],[13.16356459,52.50576959],[13.1635683,52.50576928],[13.16362156,52.50580511],[13.16370144,52.50585885],[13.16376153,52.50589927],[13.16416899,52.50617128],[13.16466181,52.50650736],[13.16514949,52.50683636],[13.16529883,52.50693095],[13.16565487,52.50717254],[13.16614417,52.50750221],[13.1661736,52.50752238],[13.16664676,52.5078486],[13.16685,52.50799109],[13.16707207,52.5081564],[13.1673782,52.5083886],[13.16781634,52.50873199],[13.16797765,52.50885622],[13.16821835,52.50896455],[13.16859424,52.50913214],[13.168692,52.50917573],[13.1688237,52.50922638],[13.16619559,52.51014629],[13.16517217,52.51049182],[13.16499812,52.51055044],[13.16420205,52.51082017],[13.16399451,52.51089049],[13.163386,52.51108231],[13.1624019,52.51144991],[13.16228133,52.51150182],[13.16144156,52.51186073],[13.16026459,52.51234822],[13.1585884,52.51293989],[13.15772124,52.51306621],[13.15737857,52.51317445],[13.15677255,52.5134287],[13.1563244,52.51360572],[13.15610928,52.5136753],[13.15580438,52.51379226],[13.1557666,52.51380658],[13.15572898,52.51382085],[13.15521969,52.51401437],[13.15515581,52.514038],[13.15472754,52.51420026],[13.15438562,52.51433128],[13.15415674,52.51443895],[13.15408116,52.51447336],[13.15298015,52.51499173],[13.15182367,52.51555029],[13.15114276,52.5157808],[13.15014204,52.51616761],[13.150014,52.51622059],[13.14920515,52.51655529],[13.14782258,52.51706314],[13.14750091,52.5171951],[13.14716255,52.51726074],[13.14651276,52.51738946],[13.14622958,52.51742197],[13.14563061,52.517466],[13.14546394,52.51762342],[13.14516499,52.51792993],[13.14504144,52.51805663],[13.14497952,52.51821578],[13.14492838,52.51834719],[13.14482021,52.51862531],[13.14455195,52.51899057],[13.14445752,52.5190866],[13.14435431,52.51919314],[13.14402191,52.51930627],[13.14386056,52.51936118],[13.14371181,52.51941396],[13.14357386,52.51946374],[13.14351883,52.51949663],[13.14337456,52.51958287],[13.14330219,52.51962613],[13.14320585,52.51968371],[13.14318207,52.51969793],[13.14267374,52.51976567],[13.14231889,52.51972034],[13.14228745,52.51971632],[13.14207232,52.51968884],[13.14179944,52.51965393],[13.14146518,52.51961116],[13.1411277,52.51955534],[13.14095682,52.51952708],[13.14051114,52.51945337],[13.14044216,52.51944201],[13.14012544,52.51938497],[13.1400914,52.51937883],[13.13920021,52.51921833],[13.13853082,52.51909777],[13.13752289,52.5188674],[13.13746613,52.51885395],[13.13743267,52.51884681],[13.13706346,52.51881298],[13.13663886,52.51877456],[13.13659735,52.5187709],[13.1362699,52.51874214],[13.13622711,52.51873838],[13.13619805,52.51873584],[13.13615302,52.51873179],[13.13610782,52.51872768],[13.13608561,52.51872566],[13.13584115,52.51870371],[13.13506671,52.51859832],[13.13469029,52.51854715],[13.13438301,52.51850534],[13.13402641,52.51845786],[13.13388412,52.51843757],[13.13386168,52.51843436],[13.13383906,52.51843128],[13.13381644,52.51842817],[13.13379339,52.518425],[13.13359208,52.51839735],[13.13357315,52.51839206],[13.1332649,52.51830595],[13.13318193,52.51828278],[13.13295927,52.51824779],[13.13261178,52.51819314],[13.13195257,52.51813799],[13.13190782,52.51813421],[13.13186335,52.51813321],[13.13153119,52.51812582],[13.13136217,52.51812206],[13.13105513,52.51809123],[13.13066009,52.51805132],[13.13008696,52.51799358],[13.13002547,52.5179856],[13.12996736,52.51797807],[13.12956485,52.51791905],[13.12915553,52.517859],[13.12903067,52.51784093],[13.12894636,52.51782877],[13.12888861,52.51782028],[13.12884644,52.51781407],[13.12831733,52.51773646],[13.12828531,52.51773177],[13.12827769,52.51773063],[13.12823312,52.51772398],[13.12822589,52.5177229],[13.12769678,52.51764724],[13.12752904,52.51762326],[13.12742038,52.51760774],[13.1269978,52.51754734],[13.12697191,52.51754508],[13.12684702,52.51753528],[13.12682765,52.51753376],[13.1263561,52.51753366],[13.12576811,52.51753836],[13.12515361,52.51751689],[13.12372856,52.51744748],[13.12278001,52.51739474],[13.1211363,52.51722579],[13.12066169,52.51716423],[13.12053496,52.51714778],[13.11966479,52.51703491],[13.11927225,52.51700429],[13.1191952,52.51700659],[13.11898862,52.51701276],[13.11893471,52.51701436],[13.1187012,52.51702133],[13.11767034,52.51705211],[13.11749909,52.5170572],[13.11738231,52.5170607],[13.11754869,52.51773452],[13.11759498,52.517922],[13.11776959,52.51862918],[13.11800456,52.51963007],[13.11801254,52.51966405],[13.11805884,52.51986123],[13.11810602,52.52006201],[13.11811485,52.52010024],[13.11823539,52.52046876],[13.11832748,52.52074774],[13.11836769,52.52118242],[13.11838438,52.52143402],[13.11836893,52.52152239],[13.11837033,52.52154063],[13.11837561,52.52161609],[13.11837801,52.52165042],[13.11843559,52.52247354],[13.11850983,52.5232149],[13.11862862,52.52407955],[13.11865979,52.52441813],[13.1187102,52.52496527],[13.11881443,52.52566334],[13.11888089,52.52610892],[13.11891426,52.52633282],[13.11891575,52.52634344],[13.11896727,52.52678283],[13.11900228,52.52708151],[13.11901461,52.52718689],[13.11902441,52.52730888],[13.11905045,52.52763206],[13.11906736,52.52784214],[13.11906837,52.52785465],[13.11907134,52.52789061],[13.11909995,52.52824623],[13.11912947,52.52847166],[13.11913409,52.52850645],[13.11917551,52.5288235],[13.11918445,52.5288921],[13.11918956,52.52892233],[13.11919161,52.52893536],[13.11919929,52.52912573],[13.11922577,52.52925407],[13.11924385,52.52935654],[13.11924824,52.52938146],[13.11927562,52.52937611],[13.11928547,52.52950757],[13.11940442,52.52991399],[13.11945603,52.53014092],[13.11950292,52.53033325],[13.11950675,52.53034643],[13.11968901,52.53084777],[13.11974801,52.5310097],[13.11978943,52.53112351],[13.11984833,52.5312615],[13.11996543,52.53153584],[13.11998715,52.5315761],[13.12017553,52.53192534],[13.12034892,52.53222578],[13.12059818,52.53252548],[13.12083847,52.53280358],[13.12108338,52.53312464],[13.12116986,52.53324255],[13.12120038,52.53328419],[13.1212108,52.53343577],[13.12123789,52.53357323],[13.12130244,52.53367959],[13.12130797,52.5336944],[13.12142797,52.53402256],[13.12156717,52.53434946],[13.12156642,52.53451453],[13.12169936,52.5347507],[13.12170132,52.534781],[13.1217072,52.53487183],[13.12179226,52.53504533],[13.12180073,52.53505578],[13.12188984,52.5351662],[13.12200628,52.5352158],[13.12215789,52.5353912],[13.12226378,52.53559621],[13.12248141,52.53588923],[13.12265434,52.53610849],[13.12266323,52.53611817],[13.12285034,52.53632252],[13.12310351,52.53663154],[13.12329603,52.53698962],[13.12333967,52.53707644],[13.1234775,52.53750763],[13.12352981,52.53767141],[13.12357049,52.53779891],[13.12375674,52.53824804],[13.12390594,52.53858353],[13.1239307,52.53865261],[13.12395221,52.53871295],[13.12396751,52.53875582],[13.12399903,52.53884401],[13.12400592,52.53886319],[13.12398092,52.53886503],[13.12400657,52.53893236],[13.12401478,52.53895393],[13.12402399,52.53896917],[13.12406266,52.53903308],[13.12407447,52.5390526],[13.12411927,52.53905154],[13.12414869,52.53905085],[13.12418428,52.53905001],[13.12418947,52.53906339],[13.12420256,52.53909599],[13.12420247,52.53909675],[13.12420511,52.53910338],[13.1242133,52.5391246],[13.12422909,52.53916516],[13.12430871,52.53954762],[13.12442398,52.53989522],[13.12451779,52.5401781],[13.12458213,52.5403721],[13.12474618,52.54086671],[13.12483653,52.54113919],[13.12492502,52.541406],[13.12516387,52.54213646],[13.12524141,52.54241619],[13.1253122,52.54267152],[13.12532528,52.54271878],[13.12543841,52.54312687],[13.12552632,52.54338826],[13.1255885,52.54350859],[13.12560543,52.54354137],[13.12558069,52.54355106],[13.12496454,52.54379218],[13.12499246,52.54384981],[13.1251492,52.54417314],[13.12528277,52.544442],[13.12527757,52.54446375],[13.12546468,52.54499047],[13.12553672,52.54519327],[13.12560845,52.5453952],[13.12564618,52.54550139],[13.12569198,52.54559498],[13.12579189,52.54579959],[13.12580453,52.5458255],[13.12607287,52.54637516],[13.12612742,52.54651762],[13.12616922,52.54660102],[13.12638102,52.5469907],[13.12649004,52.54719126],[13.12650042,52.54721036],[13.12658428,52.54739438],[13.12668038,52.54760649],[13.12672747,52.54771014],[13.12677906,52.54781822],[13.12687187,52.54802154],[13.12691317,52.54811059],[13.1269813,52.54822381],[13.12698169,52.54822467],[13.12699171,52.54824707],[13.12707417,52.54842864],[13.12716791,52.54863323],[13.12722781,52.54876464],[13.1272891,52.54889903],[13.12741013,52.54916449],[13.12759438,52.54956846],[13.12765737,52.54970654],[13.12767307,52.54974101],[13.12770555,52.54981218],[13.12771129,52.54982409],[13.12778598,52.54997972],[13.12779274,52.54999565],[13.1278129,52.55003843],[13.12783229,52.55007945],[13.12783809,52.55009173],[13.12797759,52.55038744],[13.12802231,52.55048621],[13.12820781,52.55091322],[13.12834057,52.55121915],[13.12881298,52.55228208],[13.12897215,52.55263889],[13.12897625,52.55264761],[13.12904212,52.55282218],[13.12910212,52.55301918],[13.1292472,52.55336867],[13.1292631,52.55339183],[13.1292984,52.55344324],[13.12938357,52.55364093],[13.12949211,52.55389302],[13.12950556,52.55392426],[13.12959906,52.55414552],[13.12970575,52.55439807],[13.12981246,52.55465062],[13.12982167,52.55467241],[13.12990886,52.5548788],[13.12991756,52.55489619],[13.12992326,52.55490767],[13.12999554,52.55505265],[13.13003951,52.55513779],[13.13024792,52.55554164],[13.13038958,52.55581567],[13.13047156,52.5559745],[13.13050214,52.55600958],[13.13079926,52.55589956],[13.13091103,52.55585227],[13.1310237,52.55580193],[13.13122308,52.55567385],[13.13153305,52.55547927],[13.13202041,52.55520239],[13.13248374,52.55492571],[13.13284936,52.5546113],[13.13332069,52.554172],[13.13339259,52.55410499],[13.13342931,52.55407075],[13.1334665,52.55403599],[13.13351813,52.55398774],[13.13356438,52.55395173],[13.1336801,52.55386189],[13.13381618,52.55375614],[13.13393484,52.55368008],[13.13423199,52.55348963],[13.13444835,52.55335097],[13.13530453,52.55306332],[13.13632915,52.55270665],[13.13671384,52.55265486],[13.13777683,52.55257267],[13.13832302,52.55254804],[13.13845974,52.55254274],[13.13853198,52.55253989],[13.13857535,52.55253818],[13.13860723,52.55253693],[13.13992192,52.55248543],[13.14038771,52.55248819],[13.1409367,52.55247266],[13.14136821,52.55246062],[13.14146717,52.55244329],[13.14170262,52.55240254],[13.14256218,52.55225269],[13.14278359,52.55219354],[13.14321409,52.55207851],[13.14422272,52.55211571],[13.14424274,52.55213944],[13.14458663,52.55254719],[13.14482694,52.55247833],[13.14523819,52.55252267],[13.14558166,52.55272334],[13.14569526,52.55281052],[13.14585281,52.55293143],[13.14592022,52.55310558],[13.14599914,52.55330952],[13.1460269,52.55338128],[13.1461427,52.5535352],[13.14633514,52.55379101],[13.14657937,52.55409887],[13.14690774,52.55428035],[13.14704408,52.55456316],[13.1470962,52.55466848],[13.14710452,52.55468561],[13.14712036,52.55471824],[13.14714608,52.55477121],[13.14715261,52.55478463],[13.14715941,52.55479866],[13.1471718,52.5548243],[13.14720598,52.55489501],[13.14721736,52.55491817],[13.14722625,52.55493627],[13.14728722,52.55583735],[13.1471946,52.55613922],[13.1471781,52.55619298],[13.14705725,52.55658677],[13.14705019,52.5566098],[13.14698957,52.55683037],[13.14693051,52.55704528],[13.14695797,52.55768904],[13.14687712,52.55842174],[13.14685538,52.55861869],[13.14656438,52.55916014],[13.14626826,52.55933357],[13.1460885,52.56029767],[13.14606972,52.56039838],[13.14601956,52.56043672],[13.14591487,52.56051681],[13.14579904,52.56060539],[13.14582693,52.56063771],[13.14602127,52.56086303],[13.14638938,52.56103151],[13.14645155,52.56106372],[13.14657765,52.56112907],[13.14664177,52.56116228],[13.14687914,52.56128522],[13.14714117,52.56145144],[13.14719319,52.56167138],[13.14724599,52.5618947],[13.14725556,52.56193443],[13.14731253,52.56217086],[13.14736391,52.56238402],[13.14738434,52.56246888],[13.14737938,52.56256264],[13.1473747,52.56265136],[13.14738744,52.562724],[13.14741405,52.56287589],[13.14742178,52.56292003],[13.14743992,52.56302341],[13.14745026,52.56308255],[13.14746952,52.56341432],[13.1474565,52.56375655],[13.14744823,52.56397426],[13.14747817,52.56416177],[13.1475068,52.56434086],[13.14751739,52.56440724],[13.14757032,52.56449137],[13.14763668,52.5645966],[13.14766345,52.5646391],[13.14770216,52.56470054],[13.14771189,52.56471024],[13.14778108,52.56477922],[13.14781959,52.56481762],[13.1479236,52.56492118],[13.1480156,52.56501305],[13.14810754,52.5651454],[13.14813639,52.56518692],[13.14823261,52.5652659],[13.14836896,52.56537781],[13.14851855,52.5655006],[13.14867196,52.5656265],[13.14874387,52.56569337],[13.14881372,52.56575833],[13.1489629,52.56589708],[13.14902925,52.56595878],[13.14911968,52.56604602],[13.14929685,52.56621696],[13.149336,52.56625472],[13.14949772,52.56641074],[13.14952889,52.56644081],[13.14974025,52.56663772],[13.14980144,52.56669735],[13.1498674,52.5667621],[13.1500274,52.56701542],[13.15006117,52.56706888],[13.15009277,52.56716086],[13.15028249,52.56771367],[13.15030534,52.56778017],[13.15037185,52.56797393],[13.1510389,52.56894353],[13.15109208,52.56902083],[13.15118537,52.56915223],[13.15126022,52.56973521],[13.15126537,52.5699859],[13.1514715,52.57006147],[13.15185731,52.570203],[13.15218241,52.57032224],[13.15238969,52.57046204],[13.15268244,52.57097475],[13.15286501,52.5716022],[13.15286671,52.57163354],[13.15288743,52.57201545],[13.15277649,52.57248356],[13.15304533,52.57276665],[13.15316401,52.57288698],[13.15335961,52.57308528],[13.15354658,52.57325586],[13.15354841,52.57348659],[13.15350033,52.57409702],[13.15348893,52.57423349],[13.153483,52.57428262],[13.15347021,52.57438873],[13.15346474,52.5745449],[13.15369364,52.57478065],[13.15349864,52.5753801],[13.15367349,52.57577186],[13.15357881,52.57632119],[13.15353507,52.57647909],[13.15345216,52.57677835],[13.15352968,52.57714203],[13.15354938,52.57723451],[13.15359775,52.57746144],[13.15358223,52.57754152],[13.1535202,52.57786165],[13.15351108,52.57790858],[13.15345562,52.57797803],[13.153206,52.57829049],[13.15319808,52.57839944],[13.15318347,52.5786006],[13.15315846,52.57894533],[13.15290013,52.57926209],[13.15260851,52.57971656],[13.15232585,52.58015707],[13.15205444,52.58044215],[13.15193314,52.58056954],[13.15159632,52.58114018],[13.15130985,52.58165399],[13.15134765,52.58203869],[13.15124016,52.58221207],[13.15059323,52.58259445],[13.14988611,52.5828786],[13.14979644,52.58304075],[13.14977022,52.58308759],[13.14967338,52.58326059],[13.14961045,52.58336116],[13.14841542,52.58304177],[13.14587596,52.58236495],[13.14514802,52.58217092],[13.14499914,52.58213165],[13.14463271,52.582034],[13.14443446,52.58191774],[13.14397928,52.58165151],[13.14384193,52.58157106],[13.14356843,52.5815563],[13.14300651,52.58152588],[13.142989,52.58152249],[13.14214394,52.58136323],[13.14203512,52.58134265],[13.14182966,52.58128574],[13.14165052,52.58123603],[13.14069326,52.5809712],[13.14059458,52.58094384],[13.1403989,52.58089325],[13.14004924,52.58080276],[13.13963088,52.58058511],[13.13915684,52.58038861],[13.13861387,52.58043565],[13.13827974,52.58046459],[13.13777791,52.58050805],[13.13751817,52.58053054],[13.13729033,52.5804588],[13.1366011,52.5802418],[13.136033,52.58010628],[13.13557488,52.58003179],[13.1354671,52.58001426],[13.13540526,52.5800566],[13.13495877,52.57998305],[13.13474658,52.57994803],[13.13445768,52.57990036],[13.13409969,52.57984172],[13.1336485,52.57976779],[13.13310675,52.57967892],[13.13260858,52.57959731],[13.13247673,52.57960755],[13.13207194,52.57977859],[13.13189205,52.57998404],[13.13167833,52.58022809],[13.13155583,52.5804695],[13.13149719,52.58058504],[13.13132652,52.58092129],[13.13108143,52.58166319],[13.1308068,52.58220664],[13.13074842,52.58232213],[13.13050642,52.58277315],[13.13026044,52.58304002],[13.12996026,52.5831936],[13.12989244,52.58322836],[13.129543,52.58327489],[13.12895373,52.58319632],[13.12890482,52.58318982],[13.12834367,52.58313635],[13.12796467,52.58312779],[13.12837155,52.58395487],[13.12839549,52.5840035],[13.12859491,52.58440799],[13.12934564,52.58593069],[13.12843268,52.58601827],[13.12844647,52.58605157],[13.12861055,52.58644812],[13.12887319,52.58708282],[13.12896434,52.58730311],[13.12929406,52.58724493],[13.13059918,52.58701465],[13.13107782,52.5869302],[13.13125529,52.58691908],[13.1313932,52.58691031],[13.13235217,52.58691834],[13.13266569,52.58692089],[13.13314782,52.58699715],[13.13434375,52.5871863],[13.13547788,52.58736559],[13.13571685,52.58742337],[13.13594777,52.58754303],[13.13599644,52.58757181],[13.13604496,52.5876005],[13.13647167,52.58785325],[13.1379046,52.5887019],[13.1381932,52.58878845],[13.13845389,52.58886663],[13.13910474,52.58900238],[13.13921691,52.58902576],[13.13934425,52.58905234],[13.13955392,52.58907935],[13.13988795,52.58912196],[13.14031183,52.58917078],[13.14172234,52.58933323],[13.14186611,52.589358],[13.14212202,52.58940326],[13.14334001,52.58965683],[13.14350607,52.58970495],[13.14380061,52.58982788],[13.14448565,52.5900885],[13.1452808,52.59039002],[13.14876331,52.59164974],[13.14880773,52.5916658],[13.14909715,52.59177049],[13.14928542,52.59187326],[13.15171194,52.59372539],[13.1521362,52.5940746],[13.15214156,52.59407902],[13.15223853,52.59415884],[13.15388945,52.59571307],[13.15395849,52.59575474],[13.15400796,52.59578463],[13.15410177,52.59584124],[13.15467229,52.5961857],[13.15495456,52.59635654],[13.15501109,52.59639075],[13.15545662,52.5966604],[13.15624187,52.59713383],[13.15705702,52.59762563],[13.15707382,52.59762823],[13.15819186,52.59780166],[13.15862822,52.5978692],[13.15927626,52.5979695],[13.16030405,52.59812857],[13.16132597,52.59828672],[13.16230785,52.59843866],[13.16333966,52.59859832],[13.16345495,52.59861615],[13.16437588,52.59875909],[13.16452979,52.59879547],[13.1653678,52.59835154],[13.16623311,52.59789765],[13.16706538,52.59745523],[13.16789674,52.59701083],[13.16819277,52.59699938],[13.16860549,52.59694084],[13.16938256,52.59685655],[13.17007701,52.59678782],[13.1706575,52.59661],[13.17132417,52.59644381],[13.17147515,52.59640758],[13.17197043,52.59628947],[13.17251688,52.59603812],[13.17295001,52.59574857],[13.17333116,52.595476],[13.17366792,52.59532839],[13.1743756,52.59518415],[13.17473186,52.59510727],[13.17540693,52.59505908],[13.17563281,52.59503982],[13.17578738,52.59502739],[13.17633756,52.59499139],[13.17685451,52.59492027],[13.17781495,52.59491633],[13.17833822,52.5948802],[13.17956112,52.59454114],[13.18022678,52.59431956],[13.18121945,52.59402662],[13.18191396,52.5938916],[13.18266024,52.59382273],[13.18342289,52.59369191],[13.18447334,52.59337735],[13.18471754,52.59320849],[13.1847916,52.59315727],[13.18523243,52.59289215],[13.18562659,52.59255371],[13.18670989,52.59210756],[13.18735537,52.59191231],[13.18761625,52.59183339],[13.1877481,52.59179093],[13.18799414,52.59171217],[13.18801755,52.59170547],[13.18858823,52.5915436],[13.18911649,52.59139925],[13.18961398,52.59114053],[13.19028534,52.59079121],[13.19068291,52.59059164],[13.19085918,52.59047318],[13.19146446,52.59031527],[13.19173803,52.59019049],[13.19243692,52.59007579],[13.19293547,52.5899873],[13.19337853,52.58989762],[13.19375772,52.58983036],[13.19423361,52.58978787],[13.19507202,52.58967114],[13.19573865,52.58961246],[13.19663196,52.58951822],[13.1974814,52.58930552],[13.1978578,52.58924054],[13.19848014,52.58900752],[13.19910086,52.58894128],[13.19916567,52.58893437],[13.20026284,52.58878017],[13.20034728,52.5887683],[13.20090767,52.588574],[13.20148985,52.58836321],[13.20151487,52.58835425],[13.20171853,52.58826114],[13.20181201,52.58821852],[13.20197509,52.58814454],[13.20199994,52.58813304],[13.20207806,52.58809738],[13.20211857,52.58807887],[13.20221172,52.58803629],[13.20253323,52.58788963],[13.20255645,52.58787883],[13.20258209,52.58786706],[13.20269755,52.58782884],[13.20350855,52.58756052],[13.20397011,52.58740003],[13.2046994,52.58714291],[13.2050363,52.58700938],[13.20537588,52.58685282],[13.20671054,52.58659772],[13.20692516,52.58720604],[13.207129,52.58778538],[13.20733998,52.58837472],[13.20824416,52.58833981],[13.20911412,52.58830657],[13.21023423,52.58826469],[13.21123806,52.5882267],[13.21221848,52.58810733],[13.21310877,52.58799991],[13.21382624,52.58791237],[13.21390069,52.58790337],[13.2173971,52.58747712],[13.21782139,52.58833774],[13.21801161,52.58872361],[13.21842601,52.5895642],[13.21887806,52.59048112],[13.21925249,52.59140002],[13.2188535,52.59237064],[13.21811466,52.59319558],[13.21664572,52.59412657],[13.21561961,52.59477684],[13.21531978,52.59496683],[13.21147169,52.5967393],[13.2112899,52.59682296],[13.20952446,52.59806736],[13.20818332,52.59901064],[13.20726512,52.59984017],[13.20633658,52.60088523],[13.205807,52.6014204],[13.20551405,52.60166835],[13.20508412,52.60203219],[13.20263685,52.6039617],[13.20232364,52.60424905],[13.20216484,52.60451291],[13.20204686,52.60470895],[13.20191792,52.60492316],[13.20169988,52.60549171],[13.20161577,52.6061586],[13.20162531,52.60655104],[13.2017419,52.60688413],[13.2018522,52.60704579],[13.20195653,52.60715168],[13.20213382,52.60728367],[13.20234478,52.60740107],[13.20264479,52.60752262],[13.20422874,52.60790945],[13.20502672,52.6081385],[13.206036,52.60854801],[13.20651071,52.60880978],[13.20688214,52.60913589],[13.20963126,52.61230093],[13.21482357,52.61926323],[13.21676275,52.62016231],[13.21817768,52.62234732],[13.21976048,52.62443764],[13.22007023,52.62527535],[13.22025591,52.62611533],[13.22026564,52.62629348],[13.22030058,52.62692566],[13.22036768,52.62707662],[13.22069263,52.62780767],[13.22059334,52.62800332],[13.22054657,52.6281101],[13.22053137,52.62815587],[13.22053948,52.62823768],[13.22054376,52.62831705],[13.22180468,52.6282563],[13.22205853,52.62824409],[13.22300544,52.62819848],[13.22424183,52.62841384],[13.22454151,52.62835305],[13.22463607,52.62833387],[13.22471011,52.62831817],[13.22484644,52.62828926],[13.22496506,52.62826408],[13.22503785,52.62824864],[13.22509616,52.62823627],[13.22516503,52.62822166],[13.22520347,52.6282135],[13.22525393,52.6282028],[13.22528678,52.62820614],[13.22512345,52.62840861],[13.22563766,52.62824165],[13.22577503,52.62825565],[13.22587596,52.62826593],[13.22587551,52.62817115],[13.22587544,52.62817086],[13.22587541,52.62814811],[13.22589943,52.6280472],[13.22591703,52.62797329],[13.22592283,52.62785694],[13.22647239,52.62782034],[13.22724501,52.62764055],[13.22809828,52.62754431],[13.22824019,52.62753507],[13.22871221,52.62750245],[13.22901347,52.6274816],[13.22909157,52.62747657],[13.2292788,52.62746732],[13.22980058,52.62744156],[13.22999769,52.62742407],[13.23026664,52.62740018],[13.23039576,52.62738874],[13.23053067,52.62739808],[13.23079744,52.62741661],[13.23092248,52.62742528],[13.23198599,52.62748141],[13.23271275,52.62750988],[13.23334108,52.62756077],[13.23419076,52.6276486],[13.235784,52.62779938],[13.23606009,52.62779167],[13.23668407,52.62779013],[13.2368641,52.62778973],[13.23759602,52.62778801],[13.23799916,52.62780919],[13.23867715,52.62779596],[13.23969469,52.62782777],[13.24031062,52.62788523],[13.24111933,52.62808709],[13.24112183,52.62808764],[13.24130037,52.62812494],[13.24166788,52.62820172],[13.2416998,52.62820839],[13.24183801,52.62823727],[13.24194898,52.62826044],[13.24209049,52.62828993],[13.24242717,52.6282957],[13.24318423,52.62819849],[13.24330178,52.62819006],[13.2441676,52.62791042],[13.24433875,52.62785939],[13.24499802,52.62757116],[13.24572695,52.62735263],[13.24587177,52.62732398],[13.24606365,52.62728558],[13.24641493,52.6272744],[13.24709904,52.62728603],[13.24765607,52.62732421],[13.24799879,52.62729512],[13.24846427,52.62738081],[13.24863479,52.62740507],[13.24913276,52.62747559],[13.25059314,52.62736036],[13.25173517,52.62730655],[13.25251738,52.62731289],[13.25323886,52.62734203],[13.25379592,52.62741146],[13.25421415,52.62746364],[13.25495752,52.62747083],[13.25568429,52.62750204],[13.25615095,52.62753738],[13.25662325,52.62757273],[13.25701412,52.62766589],[13.25825503,52.6277074],[13.25842088,52.62770747],[13.25962036,52.62770769],[13.26030324,52.62774287],[13.2610508,52.62761928],[13.26169064,52.62752231],[13.26237725,52.62732259],[13.26343139,52.6271789],[13.26412992,52.62691217],[13.26423473,52.62686298],[13.26429172,52.62731211],[13.26430642,52.62742718],[13.26436605,52.627897],[13.2644073,52.62822211],[13.26441638,52.62829378],[13.26442567,52.62836707],[13.26443953,52.62847648],[13.26444679,52.62853368],[13.26445304,52.62858295],[13.26449084,52.62888112],[13.26449108,52.62888297],[13.26449595,52.62892123],[13.26454174,52.62928162],[13.26455546,52.62938958],[13.2646216,52.62991135],[13.26463141,52.62998856],[13.26464122,52.63006561],[13.26468166,52.6303835],[13.26469982,52.6305268],[13.26470658,52.63058018],[13.26471642,52.63065779],[13.26476096,52.63100938],[13.26480244,52.63133518],[13.2648138,52.63142658],[13.26482113,52.63148557],[13.26482335,52.63150355],[13.26483126,52.63156612],[13.26483979,52.6316344],[13.26485162,52.63172947],[13.26487974,52.63195493],[13.26488289,52.63198027],[13.26489156,52.6320495],[13.26493474,52.63239526],[13.26495511,52.63255842],[13.2650395,52.63323406],[13.26520188,52.63453438],[13.26470036,52.635931],[13.26468362,52.63597763],[13.26447003,52.63631755],[13.26443164,52.63636974],[13.26438989,52.63643513],[13.26377485,52.6373955],[13.26340576,52.63776291],[13.263156,52.63807962],[13.26282925,52.63845363],[13.26280658,52.63847961],[13.26265657,52.63865061],[13.26240702,52.63906385],[13.2623442,52.6393709],[13.26231587,52.63951074],[13.26231354,52.63952208],[13.26222961,52.63993588],[13.26235462,52.63994903],[13.26215291,52.64068547],[13.26247392,52.64064073],[13.26262846,52.64061919],[13.26329012,52.64052685],[13.26579336,52.64017764],[13.26624445,52.64011468],[13.26653427,52.64007998],[13.26959884,52.63971272],[13.27197416,52.63986706],[13.27207122,52.63988433],[13.27216858,52.63990161],[13.27347568,52.64013443],[13.27424379,52.64027121],[13.27435801,52.64026787],[13.27645707,52.64020588],[13.27684044,52.64027639],[13.27694804,52.64028929],[13.27704835,52.640304],[13.28077337,52.64084994],[13.28246762,52.64102355],[13.28288946,52.64103125],[13.28331013,52.64103894],[13.2838332,52.64111845],[13.28385007,52.64166389],[13.28389352,52.6421136],[13.28396891,52.64256071],[13.28399509,52.64277333],[13.28407921,52.64345706],[13.28409879,52.64367456],[13.2841601,52.64435557],[13.28423537,52.6448007],[13.28433414,52.64569827],[13.28437738,52.64598704],[13.28446894,52.64659775],[13.28451767,52.64743599],[13.28452094,52.64749862],[13.28456584,52.64794899],[13.28440269,52.64819905],[13.28424097,52.64844745],[13.28450157,52.64828816],[13.28460367,52.64834341],[13.28466049,52.64884175],[13.2848054,52.64973595],[13.28503317,52.6510904],[13.28509133,52.65212166],[13.28513247,52.6526278],[13.28457894,52.6526494],[13.28263552,52.65272515],[13.28190943,52.65275345],[13.28195831,52.65320739],[13.28199646,52.65356179],[13.28200048,52.65359917],[13.28213661,52.65486374],[13.28213787,52.65487551],[13.28214578,52.65494906],[13.28214706,52.65496093],[13.28220254,52.655476],[13.28231135,52.65648675],[13.28237873,52.65711253],[13.28239525,52.65726594],[13.28241556,52.65745451],[13.28243484,52.65763367],[13.2824523,52.65779595],[13.28246961,52.65795667],[13.28248703,52.65811846],[13.28250481,52.65828374],[13.28251168,52.65834744],[13.2825186,52.65841193],[13.2825418,52.65862721],[13.28257373,52.65892377],[13.2825894,52.65906922],[13.28260488,52.65921358],[13.28262044,52.65935794],[13.282636,52.65950231],[13.28265152,52.65964652],[13.28266892,52.65980812],[13.28268633,52.65996949],[13.28269873,52.66008455],[13.28270272,52.66012194],[13.28272637,52.66034164],[13.28276852,52.66073302],[13.28276913,52.6607387],[13.28331368,52.66058234],[13.28366955,52.66052233],[13.28388021,52.66048677],[13.28431828,52.66046379],[13.28449638,52.66044328],[13.28457425,52.66043578],[13.28462821,52.66042934],[13.28543507,52.66033355],[13.2858841,52.66023262],[13.28592769,52.66022302],[13.28600958,52.66020476],[13.28607667,52.66018839],[13.28655402,52.66007984],[13.28658784,52.66007253],[13.2871676,52.6599394],[13.28737621,52.65994553],[13.28741681,52.65994644],[13.28766526,52.65995349],[13.2877474,52.65983639],[13.28779627,52.65984778],[13.28825988,52.65996915],[13.28850604,52.65997725],[13.28902646,52.65995118],[13.29018964,52.65985983],[13.29160311,52.65966112],[13.29214783,52.65958465],[13.29312737,52.65945199],[13.29369089,52.65936227],[13.29391306,52.65935786],[13.29449208,52.65934634],[13.29552363,52.65930171],[13.29554448,52.65930096],[13.29560788,52.6593006],[13.29580326,52.65929998],[13.29657532,52.65929764],[13.29697871,52.65929735],[13.29706469,52.65929729],[13.29713209,52.65929724],[13.29736895,52.65929706],[13.29854503,52.65930176],[13.29930159,52.65927825],[13.3000043,52.65927725],[13.30056579,52.65929359],[13.30142621,52.65923413],[13.30204871,52.65921256],[13.30252495,52.65920425],[13.30291586,52.65926337],[13.30332813,52.65931203],[13.30408439,52.65938895],[13.30454268,52.65942168],[13.30456577,52.65942333],[13.30465086,52.6594294],[13.30470446,52.65943341],[13.30482456,52.65944183],[13.30549661,52.65949479],[13.30711807,52.65961859],[13.30736075,52.65927536],[13.30767142,52.65892871],[13.30815456,52.65864745],[13.30826412,52.65858733],[13.30841521,52.65850097],[13.30854854,52.65842452],[13.30866801,52.65835713],[13.30868987,52.658337],[13.30883522,52.6582182],[13.30882121,52.65820198],[13.30879245,52.65817016],[13.30863926,52.65800092],[13.30875079,52.65796117],[13.30888762,52.65790715],[13.30898891,52.65785943],[13.30908845,52.65780668],[13.3092008,52.65774003],[13.30931324,52.65766341],[13.30940885,52.65758573],[13.30950977,52.65750173],[13.30967408,52.65736315],[13.30987609,52.6574452],[13.30994397,52.65746185],[13.30999728,52.65748453],[13.31004354,52.65744367],[13.31009798,52.65739547],[13.3100423,52.65737995],[13.31000066,52.65736743],[13.30996758,52.65735409],[13.30976968,52.65727429],[13.30927583,52.65707514],[13.30890638,52.65692616],[13.30845836,52.65674318],[13.30767513,52.65642963],[13.30709833,52.65619475],[13.30680312,52.6560757],[13.30671198,52.65603897],[13.30631165,52.65587754],[13.30619998,52.6558325],[13.30532984,52.65548156],[13.30519114,52.65542566],[13.30512278,52.65539815],[13.30509312,52.65538803],[13.30497681,52.6553411],[13.30397829,52.65493747],[13.30286968,52.65449106],[13.3023844,52.65429376],[13.30178457,52.65405218],[13.30042948,52.65350529],[13.30128291,52.6524686],[13.30163071,52.65204498],[13.30164638,52.65202714],[13.30165801,52.65201307],[13.3020408,52.65154804],[13.30204952,52.65153745],[13.30243785,52.65106572],[13.30256397,52.65091258],[13.30282768,52.65059222],[13.30303883,52.65033572],[13.30320451,52.6501344],[13.30324211,52.65008858],[13.30344264,52.64984513],[13.30359459,52.64966053],[13.303639,52.64960647],[13.30373121,52.64949456],[13.30399786,52.64917061],[13.3043185,52.64878106],[13.30440118,52.64868068],[13.30479783,52.64819871],[13.30500576,52.64794609],[13.3051955,52.64771714],[13.3055943,52.64723583],[13.30562216,52.64720225],[13.30575766,52.64703888],[13.30577626,52.64701643],[13.30588392,52.64688646],[13.30595413,52.64680182],[13.30599325,52.64675459],[13.30607442,52.64665657],[13.30620156,52.64650324],[13.30620916,52.64649401],[13.30639224,52.64627313],[13.30645572,52.6461966],[13.30658241,52.64604363],[13.30674757,52.64584431],[13.30679176,52.64579093],[13.30683378,52.6457402],[13.3068975,52.64566324],[13.30695729,52.6455911],[13.30701989,52.64551561],[13.30711111,52.64540559],[13.30719409,52.6453022],[13.30739014,52.64506881],[13.30747208,52.64496989],[13.30758941,52.64482825],[13.30760824,52.64480554],[13.3078504,52.64451335],[13.30791687,52.64443319],[13.30797333,52.64436502],[13.30801412,52.6443158],[13.30802016,52.64430861],[13.30820135,52.64408991],[13.30842952,52.64381444],[13.3084504,52.6438178],[13.30863515,52.64384759],[13.3089893,52.64390534],[13.30919852,52.64394632],[13.3092109,52.64387449],[13.30921565,52.64384635],[13.30922595,52.6437807],[13.30923595,52.64372402],[13.3092713,52.64352067],[13.3092878,52.64342366],[13.30930539,52.64332108],[13.3093216,52.64322614],[13.30938884,52.64283272],[13.30939502,52.64279679],[13.30940725,52.64272532],[13.30902952,52.64267342],[13.30910366,52.64233276],[13.30913453,52.64219077],[13.30915423,52.64210033],[13.30917903,52.64198622],[13.30886659,52.64193711],[13.30888456,52.64182453],[13.30889839,52.64173835],[13.30894325,52.64145789],[13.30870116,52.64124272],[13.3086837,52.64122721],[13.30861629,52.64116729],[13.30854585,52.64110714],[13.30853689,52.64109939],[13.30815338,52.64077184],[13.30816972,52.64066085],[13.30817285,52.6406393],[13.3081778,52.64060579],[13.30823223,52.64023657],[13.30806232,52.64015455],[13.30794186,52.64009646],[13.30788354,52.64009745],[13.3072692,52.64010823],[13.30727135,52.64008232],[13.3072871,52.63988574],[13.30729473,52.63979113],[13.30730289,52.63968913],[13.30703742,52.63966814],[13.30689377,52.6396567],[13.30671984,52.63964294],[13.30653854,52.6396286],[13.30644221,52.63962096],[13.30636867,52.63961512],[13.30626984,52.63960729],[13.30631981,52.63952278],[13.30640791,52.63937295],[13.30642971,52.63933585],[13.30644456,52.63931059],[13.30650977,52.63919933],[13.30659653,52.63905138],[13.30659758,52.63904959],[13.30669122,52.63888979],[13.30669585,52.6388819],[13.30677484,52.63874714],[13.306807,52.63869225],[13.30681104,52.63868541],[13.30682683,52.63860565],[13.3068489,52.63849473],[13.30685935,52.63844199],[13.30688342,52.63831994],[13.30689233,52.63827886],[13.30691816,52.63814507],[13.30692516,52.63811651],[13.30696362,52.63802026],[13.30697724,52.6379912],[13.30706821,52.63777371],[13.30706278,52.63756157],[13.30706233,52.63754796],[13.30607431,52.63739854],[13.30601038,52.63738885],[13.30578467,52.63735471],[13.30579892,52.63732546],[13.3058343,52.63725366],[13.30602404,52.63686066],[13.30607171,52.63676509],[13.30619166,52.63648243],[13.30625116,52.63640469],[13.30693331,52.63558984],[13.3072848,52.63519386],[13.30739433,52.63506026],[13.3075285,52.63489654],[13.30761654,52.63478911],[13.3077986,52.63458901],[13.30815184,52.63415902],[13.30823634,52.63405318],[13.30830908,52.63396199],[13.30844774,52.63376285],[13.30848237,52.63371317],[13.30857668,52.63357769],[13.30878019,52.63337176],[13.30890433,52.63326741],[13.30898677,52.63319813],[13.30933638,52.6328018],[13.30941677,52.63266606],[13.30971636,52.6321605],[13.30977295,52.63199288],[13.3098201,52.63158797],[13.30982167,52.63157368],[13.30989196,52.63143315],[13.30994727,52.6313224],[13.31002735,52.63115349],[13.31003107,52.63114093],[13.31004137,52.6311062],[13.3100711,52.63100581],[13.31010376,52.63089551],[13.31018537,52.63061995],[13.31017391,52.63061968],[13.3097742,52.63060796],[13.30970847,52.63023884],[13.30970273,52.63020668],[13.30968287,52.63009519],[13.31027377,52.63000727],[13.31006202,52.62975148],[13.3099971,52.62967323],[13.3098182,52.62955363],[13.30978314,52.6295302],[13.30970012,52.62947469],[13.30954726,52.62941514],[13.30946206,52.62938195],[13.3092578,52.62930239],[13.3091456,52.62925869],[13.30900943,52.62920564],[13.30887277,52.62915238],[13.30884439,52.62914708],[13.30880923,52.62914049],[13.30861389,52.62910387],[13.30856325,52.62909439],[13.30840248,52.62906424],[13.30833675,52.6290519],[13.30828632,52.62904247],[13.30814631,52.62901622],[13.30811109,52.62900959],[13.30789237,52.62896866],[13.30787643,52.62896564],[13.30767246,52.62892916],[13.30760111,52.62891636],[13.30744518,52.62888846],[13.30732809,52.6288675],[13.30721803,52.62884777],[13.30709281,52.62882536],[13.30698215,52.62880958],[13.30673489,52.6287743],[13.30645135,52.62873376],[13.30640808,52.62872758],[13.30628077,52.62869152],[13.30627675,52.62869038],[13.30621384,52.62867256],[13.30619231,52.62866646],[13.30597113,52.62860379],[13.3058643,52.62857354],[13.30571734,52.62851251],[13.30565537,52.62848705],[13.30546538,52.62840787],[13.30544158,52.62839799],[13.30526366,52.62832409],[13.30523719,52.62831311],[13.30520124,52.62830111],[13.30515507,52.6282857],[13.30514448,52.62828215],[13.30505604,52.62825265],[13.30493977,52.62821384],[13.30483363,52.62817841],[13.30482676,52.62817613],[13.30466547,52.6281439],[13.30459534,52.6281299],[13.30452536,52.62811591],[13.30438536,52.62808797],[13.30435984,52.62808288],[13.30435704,52.6280823],[13.30411901,52.62803285],[13.30411693,52.62803241],[13.30410548,52.62803003],[13.30395718,52.62799922],[13.30388439,52.62798103],[13.30377487,52.62795365],[13.30365291,52.62792317],[13.30352891,52.62789217],[13.30341883,52.62786466],[13.30328254,52.62783059],[13.30308997,52.62778245],[13.30304888,52.62777218],[13.30302516,52.62776196],[13.30263857,52.62759542],[13.30254223,52.62755391],[13.30257248,52.62738958],[13.30260919,52.62719013],[13.30282177,52.62722017],[13.30314279,52.62726553],[13.30335649,52.62729567],[13.30345968,52.62731025],[13.30383676,52.62736349],[13.30386521,52.62736751],[13.30413978,52.62740628],[13.30422522,52.62741834],[13.3044127,52.62744486],[13.30446049,52.62745156],[13.30459068,52.62746994],[13.30469446,52.62748459],[13.3047144,52.62748747],[13.30491072,52.62751515],[13.30494583,52.62752009],[13.30499094,52.62752645],[13.3050012,52.62752823],[13.30513089,52.627551],[13.30528659,52.62757835],[13.30530363,52.62758129],[13.3053562,52.62759048],[13.30559642,52.62761626],[13.30567938,52.62762514],[13.3058289,52.62763502],[13.30586498,52.62763739],[13.30600958,52.62764689],[13.30606815,52.62765076],[13.30618863,52.6276587],[13.30629669,52.62766827],[13.30633003,52.62767121],[13.30637946,52.62767557],[13.30640608,52.62767795],[13.3065229,52.62768829],[13.30667213,52.62770152],[13.30672355,52.62770604],[13.30696997,52.62772784],[13.30721069,52.62774828],[13.30721584,52.62774873],[13.30738268,52.62777498],[13.30740437,52.62777835],[13.30744952,52.62778547],[13.30755399,52.62780193],[13.30759406,52.62780825],[13.30789234,52.62785516],[13.30789809,52.62785607],[13.30812542,52.62789194],[13.3081893,52.62790197],[13.30839832,52.62793488],[13.30850674,52.62795188],[13.30869793,52.62796057],[13.30873586,52.62796229],[13.30927607,52.62798639],[13.30943109,52.62799577],[13.30975496,52.62801663],[13.30999469,52.62803211],[13.310174,52.62804455],[13.31023349,52.62804917],[13.31036765,52.62805951],[13.31047166,52.62806753],[13.310564,52.62807466],[13.31063037,52.62808086],[13.3110045,52.62811585],[13.31101512,52.62811693],[13.31103268,52.62811753],[13.31111272,52.62812026],[13.31123592,52.62812446],[13.3113328,52.62812777],[13.3113502,52.62812837],[13.3118519,52.62816507],[13.31195042,52.62817228],[13.31197201,52.62817385],[13.31200211,52.62817599],[13.31219266,52.62818943],[13.31233466,52.6281994],[13.31243496,52.62819707],[13.31268918,52.62819111],[13.31298655,52.6281842],[13.31301169,52.62817986],[13.31310007,52.62816471],[13.31334706,52.62812222],[13.3133781,52.6281169],[13.313513,52.62808079],[13.31369026,52.62803327],[13.31385718,52.62798851],[13.31417419,52.62790356],[13.31445435,52.62781029],[13.31449713,52.62779605],[13.314724,52.62772051],[13.31479815,52.62769583],[13.31492856,52.62765241],[13.31498717,52.6276329],[13.31500063,52.62763015],[13.31507659,52.62761479],[13.31514919,52.62760009],[13.31527,52.62757561],[13.31537091,52.62755517],[13.31538997,52.62755132],[13.31570348,52.62748781],[13.31571456,52.62748557],[13.31589674,52.62744866],[13.31595141,52.62743759],[13.31605779,52.62741464],[13.31616442,52.62739162],[13.31633694,52.6273544],[13.31644163,52.6273318],[13.31647617,52.62732435],[13.31664047,52.62730062],[13.31667308,52.62729587],[13.31672149,52.62728888],[13.31693591,52.62725783],[13.31700347,52.62724812],[13.31728531,52.62720741],[13.31734673,52.62719914],[13.31744999,52.6271729],[13.3176114,52.62713189],[13.31767743,52.62711504],[13.31777237,52.62709088],[13.31803728,52.62702446],[13.31804918,52.62702148],[13.31815976,52.62699373],[13.31829168,52.62695505],[13.31831401,52.62694855],[13.31836088,52.62693492],[13.31888112,52.62678275],[13.31888568,52.62678142],[13.31905254,52.62675251],[13.31907692,52.62674828],[13.31913664,52.62673793],[13.31927132,52.62671462],[13.31936356,52.62669891],[13.31959361,52.62665875],[13.31986159,52.62664485],[13.32015618,52.62662957],[13.32045001,52.62661434],[13.3207443,52.62659908],[13.32103859,52.62658382],[13.32133893,52.62656823],[13.32148371,52.62656074],[13.32160651,52.62655356],[13.32187182,52.62653805],[13.32213685,52.62652257],[13.32219861,52.62651896],[13.32238866,52.62650296],[13.32268293,52.6264782],[13.32275452,52.62647218],[13.32293684,52.62645684],[13.32294547,52.62645613],[13.32305838,52.62644687],[13.32309809,52.62644362],[13.32342503,52.62641671],[13.32354605,52.62640676],[13.3236453,52.62639859],[13.3238373,52.62638279],[13.32395224,52.6263569],[13.32406966,52.62633045],[13.32425246,52.62628877],[13.32441257,52.62625227],[13.32444822,52.62624414],[13.32472089,52.62618199],[13.32479117,52.62616595],[13.32481716,52.62615818],[13.32501124,52.62610006],[13.32529282,52.62601574],[13.32540166,52.62598315],[13.32556366,52.62593464],[13.32557144,52.6259332],[13.32586009,52.62587979],[13.32587336,52.62587733],[13.32602291,52.62584966],[13.32606128,52.62584256],[13.3261469,52.62582672],[13.32618403,52.62581985],[13.32638691,52.62579562],[13.32643937,52.62578936],[13.32673585,52.62575397],[13.32695324,52.62572802],[13.32725001,52.62569259],[13.32744398,52.62566943],[13.32756671,52.62564444],[13.32764751,52.62562867],[13.32778805,52.62560132],[13.3279009,52.62557926],[13.32796534,52.62556681],[13.32807118,52.6255462],[13.32824013,52.62551308],[13.32837491,52.6254848],[13.32847072,52.62546599],[13.32853342,52.62546095],[13.32855287,52.62545846],[13.32864238,52.62544603],[13.32869094,52.62544039],[13.32885398,52.62540158],[13.32900057,52.6253649],[13.32909504,52.62534127],[13.32930879,52.62528782],[13.32931702,52.62528571],[13.3294624,52.62523308],[13.32959769,52.62518406],[13.329797,52.62511185],[13.32988743,52.62507913],[13.32998547,52.62504361],[13.33008077,52.62500886],[13.33017671,52.62497412],[13.33032195,52.62492138],[13.33040638,52.62488931],[13.33060234,52.62480901],[13.33067463,52.62477938],[13.33076167,52.62474369],[13.33093247,52.62467371],[13.33115743,52.62458082],[13.33138265,52.62448784],[13.33160663,52.62439536],[13.33176928,52.6243282],[13.3318029,52.62431399],[13.33190814,52.62427595],[13.33208789,52.62420606],[13.33213794,52.62418723],[13.33255165,52.62402902],[13.33286377,52.62419379],[13.33459112,52.62349501],[13.3366019,52.62268152],[13.33662617,52.62267163],[13.33668363,52.62264838],[13.3366866,52.62266869],[13.33672852,52.62269342],[13.33677213,52.62271043],[13.33694097,52.62276763],[13.33705946,52.62280333],[13.33713527,52.62281573],[13.33724831,52.62282805],[13.33733535,52.62283923],[13.33742915,52.62285752],[13.33758697,52.62290706],[13.33774462,52.62296011],[13.33783416,52.62297578],[13.33790844,52.62297362],[13.33803113,52.62295559],[13.33827199,52.62292931],[13.33834646,52.62292293],[13.33839057,52.62292905],[13.33840533,52.62294073],[13.33842221,52.62295406],[13.33847313,52.62299432],[13.33850235,52.62310789],[13.33851469,52.62320901],[13.3385286,52.62324841],[13.33859778,52.62330529],[13.3386788,52.62333531],[13.33872747,52.62334505],[13.33877756,52.62334086],[13.33882464,52.62332111],[13.33894569,52.62323882],[13.33901464,52.62321571],[13.33928429,52.62316964],[13.33938631,52.62319523],[13.33952012,52.62328173],[13.33956594,52.62329721],[13.33964058,52.62330943],[13.33972567,52.62330379],[13.33982303,52.6232789],[13.33985273,52.6232713],[13.33992454,52.62326564],[13.34003454,52.62328035],[13.34010041,52.62328916],[13.34019998,52.62328068],[13.34028375,52.62325267],[13.34033638,52.62322135],[13.34040037,52.62316686],[13.34046346,52.62313987],[13.34051826,52.62313677],[13.34057434,52.62314104],[13.34066282,52.62315949],[13.34074987,52.62319296],[13.34088252,52.62323309],[13.34098008,52.62326172],[13.34107415,52.62328432],[13.34117452,52.62329049],[13.34122595,52.62328496],[13.34132891,52.62326583],[13.34133949,52.62326384],[13.34139201,52.6232717],[13.34142299,52.62329833],[13.34143195,52.62330603],[13.34145612,52.62331363],[13.34153028,52.62333188],[13.34175023,52.62325953],[13.341786,52.62324775],[13.34184905,52.6232462],[13.34188446,52.62325587],[13.34189991,52.62326007],[13.34196221,52.62328609],[13.34200597,52.62329923],[13.34204236,52.62329025],[13.34213785,52.62323125],[13.34214954,52.62322637],[13.34220166,52.62320454],[13.34224608,52.6232086],[13.34226585,52.62321134],[13.34230116,52.62323192],[13.34231072,52.62325355],[13.34231862,52.6232715],[13.34234752,52.62330257],[13.34237961,52.62331819],[13.34242381,52.62333106],[13.34248974,52.6233438],[13.34256514,52.62335225],[13.34268476,52.62337455],[13.34273041,52.6233947],[13.34279811,52.62345202],[13.34282843,52.62346557],[13.34285851,52.62347355],[13.34291086,52.6234628],[13.34295553,52.62345122],[13.34301513,52.62341452],[13.34302329,52.62340771],[13.34303984,52.62339171],[13.3430686,52.6233672],[13.34309758,52.62335855],[13.34311637,52.62335411],[13.34314956,52.62335985],[13.34317718,52.62338103],[13.34318957,52.62340734],[13.34320086,52.62342117],[13.34321669,52.62343639],[13.34324128,52.62344922],[13.3433432,52.62346617],[13.34341366,52.62346185],[13.34346075,52.62345045],[13.34348999,52.62344334],[13.3435465,52.62342622],[13.34357079,52.62341568],[13.34360134,52.62344181],[13.34362902,52.62347863],[13.34366187,52.6235116],[13.34371319,52.62353952],[13.34381419,52.62359449],[13.34389408,52.62363796],[13.34392492,52.62366346],[13.34393357,52.6236763],[13.34397618,52.62373958],[13.34399621,52.62373849],[13.34579249,52.62363942],[13.34669199,52.6236083],[13.34708663,52.62361903],[13.34829434,52.62369907],[13.34924153,52.62376285],[13.3510717,52.62386183],[13.3513568,52.622788],[13.3513636,52.62276196],[13.3514843,52.62272907],[13.35160398,52.62278432],[13.35163086,52.6228072],[13.35165691,52.62286813],[13.35164365,52.62293933],[13.3516595,52.62297766],[13.35170487,52.62299771],[13.35199061,52.62302144],[13.35208169,52.62305221],[13.3521594,52.62304645],[13.35220289,52.62303325],[13.35226741,52.62293912],[13.35228866,52.62284112],[13.35231154,52.62281799],[13.35234733,52.62280944],[13.35242298,52.62280431],[13.35254769,52.62283756],[13.35255518,52.62284315],[13.35258851,52.62285303],[13.35256946,52.62287545],[13.35254469,52.62292015],[13.35246896,52.62300984],[13.35246319,52.62305854],[13.35248679,52.62308573],[13.35262741,52.62315121],[13.35275849,52.62318],[13.3528191,52.62321644],[13.35285708,52.62328465],[13.35296595,52.62337135],[13.35305437,52.62340058],[13.35313744,52.62338972],[13.35318601,52.62336538],[13.35322673,52.62332495],[13.35331298,52.62329927],[13.35340502,52.62333875],[13.3534173,52.62335535],[13.35351395,52.62341826],[13.35357965,52.62344429],[13.3537136,52.62346771],[13.35373497,52.62347261],[13.35379897,52.62348731],[13.35386322,52.62348503],[13.35396439,52.62345758],[13.35411004,52.62340185],[13.35423615,52.62337841],[13.35434695,52.62337022],[13.35438309,52.6233765],[13.35444572,52.62342023],[13.35444885,52.62343947],[13.35445577,52.62346662],[13.35443845,52.62352023],[13.35446686,52.6235593],[13.35449613,52.62357851],[13.35456597,52.62360203],[13.354631,52.62361782],[13.35469239,52.62362335],[13.35494137,52.62362131],[13.35504619,52.6236016],[13.35514875,52.62356589],[13.35523751,52.6235164],[13.35525817,52.62349326],[13.35532072,52.62345773],[13.35538124,52.62343577],[13.35543792,52.6234155],[13.35548078,52.62340877],[13.35554859,52.62340542],[13.35561895,52.62339255],[13.35565052,52.62337626],[13.35569889,52.62333711],[13.35582824,52.62322013],[13.35587575,52.62320073],[13.35593607,52.62319117],[13.35598627,52.62318948],[13.35605416,52.62319611],[13.35615981,52.62323193],[13.35625562,52.62328401],[13.35629852,52.62329714],[13.35634907,52.62328907],[13.35636452,52.6232759],[13.35640819,52.62320797],[13.35644934,52.62316943],[13.35647021,52.62316048],[13.35658132,52.62312713],[13.35667636,52.62311261],[13.35672996,52.62311174],[13.35679354,52.62312132],[13.35683927,52.6231296],[13.35701418,52.62319066],[13.3570698,52.62319744],[13.35711957,52.62319719],[13.35716437,52.62318803],[13.35718434,52.62318269],[13.35727115,52.62316132],[13.35730877,52.62314442],[13.35736428,52.62312092],[13.35755966,52.62299636],[13.357615,52.62297995],[13.35763907,52.62297838],[13.35769661,52.62298769],[13.35770396,52.62299201],[13.35774582,52.62303021],[13.35775162,52.6230694],[13.35774624,52.62310426],[13.35774974,52.623135],[13.35779268,52.62319108],[13.35798751,52.62330098],[13.35800812,52.62331199],[13.3580357,52.62331763],[13.35809724,52.62332423],[13.35812059,52.62331961],[13.35814841,52.62330898],[13.35818666,52.62328364],[13.35822274,52.62322998],[13.35828234,52.6231673],[13.3583132,52.62314176],[13.35833691,52.62312753],[13.35837562,52.62312536],[13.35839156,52.6231255],[13.35841264,52.62313156],[13.35843801,52.62316056],[13.35843751,52.62316972],[13.35839906,52.62332537],[13.35841207,52.62334823],[13.35843823,52.6233667],[13.35848761,52.62338173],[13.3587127,52.62342169],[13.35880688,52.62342829],[13.35886954,52.62341917],[13.35892577,52.62339989],[13.35897553,52.62337555],[13.3590481,52.62331686],[13.35908014,52.62329438],[13.35909792,52.6232848],[13.35912514,52.62327641],[13.3591514,52.62327926],[13.35917515,52.62328506],[13.35919846,52.62331253],[13.35920501,52.62332692],[13.35921345,52.62339559],[13.35920871,52.62342182],[13.35921169,52.62344349],[13.35920296,52.62349505],[13.35919171,52.62354778],[13.35920268,52.62356497],[13.35925299,52.62359734],[13.35929048,52.62362186],[13.35943254,52.62371897],[13.35946913,52.62375665],[13.35955735,52.62381181],[13.35961279,52.62387367],[13.35962956,52.62390975],[13.35964442,52.62401375],[13.35965699,52.62403418],[13.35966816,52.62404427],[13.35968141,52.62405086],[13.35969113,52.62405322],[13.3597549,52.62405921],[13.35981856,52.62405521],[13.35985525,52.62404649],[13.35992309,52.62403631],[13.35996893,52.62402527],[13.35999056,52.62401345],[13.36001592,52.62397091],[13.3600513,52.62390755],[13.36006076,52.62388241],[13.36007507,52.62386016],[13.36012802,52.62384796],[13.36015194,52.62384802],[13.36022918,52.62384684],[13.36028187,52.62384975],[13.36032708,52.62384751],[13.36035472,52.62384281],[13.36038427,52.62383965],[13.36042877,52.62383256],[13.36049164,52.62383737],[13.3605444,52.6238294],[13.36054882,52.62383058],[13.36055206,52.62383248],[13.36057135,52.62384213],[13.36058417,52.62386993],[13.36051199,52.6239147],[13.36044374,52.62399191],[13.36044943,52.62400334],[13.36045374,52.62402376],[13.3604712,52.62404203],[13.36050022,52.62405378],[13.36055777,52.62405921],[13.36074414,52.62403446],[13.3607883,52.62403268],[13.36083487,52.62402308],[13.36086162,52.62402081],[13.36091666,52.62405148],[13.36091773,52.62411789],[13.36092002,52.62415375],[13.36091765,52.62418214],[13.36092973,52.62420859],[13.3609418,52.62424061],[13.36097845,52.62425948],[13.36103625,52.62427434],[13.36129775,52.62432696],[13.36138396,52.62433281],[13.36164558,52.62431632],[13.36180456,52.6242766],[13.36184551,52.62426869],[13.36187047,52.62426902],[13.36189716,52.6242769],[13.361922,52.62429475],[13.3619566,52.62433526],[13.36202265,52.62437737],[13.36207606,52.6244103],[13.36210323,52.6244339],[13.36211808,52.62446943],[13.36213563,52.6244985],[13.36214258,52.62452215],[13.36213158,52.62455825],[13.36218293,52.62458847],[13.36220065,52.62459084],[13.36225187,52.62459258],[13.36229133,52.62458808],[13.36234957,52.62457805],[13.36241674,52.62458054],[13.36243835,52.62457448],[13.36246816,52.62457688],[13.36250244,52.6245987],[13.36250898,52.62461409],[13.36250843,52.62463161],[13.36247335,52.62469632],[13.36247325,52.62473748],[13.36252175,52.62477587],[13.36258262,52.62479524],[13.36266947,52.62481699],[13.36276079,52.62483041],[13.36285506,52.62484616],[13.36292209,52.62484937],[13.36309432,52.62486548],[13.36316987,52.62487616],[13.3633643,52.62491074],[13.36339646,52.62491467],[13.36352148,52.62494973],[13.36359881,52.62500706],[13.36362706,52.62504702],[13.36365764,52.62507144],[13.36368589,52.62508714],[13.36374259,52.62508852],[13.36377657,52.6250731],[13.36378152,52.62504943],[13.363778,52.62502012],[13.36371227,52.62494791],[13.36373915,52.62492326],[13.36384285,52.62491774],[13.36394219,52.62495094],[13.36398459,52.62494653],[13.36403348,52.6249187],[13.36404796,52.62489473],[13.36404557,52.62487523],[13.36401741,52.62481765],[13.36397509,52.62475672],[13.36395748,52.62473925],[13.36395934,52.62472388],[13.3639688,52.62469884],[13.36398145,52.62468206],[13.36403655,52.62465595],[13.36407079,52.62465728],[13.36410172,52.62467147],[13.36415469,52.62470303],[13.36417664,52.62476247],[13.36418588,52.62482064],[13.36419714,52.62484079],[13.36421874,52.62485854],[13.36442576,52.62486142],[13.36457941,52.62484865],[13.36474317,52.62482573],[13.36477283,52.62482778],[13.36479624,52.62484041],[13.36480935,52.62484618],[13.36481859,52.62485627],[13.36482208,52.62487494],[13.36482224,52.62488962],[13.36475008,52.62498085],[13.36460209,52.62518029],[13.36459855,52.6252059],[13.36461674,52.62522606],[13.364659,52.62524521],[13.36473362,52.62526084],[13.36491367,52.62525521],[13.36503893,52.6252509],[13.36507405,52.62525529],[13.3650945,52.62526702],[13.36512541,52.62530861],[13.36516653,52.62537533],[13.36518604,52.62539366],[13.36522305,52.62542933],[13.36526853,52.62545522],[13.36532412,52.62546837],[13.36537665,52.62547451],[13.36540428,52.6254726],[13.36549214,52.62544969],[13.36558041,52.62540603],[13.36568813,52.62532297],[13.36573406,52.62529405],[13.36583247,52.62528383],[13.36585916,52.62528992],[13.36587535,52.62530091],[13.36588041,52.62531899],[13.36588211,52.62538199],[13.36586863,52.62543758],[13.36590813,52.62547622],[13.36595448,52.62547902],[13.36598295,52.62543496],[13.36599648,52.62539509],[13.36602726,52.62538222],[13.36607197,52.62538978],[13.36609121,52.62540635],[13.36613584,52.62545174],[13.36618926,52.62548241],[13.36621438,52.62548121],[13.36626368,52.62545831],[13.36631829,52.62541404],[13.36637747,52.62534362],[13.36644657,52.6253232],[13.36651955,52.62531833],[13.36664936,52.62531573],[13.36671762,52.62528731],[13.3668571,52.62527153],[13.36689263,52.62528356],[13.36690449,52.62529922],[13.36692383,52.62532551],[13.36692815,52.62534645],[13.36698355,52.62536824],[13.36711051,52.62540042],[13.36719357,52.62531362],[13.36730383,52.62502252],[13.36779512,52.62424923],[13.36790766,52.62407218],[13.36808947,52.6238658],[13.36848273,52.62341132],[13.36859274,52.62328673],[13.36861979,52.62325606],[13.3687063,52.62316135],[13.36876872,52.62309257],[13.36936507,52.62242384],[13.36942124,52.62236298],[13.36951889,52.62225721],[13.36962694,52.62211205],[13.36971819,52.62198643],[13.36977951,52.62192932],[13.36982845,52.62186903],[13.37012605,52.62150384],[13.3703815,52.62120129],[13.37104685,52.62036655],[13.37155426,52.61969527],[13.37191285,52.6191725],[13.37245005,52.6183771],[13.37275229,52.61791513],[13.37298392,52.61753793],[13.3731078,52.61733358],[13.37313671,52.61728601],[13.37321514,52.61718122],[13.37323285,52.61715601],[13.37369629,52.61649478],[13.37370268,52.61648555],[13.37421285,52.61575775],[13.37424397,52.61572001],[13.37426239,52.61569766],[13.37428542,52.61566974],[13.37428822,52.61566634],[13.37450536,52.61533349],[13.37522781,52.61422602],[13.37571696,52.613239],[13.37604603,52.61201486],[13.37606155,52.61195714],[13.37628425,52.61112867],[13.37628687,52.6110992],[13.37632288,52.6106965],[13.3763385,52.61000323],[13.37635389,52.60932255],[13.37628366,52.60853969],[13.37621177,52.60773849],[13.37577745,52.60707294],[13.37578868,52.60702003],[13.37577536,52.60700068],[13.37569778,52.60688929],[13.37559786,52.60674584],[13.37544314,52.60652738],[13.37514986,52.60610934],[13.37525992,52.6062246],[13.37506076,52.60593842],[13.37426756,52.60476708],[13.37402321,52.60441706],[13.37377032,52.60405089],[13.37330171,52.60336644],[13.37280873,52.60266712],[13.37245711,52.60217356],[13.37236723,52.60203633],[13.3719101,52.60137322],[13.37183727,52.6012676],[13.37166156,52.60102709],[13.3711839,52.60030461],[13.37111441,52.60019951],[13.37109444,52.60016932],[13.37102232,52.60004723],[13.37099996,52.60001815],[13.37085676,52.59983188],[13.37057001,52.59947997],[13.37033793,52.59925239],[13.3701503,52.59907883],[13.36997368,52.5989354],[13.36961767,52.59865044],[13.36938261,52.59845817],[13.36863847,52.59783941],[13.36860279,52.59781389],[13.36851853,52.59773961],[13.36817007,52.59743792],[13.36810362,52.5973804],[13.36799709,52.59736938],[13.36797163,52.59736823],[13.36796449,52.5973585],[13.36785494,52.59725065],[13.36784746,52.59724452],[13.36776102,52.5971732],[13.36714193,52.5966627],[13.36703552,52.59657495],[13.36620378,52.59588619],[13.36569357,52.59546218],[13.3656452,52.59542197],[13.36549325,52.59529153],[13.3652355,52.59506996],[13.36503145,52.59489933],[13.36435699,52.59433533],[13.36429318,52.59430967],[13.36429533,52.59427868],[13.36364931,52.59375231],[13.36299608,52.59322018],[13.36253233,52.5928424],[13.36158911,52.59204898],[13.36112857,52.59166872],[13.36093231,52.59150681],[13.36086551,52.59145095],[13.36080094,52.59139686],[13.36077724,52.59137701],[13.36067982,52.59129541],[13.36065926,52.59127819],[13.3606494,52.59126993],[13.36030916,52.59121506],[13.3600705,52.5911766],[13.35985192,52.59115733],[13.35970607,52.59114442],[13.35912884,52.59109342],[13.35863009,52.59106408],[13.3580144,52.59102786],[13.35620946,52.5909184],[13.35618302,52.5909168],[13.35569318,52.59088709],[13.35521468,52.59088061],[13.35476572,52.59089267],[13.35465373,52.59089568],[13.35452173,52.59089922],[13.35414855,52.59090925],[13.35391545,52.5909035],[13.35369133,52.59089796],[13.35215598,52.59081783],[13.35205559,52.59081183],[13.35175633,52.59079391],[13.35128316,52.59074492],[13.35080091,52.59068699],[13.35019729,52.59060474],[13.34864068,52.59032046],[13.34811888,52.59020826],[13.34792725,52.5901656],[13.34791204,52.59016221],[13.34762276,52.59009784],[13.34758402,52.59008922],[13.34757333,52.59008684],[13.34755712,52.59008323],[13.34756922,52.59007634],[13.34765858,52.59002654],[13.34782587,52.58993331],[13.34783418,52.58992867],[13.34803375,52.58981746],[13.34865263,52.58947015],[13.34913344,52.58920032],[13.3492623,52.58920672],[13.34991952,52.58923932],[13.34979132,52.58890973],[13.35017029,52.5886981],[13.3503641,52.58859521],[13.3505437,52.58849349],[13.3507142,52.5884013],[13.35074775,52.58838315],[13.3513861,52.58802386],[13.3518694,52.58779941],[13.3522332,52.58758812],[13.35210399,52.58753452],[13.35216395,52.58750241],[13.35264413,52.58725361],[13.35314727,52.586993],[13.35332459,52.5869012],[13.35356844,52.58676616],[13.35387624,52.58659568],[13.35394168,52.58655943],[13.35441856,52.58629543],[13.35452798,52.58623251],[13.35514853,52.58587592],[13.35549234,52.58567828],[13.35568849,52.58557062],[13.35574046,52.58554198],[13.35610716,52.58534035],[13.35658918,52.58507546],[13.35695012,52.58487319],[13.35781811,52.58438675],[13.35806597,52.58433906],[13.35845425,52.58426234],[13.35881352,52.58417172],[13.35925155,52.58385656],[13.35921619,52.5837748],[13.35998046,52.58335515],[13.36070239,52.58295768],[13.36216929,52.58214823],[13.36295039,52.58171629],[13.36345117,52.58143325],[13.36363946,52.58135037],[13.36370455,52.58132166],[13.3638679,52.58125233],[13.36401149,52.58146804],[13.36404749,52.58144631],[13.36407447,52.58143014],[13.36430729,52.58128996],[13.36470467,52.58101718],[13.36523095,52.58064383],[13.36528274,52.58060709],[13.36571606,52.58034765],[13.3662905,52.58003206],[13.36653174,52.57989935],[13.36658856,52.57986809],[13.36668834,52.57981319],[13.36673143,52.57978949],[13.36683528,52.57973242],[13.36738172,52.57943252],[13.36816843,52.57900078],[13.36813181,52.57894791],[13.36852536,52.57873141],[13.36914429,52.57839093],[13.37016182,52.57784031],[13.37118136,52.57728941],[13.37227164,52.57681213],[13.37231653,52.57685929],[13.37299083,52.57656796],[13.3736322,52.5763084],[13.3742733,52.57604802],[13.37472316,52.5758476],[13.3751442,52.57563157],[13.37582082,52.57521663],[13.37605134,52.57507526],[13.37624907,52.57494499],[13.37625147,52.5749434],[13.37626571,52.57493403],[13.37646257,52.57480442],[13.37651692,52.5748064],[13.37649036,52.57478208],[13.37648469,52.57477735],[13.3764453,52.5747446],[13.37731559,52.57417131],[13.37762131,52.5739681],[13.37807837,52.57366623],[13.37815697,52.57361448],[13.37824978,52.57368694],[13.3784831,52.57371631],[13.37858928,52.57341349],[13.3788598,52.57344746],[13.37891684,52.57345462],[13.37901055,52.57314885],[13.3790359,52.57306615],[13.37927082,52.57309476],[13.3793552,52.57282382],[13.37951757,52.57272385],[13.37961462,52.5727361],[13.3796847,52.57252429],[13.37999566,52.57246148],[13.38018352,52.57242307],[13.38025762,52.57240998],[13.38027347,52.57240718],[13.38088519,52.57228586],[13.38097953,52.57226745],[13.38116367,52.57223144],[13.38151759,52.57216226],[13.3818473,52.57209779],[13.38214956,52.57203866],[13.38220475,52.5720272],[13.38223895,52.57202123],[13.38254221,52.57207552],[13.38276737,52.57218284],[13.38308223,52.57233292],[13.38337368,52.57216997],[13.38359255,52.57205195],[13.38380545,52.57193334],[13.38402057,52.5718159],[13.3842565,52.57168791],[13.38469118,52.57144861],[13.38490854,52.57132992],[13.38512193,52.57120841],[13.38533458,52.571092],[13.38554941,52.57097287],[13.3857797,52.57084837],[13.38599594,52.57072719],[13.38621817,52.57060784],[13.38643185,52.57048989],[13.3866526,52.57036579],[13.38670072,52.57034118],[13.3867097,52.57033621],[13.38691538,52.57022257],[13.38705194,52.57014785],[13.38714227,52.57009841],[13.38735544,52.56998169],[13.38757217,52.56986011],[13.3877932,52.56973917],[13.38800772,52.56962106],[13.38826389,52.56947889],[13.38812,52.56938124],[13.38777478,52.56914698],[13.38814862,52.56892262],[13.38893775,52.56844904],[13.38917838,52.56830463],[13.38926064,52.56825518],[13.38928166,52.56824255],[13.38927925,52.56824138],[13.38904616,52.56812732],[13.38846467,52.56775841],[13.38845015,52.56774919],[13.38838079,52.56767945],[13.38840056,52.56766863],[13.3884201,52.56765798],[13.38845052,52.56764142],[13.388505,52.56761174],[13.38851589,52.56760582],[13.38859814,52.56763714],[13.38865528,52.5676589],[13.38902007,52.56741376],[13.3890601,52.56737955],[13.38905345,52.5673255],[13.38901901,52.56730115],[13.38879311,52.56715471],[13.38882899,52.5671354],[13.38893329,52.56707929],[13.38895483,52.56706768],[13.38891841,52.56700118],[13.38917718,52.56685297],[13.39039133,52.56615754],[13.39062879,52.56602152],[13.39074157,52.56582092],[13.39071859,52.56580286],[13.3907101,52.56579619],[13.39103156,52.5656243],[13.39106689,52.5656493],[13.39134215,52.56562056],[13.39159064,52.56548013],[13.39286131,52.56476195],[13.39311733,52.56460347],[13.39318954,52.56455731],[13.39333423,52.56444958],[13.39336509,52.56442478],[13.39339026,52.56440455],[13.39333375,52.56437358],[13.39338023,52.56434255],[13.39352995,52.56423202],[13.39364334,52.56414832],[13.3936622,52.56413441],[13.39372634,52.56408708],[13.39388194,52.56394935],[13.39404244,52.56380794],[13.3941344,52.56372548],[13.39420214,52.56366473],[13.39435659,52.56351764],[13.39438767,52.56348709],[13.39448512,52.56339131],[13.39449095,52.56338558],[13.39450817,52.5633683],[13.39452235,52.56335409],[13.39462815,52.56324534],[13.39476502,52.56309669],[13.39488269,52.5629721],[13.39490119,52.56295189],[13.39502853,52.56280613],[13.39520676,52.56261097],[13.39522623,52.56258181],[13.39590516,52.56182164],[13.39610161,52.56148468],[13.39621628,52.56128984],[13.39631924,52.56107744],[13.39639873,52.5608632],[13.3965364,52.56043281],[13.39663624,52.56004641],[13.39664226,52.56002332],[13.39666647,52.55992472],[13.39668673,52.55983748],[13.39678367,52.55943134],[13.39695654,52.558809],[13.39701145,52.55843538],[13.39703036,52.55839861],[13.39703338,52.55839277],[13.39704233,52.55837535],[13.39709762,52.5582679],[13.39716669,52.55788781],[13.39713719,52.55788928],[13.39715223,52.55738167],[13.39715636,52.5572422],[13.39715718,52.55722288],[13.39717551,52.55679193],[13.39717696,52.55634377],[13.39730848,52.55566483],[13.39742051,52.5552195],[13.397497,52.55496857],[13.39752953,52.55486167],[13.39754733,52.55480318],[13.39755535,52.55477681],[13.39756128,52.55475258],[13.39756255,52.55474743],[13.39756508,52.55473711],[13.39756776,52.55472614],[13.39756911,52.55472066],[13.39758109,52.55467176],[13.39759551,52.55461286],[13.39760629,52.55456885],[13.39764469,52.55441205],[13.39771835,52.55411168],[13.39783059,52.55376224],[13.39798169,52.55322801],[13.39806733,52.552806],[13.39806683,52.55277889],[13.39806635,52.55275241],[13.39806353,52.55260011],[13.39802488,52.55237842],[13.39798071,52.55219646],[13.39789605,52.55197837],[13.39780573,52.551768],[13.39780366,52.55176367],[13.39777722,52.55170841],[13.39777612,52.55170611],[13.3977248,52.55159871],[13.39762975,52.55141799],[13.39753672,52.55130934],[13.39744963,52.55121599],[13.39735504,52.55112037],[13.39728709,52.55106039],[13.39722428,52.55100554],[13.39718553,52.55097392],[13.39708253,52.55089197],[13.39701965,52.55084194],[13.39687841,52.55072957],[13.39684609,52.55070385],[13.39720907,52.55073598],[13.39728569,52.55074277],[13.39775275,52.55078412],[13.39809637,52.55081454],[13.39841401,52.55084265],[13.39862239,52.5508611],[13.39876178,52.55087344],[13.39889978,52.55088566],[13.39890071,52.55088036],[13.39894059,52.55065523],[13.39901969,52.55020796],[13.39913821,52.54953788],[13.39915074,52.54947608],[13.39915933,52.54943367],[13.39916625,52.54939954],[13.39917348,52.54936385],[13.39918096,52.54932698],[13.3991888,52.54928832],[13.39919613,52.54925213],[13.39920429,52.54921182],[13.39922711,52.54909925],[13.39923352,52.54906762],[13.39923669,52.54906033],[13.39928748,52.54894556],[13.39932092,52.54886999],[13.39936285,52.54877532],[13.3993717,52.54875534],[13.39937985,52.54873693],[13.39953702,52.54838164],[13.39954744,52.54835809],[13.3996181,52.54819836],[13.39963343,52.54816367],[13.39963442,52.54816149],[13.39963505,52.54816002],[13.39986473,52.54764082],[13.39989949,52.54756226],[13.39994572,52.54745774],[13.40026449,52.54673706],[13.40029653,52.5466646],[13.4003022,52.54665194],[13.4003037,52.54664556],[13.39937428,52.54656028],[13.39937202,52.54656007],[13.39935351,52.54655837],[13.39935863,52.54653771],[13.39931973,52.54653413],[13.39921332,52.54653063],[13.39920654,52.54653041],[13.3992744,52.54637813],[13.39930827,52.54629965],[13.39948819,52.54588177],[13.39964813,52.54551021],[13.39966861,52.54545526],[13.39981571,52.5450595],[13.39984142,52.5449616],[13.39989484,52.54475918],[13.39992491,52.54464523],[13.39998797,52.544404],[13.40005893,52.54413417],[13.40012861,52.5438429],[13.40016823,52.54368484],[13.40020872,52.54352337],[13.40024556,52.54337642],[13.40025228,52.54336229],[13.40027253,52.54331973],[13.40029734,52.54326762],[13.40032822,52.54320272],[13.40042355,52.54300238],[13.40051312,52.54281025],[13.4009058,52.54196033],[13.40099359,52.54181412],[13.40146206,52.54105291],[13.40170923,52.54064912],[13.40172765,52.54061904],[13.40174994,52.54058262],[13.4017812,52.54053156],[13.40181572,52.54047518],[13.40183008,52.5404517],[13.40183071,52.54045069],[13.40203094,52.54012458],[13.40272452,52.54032088],[13.4027679,52.54033315],[13.40293335,52.54037998],[13.40337827,52.5405059],[13.40341811,52.54042801],[13.40343908,52.54038701],[13.40346649,52.5403334],[13.40348757,52.54029219],[13.40352788,52.54021348],[13.4035028,52.54020639],[13.40345754,52.54019359],[13.40320189,52.54012123],[13.40311137,52.54009561],[13.40302158,52.54007013],[13.40285853,52.54002387],[13.40250605,52.53992372],[13.40215343,52.53982385],[13.40207798,52.53980255],[13.40198434,52.53977613],[13.40180006,52.53972414],[13.40152255,52.53964571],[13.40135433,52.53959858],[13.40116814,52.53954644],[13.40096554,52.53948888],[13.40061369,52.53938821],[13.40056331,52.53937391],[13.40016189,52.53926173],[13.39991139,52.53919132],[13.39976334,52.5391497],[13.39951168,52.53907913],[13.39944933,52.53906165],[13.39938732,52.53904429],[13.39925903,52.53900835],[13.39897849,52.53892946],[13.39883183,52.53888817],[13.39876989,52.53887073],[13.39871373,52.53885491],[13.39852491,52.5388017],[13.39810976,52.53868488],[13.39796317,52.53864362],[13.39778687,52.53859413],[13.39761012,52.53854418],[13.39744176,52.53849659],[13.39727326,52.53844989],[13.39710519,52.53840238],[13.39690358,52.53834565],[13.39680586,52.53831759],[13.39662368,52.53826548],[13.39633626,52.53818539],[13.39586276,52.5380877],[13.39568769,52.53803828],[13.39554175,52.53799708],[13.39518645,52.53789677],[13.39499382,52.53784245],[13.3948,52.5377878],[13.39460693,52.53773251],[13.39452201,52.53770826],[13.39440193,52.53767387],[13.39420904,52.53761868],[13.39401653,52.53756359],[13.39388937,52.5375271],[13.39376695,52.53749205],[13.39352117,52.53742197],[13.39326825,52.53728571],[13.39322577,52.53726283],[13.39307435,52.53716741],[13.39299143,52.53711516],[13.39290242,52.53705906],[13.39275491,52.5369661],[13.39270324,52.53693355],[13.39258042,52.53685615],[13.39245817,52.53677935],[13.39233585,52.53670222],[13.39221305,52.53662487],[13.3921496,52.53658422],[13.39208351,52.53654185],[13.39204987,52.53652022],[13.39195779,52.5364618],[13.39192722,52.53644233],[13.39190182,52.53642628],[13.39176798,52.53634027],[13.39148397,52.53615775],[13.39131756,52.53605209],[13.39127527,52.53602514],[13.39106862,52.53589209],[13.39086036,52.53575948],[13.39064548,52.53562291],[13.39059646,52.53559176],[13.3905328,52.53555131],[13.3904237,52.53548201],[13.3903776,52.53546099],[13.39014939,52.5353569],[13.39008698,52.53530197],[13.39005915,52.5352775],[13.3900067,52.53523133],[13.38981218,52.53506018],[13.3897584,52.53501284],[13.38963206,52.53490186],[13.38955134,52.53483087],[13.38946788,52.53475745],[13.38944434,52.53473675],[13.38941447,52.53471047],[13.38833485,52.53376082],[13.38823454,52.53361736],[13.38818778,52.53355345],[13.38811985,52.5334606],[13.38795632,52.53323706],[13.38773083,52.5331393],[13.38772381,52.53314454],[13.38771373,52.53315206],[13.38767165,52.53318348],[13.3876237,52.53321933],[13.38760158,52.53323588],[13.38755848,52.53326809],[13.38725941,52.5334917],[13.38724072,52.53350567],[13.38686026,52.53379006],[13.38683512,52.53380885],[13.38637768,52.53415078],[13.3863637,52.53416123],[13.38632084,52.53419325],[13.38630688,52.5342037],[13.38619255,52.53428916],[13.38489775,52.53542016],[13.38463649,52.53563036],[13.38434371,52.53586591],[13.38431967,52.53588525],[13.38393824,52.53619212],[13.38351168,52.5365323],[13.38347571,52.53656099],[13.38344961,52.53658179],[13.38343864,52.53659054],[13.38335821,52.53665964],[13.38261192,52.53730066],[13.38251738,52.53738187],[13.38236923,52.53750912],[13.38210116,52.53773938],[13.38209539,52.53774433],[13.3800102,52.53975425],[13.37995193,52.53982885],[13.37987079,52.5399327],[13.37983591,52.53997728],[13.37978128,52.54004745],[13.37971075,52.5401147],[13.37967187,52.54011161],[13.37966725,52.54011124],[13.37954744,52.54010174],[13.3795154,52.54009919],[13.37951346,52.54010422],[13.37946013,52.54007248],[13.37815847,52.53929627],[13.37812672,52.53927733],[13.37760983,52.53896908],[13.37739886,52.53884356],[13.37709869,52.53866496],[13.37704068,52.53863045],[13.37654265,52.53833412],[13.37635831,52.53822444],[13.37632163,52.53820263],[13.3761275,52.53808713],[13.376167,52.53806264],[13.37615494,52.53805549],[13.37610585,52.53802634],[13.37607743,52.53800946],[13.37602401,52.53797776],[13.37592989,52.5379219],[13.37590528,52.53790728],[13.37586738,52.53788478],[13.37582442,52.53785928],[13.37577463,52.53782972],[13.37574969,52.53781492],[13.37569762,52.537784],[13.3756725,52.53776909],[13.37559169,52.53772113],[13.3755667,52.53770629],[13.37552888,52.53768385],[13.37549222,52.53766208],[13.37548606,52.53765842],[13.37520544,52.53749185],[13.37492585,52.5373259],[13.37454615,52.53703316],[13.37425765,52.53721099],[13.3742197,52.5372344],[13.37421705,52.53723603],[13.37417848,52.53725978],[13.37417699,52.53726073],[13.37417533,52.53726175],[13.37416984,52.53726514],[13.37410728,52.5373037],[13.37401567,52.53736018],[13.37395764,52.53739597],[13.37394727,52.53740236],[13.37375054,52.53752341],[13.37374328,52.53752787],[13.37369967,52.53755469],[13.37320528,52.53788593],[13.3730027,52.53802336],[13.37298219,52.53803727],[13.37248176,52.53780316],[13.3724641,52.53779489],[13.37100203,52.53711089],[13.37095578,52.53708925],[13.36948349,52.53640043],[13.36944217,52.5363811],[13.36873522,52.53605043],[13.36870598,52.53603675],[13.36860667,52.53599031],[13.36788326,52.53662127],[13.3678207,52.5365918],[13.36773828,52.536553],[13.36766104,52.53651662],[13.36756346,52.53647085],[13.36748322,52.53643283],[13.36740253,52.53639483],[13.3673217,52.53635682],[13.36724101,52.53631881],[13.36716032,52.5362808],[13.36707964,52.5362427],[13.36699896,52.53620468],[13.36691813,52.53616668],[13.36683744,52.53612867],[13.36670194,52.53606484],[13.36664817,52.53600753],[13.36662505,52.5359829],[13.36656032,52.53591391],[13.36646264,52.53587855],[13.36639347,52.53585351],[13.36589304,52.53567232],[13.36586033,52.53566048],[13.36621724,52.53531299],[13.36655358,52.53498564],[13.36660749,52.53493317],[13.36757903,52.53398752],[13.36761315,52.53395431],[13.36820457,52.53337864],[13.36824102,52.53334315],[13.36824369,52.53334053],[13.36828831,52.53329714],[13.36850425,52.53326463],[13.3688512,52.5329265],[13.36893153,52.53284831],[13.36898446,52.53279514],[13.36905591,52.53272179],[13.36913154,52.53264251],[13.36918034,52.53258708],[13.36924231,52.53252261],[13.36928681,52.53247435],[13.36952918,52.53220348],[13.36961477,52.53210607],[13.36983761,52.53184793],[13.36993392,52.5317315],[13.36994041,52.53172346],[13.36996387,52.53169442],[13.36997342,52.53168261],[13.37006129,52.53157351],[13.37013956,52.5314698],[13.37018143,52.53141364],[13.37019341,52.53139731],[13.37027307,52.53128892],[13.37033948,52.53119776],[13.37040901,52.5311005],[13.37047915,52.53100009],[13.37048491,52.53099183],[13.37050566,52.53096205],[13.37051118,52.53095409],[13.37051466,52.53094912],[13.37058956,52.53084244],[13.37068672,52.5307056],[13.37076053,52.53060656],[13.37083242,52.53050902],[13.37087932,52.53044874],[13.37089919,52.53045489],[13.37093689,52.53040824],[13.37097308,52.5303669],[13.37101491,52.5303198],[13.37106814,52.53026133],[13.37111174,52.53021424],[13.37111574,52.53021002],[13.37117224,52.53014994],[13.37119888,52.53012197],[13.37120738,52.53011299],[13.37123791,52.53008106],[13.37127971,52.53003883],[13.37135695,52.5299591],[13.37167027,52.52964561],[13.3721094,52.52920946],[13.37215414,52.52916605],[13.37219533,52.52912822],[13.37222347,52.52910329],[13.37225131,52.52908026],[13.37223248,52.52907277],[13.37234488,52.52897631],[13.37237494,52.52895149],[13.37287336,52.52855346],[13.37302821,52.52842789],[13.37311586,52.52835547],[13.3732019,52.52828241],[13.37324366,52.52824539],[13.37328527,52.52820837],[13.37332571,52.5281708],[13.37336587,52.52813296],[13.37340395,52.52809449],[13.37354759,52.52794607],[13.3735645,52.52795204],[13.3735728,52.52794145],[13.37358202,52.52792951],[13.37358503,52.52792652],[13.37358851,52.52792374],[13.37359242,52.52792117],[13.37359672,52.52791884],[13.37360138,52.5279168],[13.37360498,52.52791616],[13.37360867,52.52791586],[13.37361239,52.52791591],[13.37361606,52.52791631],[13.37361958,52.52791705],[13.37362289,52.5279181],[13.37364511,52.5279248],[13.37365429,52.52791574],[13.37366282,52.52791936],[13.37366523,52.52791649],[13.37366816,52.52791307],[13.37374873,52.5278026],[13.37382425,52.52769917],[13.37383715,52.52768347],[13.37381744,52.5276775],[13.37381114,52.52767535],[13.37380546,52.52767261],[13.37380057,52.52766936],[13.37379659,52.52766568],[13.37379393,52.5276622],[13.37379209,52.52765852],[13.3737911,52.52765472],[13.37379096,52.52765089],[13.37379169,52.52764707],[13.37380038,52.52762049],[13.37376535,52.52761627],[13.37378817,52.5275421],[13.37380621,52.52747897],[13.37382144,52.52741788],[13.3738348,52.52735133],[13.37384164,52.52728772],[13.37384351,52.52722014],[13.37384091,52.52715912],[13.37383447,52.52710132],[13.3738188,52.52703101],[13.37379665,52.52696321],[13.37376048,52.5268977],[13.37371826,52.52683713],[13.37367482,52.52677953],[13.37362284,52.52672361],[13.37356582,52.52667065],[13.37350496,52.52662038],[13.37343629,52.52657161],[13.37336715,52.52652635],[13.37105109,52.52652703],[13.37104251,52.52652183],[13.37100395,52.52649845],[13.37099747,52.52577933],[13.37099257,52.52523563],[13.37131804,52.52503775],[13.3713382,52.52502556],[13.37137257,52.5250046],[13.37164812,52.52483051],[13.37166587,52.5248193],[13.37172082,52.52478455],[13.37172078,52.52440851],[13.37172075,52.52430095],[13.37172071,52.52414368],[13.37172064,52.52378133],[13.37172062,52.52364946],[13.37172057,52.52360632],[13.37176891,52.52360625],[13.37176746,52.52357309],[13.37173653,52.5235475],[13.37173639,52.52354669],[13.37169649,52.52338809],[13.37169253,52.5227865],[13.3716925,52.52278112],[13.37174028,52.52278311],[13.3717881,52.52278468],[13.37183597,52.52278583],[13.37188385,52.52278657],[13.37225466,52.52278799],[13.37230083,52.52278749],[13.37234699,52.52278658],[13.37239311,52.52278527],[13.37245034,52.52278311],[13.37250771,52.52278033],[13.372565,52.52277691],[13.37262218,52.52277288],[13.37267924,52.52276824],[13.37273954,52.522763],[13.37279969,52.52275712],[13.37285967,52.52275065],[13.37292818,52.52274259],[13.37299643,52.52273373],[13.37306437,52.52272407],[13.373132,52.52271362],[13.37319928,52.52270236],[13.3732662,52.52269032],[13.37333614,52.52267694],[13.3734056,52.5226627],[13.37347459,52.52264761],[13.37354305,52.52263167],[13.37361098,52.52261487],[13.37367833,52.52259725],[13.37371831,52.52258629],[13.37375808,52.52257504],[13.37379765,52.52256351],[13.37383695,52.52255167],[13.37387602,52.52253955],[13.37391488,52.52252714],[13.37395344,52.52251444],[13.37399177,52.52250146],[13.37402985,52.52248821],[13.37406764,52.52247465],[13.37410516,52.52246082],[13.37414243,52.52244673],[13.37417938,52.52243235],[13.37421607,52.5224177],[13.37425245,52.52240279],[13.37430852,52.52237898],[13.37436419,52.52235482],[13.37441945,52.52233033],[13.3744743,52.52230549],[13.3745571,52.52226671],[13.37463898,52.52222722],[13.37471994,52.52218704],[13.37479997,52.52214616],[13.37487904,52.52210459],[13.37495715,52.52206234],[13.37496158,52.5220599],[13.37496602,52.52205746],[13.37497046,52.52205502],[13.37517957,52.52194143],[13.37527698,52.52188456],[13.37527845,52.52188547],[13.37530171,52.52187226],[13.37532428,52.52185864],[13.37534616,52.52184458],[13.37536731,52.52183012],[13.37537771,52.52182266],[13.37538793,52.5218151],[13.37539794,52.52180745],[13.37542028,52.52178822],[13.37544183,52.52176868],[13.37546258,52.5217488],[13.3754674,52.52174404],[13.37547216,52.52173927],[13.37547688,52.52173447],[13.37553944,52.52166558],[13.37561357,52.52158379],[13.37580719,52.52137247],[13.37581041,52.52136892],[13.37581363,52.52136536],[13.37581682,52.5213618],[13.3758339,52.52134214],[13.37585031,52.52132229],[13.37586607,52.52130223],[13.37588133,52.52128107],[13.37589543,52.52125961],[13.37590833,52.52123788],[13.37592005,52.5212159],[13.37592475,52.5212043],[13.37592865,52.52119258],[13.37593174,52.52118078],[13.37593515,52.52117173],[13.37593839,52.52116265],[13.37594148,52.52115355],[13.37594792,52.52113274],[13.37595353,52.52111185],[13.37595833,52.52109089],[13.3759609,52.52107615],[13.37597538,52.52099182],[13.37597707,52.52098192],[13.37605791,52.52062577],[13.37606064,52.5206137],[13.37611006,52.52039394],[13.37611622,52.52036983],[13.3761233,52.52034581],[13.3761313,52.52032191],[13.37614021,52.52029812],[13.3761531,52.52026758],[13.37616752,52.52023731],[13.37618349,52.52020732],[13.37620097,52.52017765],[13.37621995,52.52014833],[13.37624041,52.52011937],[13.37626232,52.52009082],[13.37628567,52.52006269],[13.37631046,52.52003501],[13.37633662,52.52000782],[13.37637178,52.51997413],[13.37640826,52.51994096],[13.37644604,52.51990833],[13.37648509,52.51987626],[13.37652538,52.51984478],[13.37656691,52.5198139],[13.37660963,52.51978363],[13.37665354,52.51975399],[13.37669861,52.51972501],[13.3767448,52.5196967],[13.37674944,52.51969394],[13.37675408,52.51969118],[13.37675874,52.51968843],[13.37679261,52.51966849],[13.37682705,52.51964891],[13.37686205,52.5196297],[13.37686023,52.51946542],[13.37685739,52.51920292],[13.37685201,52.51872232],[13.37685192,52.51871512],[13.37684916,52.51846854],[13.37684909,52.51846135],[13.3768437,52.5179809],[13.37688146,52.51779145],[13.37696268,52.51762618],[13.37719324,52.51715658],[13.37719543,52.5171506],[13.37719713,52.51714455],[13.37719831,52.51713847],[13.37719896,52.51713234],[13.37719912,52.51712622],[13.37719874,52.51712009],[13.37719784,52.51711398],[13.37719645,52.51710791],[13.37719453,52.5171019],[13.3771921,52.51709595],[13.37718919,52.51709008],[13.37718558,52.51708401],[13.37718144,52.51707808],[13.37717677,52.51707229],[13.3771716,52.51706666],[13.37716593,52.51706121],[13.37715979,52.51705596],[13.3771532,52.51705092],[13.37714615,52.5170461],[13.3771387,52.51704152],[13.37713086,52.5170372],[13.37713818,52.51702563],[13.37714501,52.51701394],[13.37715134,52.51700216],[13.37715718,52.51699029],[13.3771625,52.51697833],[13.37716732,52.51696627],[13.37717163,52.51695416],[13.37717543,52.51694197],[13.37717871,52.51692974],[13.37718147,52.51691746],[13.3771837,52.51690513],[13.37718542,52.51689278],[13.37718661,52.5168804],[13.37718728,52.51686801],[13.37718742,52.51685561],[13.37718841,52.51684914],[13.37718896,52.51684266],[13.37718904,52.51683617],[13.37718866,52.5168297],[13.37718782,52.51682322],[13.37718653,52.51681678],[13.37718476,52.51681037],[13.37718256,52.51680402],[13.37717996,52.51679586],[13.37717681,52.51678776],[13.37717314,52.51677974],[13.37716893,52.51677184],[13.37716421,52.51676403],[13.37715897,52.51675634],[13.37715322,52.5167488],[13.37714698,52.5167414],[13.37714503,52.51673818],[13.37714265,52.51673507],[13.37713986,52.5167321],[13.37713666,52.51672929],[13.37713308,52.51672664],[13.37712913,52.5167242],[13.37712486,52.51672197],[13.37712031,52.51671997],[13.37711548,52.51671821],[13.37711044,52.5167167],[13.37707602,52.51670835],[13.37705726,52.5167015],[13.37703873,52.5166944],[13.37702047,52.51668705],[13.37700249,52.51667945],[13.37698479,52.51667162],[13.37696735,52.51666355],[13.37695022,52.51665525],[13.37677366,52.51654012],[13.37675981,52.51652732],[13.37674633,52.51651438],[13.37673326,52.51650128],[13.37672059,52.51648803],[13.37670834,52.51647465],[13.37669662,52.51645632],[13.37668528,52.51643789],[13.37667437,52.51641934],[13.37666385,52.5164007],[13.37665376,52.51638197],[13.37665303,52.51638044],[13.37665231,52.51637891],[13.37664683,52.51636447],[13.37664179,52.51634998],[13.37663721,52.51633542],[13.37663311,52.51632082],[13.37662945,52.51630617],[13.37667106,52.51611044],[13.37667808,52.51609875],[13.37668554,52.51608714],[13.37669342,52.51607565],[13.37670171,52.51606427],[13.37671044,52.516053],[13.37671957,52.51604186],[13.37672912,52.51603084],[13.37673953,52.51601951],[13.37675037,52.51600833],[13.37676164,52.5159973],[13.37677333,52.51598645],[13.37678544,52.51597576],[13.37679797,52.51596525],[13.3768109,52.51595492],[13.37682421,52.51594479],[13.37683791,52.51593485],[13.37685201,52.5159251],[13.37686647,52.51591557],[13.3768813,52.51590624],[13.37689647,52.51589712],[13.3769115,52.51588894],[13.3769269,52.51588102],[13.37694265,52.51587337],[13.37695877,52.515866],[13.37697523,52.51585892],[13.37699201,52.51585213],[13.37700911,52.51584563],[13.3770265,52.51583944],[13.37704418,52.51583355],[13.37706213,52.51582798],[13.37708033,52.51582272],[13.37709876,52.51581778],[13.37711743,52.51581316],[13.37713632,52.51580888],[13.37715537,52.51580493],[13.37721926,52.515787],[13.37722678,52.51578438],[13.37723406,52.51578152],[13.37724109,52.51577841],[13.37724782,52.51577507],[13.37725426,52.51577152],[13.37726634,52.51576364],[13.37727803,52.51575553],[13.37728928,52.51574721],[13.37730012,52.51573867],[13.3773105,52.51572994],[13.37732043,52.515721],[13.37732991,52.51571189],[13.37733892,52.5157026],[13.37734593,52.51569211],[13.37735251,52.51568153],[13.37735863,52.51567084],[13.37736428,52.51566006],[13.37736946,52.51564919],[13.37737418,52.51563824],[13.37736975,52.51561945],[13.37709335,52.51444932],[13.37699828,52.51404683],[13.37669651,52.51276912],[13.37677644,52.51254615],[13.37680335,52.51247069],[13.37680816,52.51245716],[13.37676137,52.51224309],[13.37676919,52.51223996],[13.3767779,52.51223549],[13.37680583,52.51221982],[13.37682512,52.5121947],[13.37679972,52.51207862],[13.37679249,52.51204559],[13.37673794,52.51179621],[13.376736,52.5117873],[13.37673444,52.51178017],[13.37672412,52.51173296],[13.37672276,52.51172673],[13.37672001,52.51171414],[13.37671751,52.51170274],[13.37669889,52.51161758],[13.3766948,52.51159887],[13.37667615,52.51151363],[13.37667367,52.51150224],[13.37667093,52.51148974],[13.37666844,52.51148016],[13.37666212,52.51145122],[13.37666034,52.51144312],[13.37665431,52.5114155],[13.37665255,52.51140739],[13.37664655,52.51137995],[13.37657393,52.51104754],[13.37656948,52.51102715],[13.37652751,52.51083449],[13.37649233,52.51067346],[13.37647611,52.51059937],[13.37647343,52.51058709],[13.37645453,52.51050082],[13.37645187,52.51048863],[13.37644549,52.51045952],[13.37643933,52.51043139],[13.37641094,52.51030171],[13.37639311,52.51021989],[13.37639169,52.51021341],[13.37637677,52.50900514],[13.37675182,52.5086993],[13.37724828,52.50829579],[13.37732303,52.50823458],[13.37762641,52.50798615],[13.37764912,52.50796754],[13.37784924,52.50780747],[13.37806783,52.50763043],[13.37839224,52.50736837],[13.37839718,52.50736439],[13.37843911,52.50733051],[13.37857324,52.50722215],[13.37860963,52.50719276],[13.37861401,52.50718921],[13.37881021,52.50703071],[13.37893813,52.50693048],[13.37894144,52.5069306],[13.37904789,52.50693411],[13.37918957,52.50693876],[13.37944194,52.5069471],[13.38238534,52.50711929],[13.38249031,52.50712589],[13.38250783,52.507127],[13.38427823,52.50723821],[13.38541967,52.50730992],[13.38576213,52.50732904],[13.38581485,52.50733211],[13.38696324,52.5073987],[13.38709619,52.50740643],[13.38792068,52.50745483],[13.38798127,52.50745826],[13.3880219,52.50746058],[13.38813646,52.50746707],[13.38831017,52.50747695],[13.38848855,52.50748707],[13.38890949,52.50751097],[13.38895898,52.50751378],[13.38896753,52.50751427],[13.38936386,52.50753717],[13.38981866,52.50756343],[13.38995339,52.50757153],[13.38997368,52.50757275],[13.39020648,52.50758676],[13.3903014,52.50759216],[13.39040366,52.50759796],[13.3904946,52.50760315],[13.3904956,52.50760323],[13.39088728,52.50762595],[13.39173181,52.50767499],[13.39179115,52.50767852],[13.39212448,52.50769787],[13.39245118,52.50771991],[13.39280728,52.50774163],[13.3932547,52.50776891],[13.39340405,52.50777804],[13.39370211,52.50779618],[13.39374268,52.50779866],[13.39405806,52.50781789],[13.39438284,52.50783711],[13.39449622,52.50784472],[13.39704573,52.50800064],[13.39705265,52.50800107],[13.39736273,52.5080224],[13.39854986,52.50809897],[13.39877197,52.50811355],[13.3987952,52.50809301],[13.39920471,52.50807812],[13.39923152,52.50807714],[13.39932616,52.50820119],[13.39934458,52.50822532],[13.39935032,52.50823284],[13.39945671,52.50837744],[13.39947044,52.50839613],[13.39960158,52.50857436],[13.39960179,52.50857466],[13.39969449,52.50870061],[13.39977328,52.50880771],[13.39999632,52.50911099],[13.40018967,52.50937592],[13.40022883,52.50938111],[13.40067075,52.50922254],[13.40090919,52.50914059],[13.40125807,52.50904065],[13.40140985,52.50898436],[13.40155448,52.50893072],[13.40209659,52.50872967],[13.40217819,52.50870536],[13.40245627,52.50862249],[13.40275342,52.50853571],[13.40300743,52.50843359],[13.40303336,52.50842282],[13.40320786,52.50835046],[13.4034914,52.50823425],[13.40363234,52.50817656],[13.40382017,52.50809297],[13.40386339,52.50807373],[13.40391428,52.5080511],[13.40403417,52.50799209],[13.40429904,52.50786184],[13.40443424,52.50777475],[13.40458022,52.50788627],[13.40463217,52.50792214],[13.4051587,52.50815491],[13.40521371,52.50817923],[13.4052848,52.50821066],[13.4052969,52.5082017],[13.40533654,52.50817238],[13.40537261,52.50814585],[13.40546944,52.50807351],[13.40578326,52.50784368],[13.40590345,52.50775593],[13.40612401,52.5075927],[13.40641018,52.50738204],[13.40660136,52.50723277],[13.4070826,52.50686226],[13.40715053,52.50680996],[13.40721469,52.50676057],[13.40736127,52.50664772],[13.40739478,52.50666414],[13.40784433,52.50632312],[13.40783956,52.50630542],[13.40787792,52.50628012],[13.40788175,52.50627759],[13.40798316,52.50621073],[13.40802944,52.50618022],[13.40805028,52.50618805],[13.40809563,52.50620508],[13.40812219,52.50621531],[13.40813151,52.50621889],[13.40816217,52.5062307],[13.40898681,52.50654756],[13.40923406,52.50664256],[13.409455,52.50672744],[13.40997081,52.50692573],[13.41015596,52.50668279],[13.41016539,52.50667041],[13.41018703,52.50664203],[13.41034301,52.50643745],[13.41076161,52.50588832],[13.41089351,52.50571529],[13.41091494,52.50568718],[13.4109838,52.50559684],[13.41139615,52.50505525],[13.41140721,52.50504073],[13.41152095,52.5048913],[13.41158193,52.50487037],[13.41171645,52.50482421],[13.4118101,52.50479208],[13.41249203,52.50456478],[13.41259229,52.50453136],[13.41262383,52.50452085],[13.41272582,52.50448685],[13.41287718,52.50443643],[13.41291052,52.50442532],[13.41291743,52.50442303],[13.41297809,52.5044028],[13.41301899,52.50438917],[13.4131089,52.5043592],[13.41326212,52.50430811],[13.41329035,52.5042987],[13.41329947,52.50429566],[13.41335965,52.5042756],[13.41353444,52.50421736],[13.41377119,52.50413843],[13.41407283,52.50403797],[13.41419906,52.50418728],[13.41432434,52.50434016],[13.41441096,52.50444302],[13.41445588,52.50449677],[13.41447877,52.50452417],[13.41452396,52.50457824],[13.41461036,52.50468111],[13.41459228,52.50479449],[13.41463209,52.5048098],[13.41474157,52.5048519],[13.41490921,52.50491637],[13.41493924,52.50490809],[13.41504243,52.50487959],[13.41513557,52.50485388],[13.4154936,52.50475492],[13.41554931,52.50473951],[13.41579616,52.50467128],[13.41585155,52.50465596],[13.4162061,52.50455797],[13.41621028,52.50455681],[13.41626332,52.50454215],[13.41626579,52.50454146],[13.41631935,52.50452666],[13.41632242,52.50452581],[13.41636215,52.50451482],[13.41641408,52.50450047],[13.41642074,52.50449862],[13.41645002,52.50449054],[13.41650645,52.50447495],[13.41666908,52.50443001],[13.41669264,52.5044235],[13.41679364,52.50439555],[13.41708432,52.50431512],[13.41730951,52.50425281],[13.41760145,52.50417016],[13.41773698,52.50435713],[13.41780881,52.50445625],[13.41789541,52.50457574],[13.41800517,52.50472714],[13.41809607,52.50485256],[13.41821331,52.50501795],[13.41824175,52.50501384],[13.41827035,52.50501015],[13.41829906,52.50500687],[13.41831503,52.50500453],[13.41833105,52.50500231],[13.41834712,52.50500022],[13.41836544,52.50499784],[13.41838382,52.5049956],[13.41840223,52.50499348],[13.41841365,52.50499262],[13.4184251,52.50499184],[13.41843654,52.50499112],[13.41846391,52.50498959],[13.41849131,52.50498825],[13.41851874,52.50498713],[13.41853237,52.50497025],[13.41854721,52.50497346],[13.41862081,52.50498935],[13.41873768,52.5050146],[13.41880818,52.50503024],[13.41884354,52.5050381],[13.41894283,52.50506012],[13.41892447,52.50508013],[13.41894157,52.50508865],[13.41895825,52.50509748],[13.41897449,52.5051066],[13.41899028,52.50511601],[13.41900537,52.50512549],[13.41901999,52.50513523],[13.41903415,52.50514523],[13.41904782,52.50515547],[13.41906656,52.50516981],[13.41908472,52.50518444],[13.41910225,52.50519934],[13.41911136,52.50520921],[13.4191199,52.50521927],[13.41912785,52.50522952],[13.4191352,52.50523992],[13.41920768,52.50534424],[13.41929807,52.50546618],[13.41943091,52.50564915],[13.4195346,52.50562276],[13.4196698,52.50558521],[13.41985123,52.50553484],[13.42000883,52.50549107],[13.42032203,52.50540205],[13.42032921,52.50540007],[13.42036281,52.50539077],[13.42053718,52.50534257],[13.42090285,52.50524332],[13.4211323,52.5051755],[13.42123392,52.5051504],[13.42138946,52.50511526],[13.42154221,52.50507643],[13.42181098,52.50504264],[13.422095,52.50502526],[13.42220343,52.50501545],[13.42231212,52.50500687],[13.42242107,52.50499951],[13.42253022,52.5049934],[13.42263954,52.50498851],[13.42274899,52.50498487],[13.42285852,52.50498246],[13.42296811,52.5049813],[13.42307773,52.50498137],[13.42318731,52.50498269],[13.42329684,52.50498525],[13.42340628,52.50498904],[13.42351558,52.50499408],[13.42362462,52.50500017],[13.42373349,52.50500763],[13.42384208,52.50501626],[13.4239503,52.50502616],[13.42405819,52.50503729],[13.42416594,52.50504951],[13.42435405,52.5050748],[13.42443445,52.50508561],[13.42467544,52.50512621],[13.42481346,52.50515169],[13.42495059,52.50517979],[13.42513689,52.50522728],[13.42531584,52.50527289],[13.42549721,52.50532155],[13.42582088,52.50542463],[13.42670885,52.50579863],[13.4269797,52.505728],[13.4272003,52.5056661],[13.42735628,52.5058895],[13.42744013,52.50600943],[13.42753772,52.50614915],[13.42761792,52.50626404],[13.42762845,52.50627907],[13.42767523,52.50634602],[13.42769019,52.50636741],[13.42773932,52.50643772],[13.42778486,52.50650288],[13.42779952,52.50652385],[13.42784633,52.50659082],[13.42795447,52.50674566],[13.42806261,52.50690041],[13.42826645,52.50719227],[13.42842966,52.5074241],[13.42878452,52.50793399],[13.42881644,52.50797986],[13.42902781,52.50803547],[13.42940228,52.50857225],[13.42987959,52.50833781],[13.43057243,52.50800647],[13.43116075,52.50775148],[13.43187758,52.50743889],[13.43206159,52.5073528],[13.43263746,52.50706154],[13.43311012,52.50681739],[13.43321219,52.50676586],[13.43397462,52.50638115],[13.43399634,52.50636672],[13.43440265,52.50610093],[13.43535667,52.50569655],[13.43547942,52.50564535],[13.43588589,52.50539402],[13.43592129,52.50539681],[13.43612255,52.50528254],[13.43611647,52.50520516],[13.4367348,52.50481141],[13.4369206,52.50469308],[13.43705189,52.50460949],[13.4371297,52.50455991],[13.43756112,52.50437161],[13.43791946,52.50422652],[13.43847368,52.50397595],[13.43850477,52.50400288],[13.43856136,52.50398203],[13.43883888,52.50387978],[13.43890379,52.50385587],[13.4391053,52.50378032],[13.43969207,52.50356032],[13.43979047,52.50352387],[13.44018033,52.50337944],[13.44035372,52.50331519],[13.44061167,52.50322141],[13.44069242,52.50319205],[13.44080213,52.50315274],[13.4411109,52.50304216],[13.4413144,52.50296927],[13.44139028,52.50294185],[13.44146617,52.50291443],[13.44150766,52.50289297],[13.44154918,52.50287151],[13.44255187,52.50239],[13.44269265,52.5023224],[13.44275864,52.50229071],[13.44275746,52.50228783],[13.44281679,52.50225961],[13.44282002,52.50226169],[13.44282221,52.50226064],[13.44303766,52.50215697],[13.44303458,52.50215454],[13.44309581,52.50212489],[13.44309861,52.50212714],[13.44310788,52.50212244],[13.44311661,52.502118],[13.44311412,52.50211549],[13.44319926,52.50207446],[13.44320264,52.50207706],[13.44322315,52.50206632],[13.44322066,52.5020638],[13.4432274,52.50206055],[13.4432782,52.50203611],[13.44328365,52.5020372],[13.44349932,52.50193282],[13.44350262,52.50193123],[13.44349983,52.50192898],[13.44356122,52.50189942],[13.44356429,52.50190167],[13.44357206,52.5018979],[13.44401944,52.50168041],[13.44480789,52.50129709],[13.44481493,52.50129377],[13.4451558,52.5011329],[13.44522717,52.50110003],[13.44523537,52.50109627],[13.44567433,52.50088476],[13.44584748,52.50080163],[13.44597321,52.50074126],[13.44634589,52.500584],[13.44651221,52.50051382],[13.44679182,52.50041126],[13.44782028,52.50007502],[13.44790216,52.50004882],[13.44798106,52.50002359],[13.44844445,52.49987535],[13.44839575,52.49984165],[13.44858559,52.49980272],[13.44872212,52.49973453],[13.44891014,52.49964063],[13.44898171,52.49969119],[13.44899073,52.49969757],[13.44963757,52.49948149],[13.44971432,52.49944198],[13.45001751,52.4992859],[13.45011709,52.49923463],[13.45018897,52.49919763],[13.45018076,52.49919155],[13.45017019,52.49918376],[13.45027228,52.49913278],[13.45033283,52.49905315],[13.45031417,52.49893208],[13.45022077,52.49886199],[13.45020642,52.49885121],[13.45057578,52.49868332],[13.45059305,52.49867548],[13.45080115,52.49883212],[13.45083515,52.49885772],[13.45084414,52.49885306],[13.45104157,52.49889954],[13.45111029,52.49891124],[13.45127738,52.4989176],[13.45128241,52.49892125],[13.45128849,52.49892425],[13.4512954,52.49892649],[13.45130288,52.49892788],[13.45131064,52.49892838],[13.45131843,52.49892797],[13.45132595,52.49892666],[13.45137563,52.49891172],[13.45139359,52.49891395],[13.45145964,52.49892209],[13.45164549,52.49884311],[13.4516517,52.49880025],[13.45167682,52.49877539],[13.45171922,52.4987485],[13.45193824,52.49860448],[13.45194816,52.49859796],[13.45211083,52.4984918],[13.45218752,52.4984406],[13.45219118,52.49844231],[13.45218925,52.49844693],[13.45218892,52.49845169],[13.45219022,52.49845639],[13.45219307,52.49846084],[13.45219738,52.49846481],[13.45220293,52.49846817],[13.4522095,52.49847074],[13.45221635,52.49847236],[13.45222359,52.49847313],[13.45223093,52.49847303],[13.45223809,52.49847205],[13.45224481,52.49847024],[13.45226472,52.49846291],[13.45235388,52.49841019],[13.45238997,52.49840647],[13.45254612,52.498311],[13.45271243,52.49822263],[13.4527608,52.49808898],[13.45275175,52.49807037],[13.45270869,52.49804918],[13.4526994,52.49801466],[13.45271019,52.49800659],[13.45335236,52.497525],[13.45273427,52.49757663],[13.45271144,52.49757722],[13.45268861,52.49757629],[13.45266639,52.49757472],[13.45252483,52.4975534],[13.45238431,52.49752992],[13.45224407,52.49750607],[13.45210443,52.4974808],[13.45196614,52.49745282],[13.45182784,52.49742476],[13.45168998,52.49739571],[13.45155259,52.49736414],[13.45153214,52.49735899],[13.45151169,52.49735375],[13.4514917,52.49734751],[13.45146096,52.49733713],[13.45142037,52.49732342],[13.45128393,52.49727289],[13.45122306,52.49725169],[13.45120204,52.49724347],[13.45106345,52.49717938],[13.45098438,52.49714142],[13.45090794,52.49710806],[13.45087667,52.49708662],[13.45064784,52.49694205],[13.45069845,52.49692729],[13.45029426,52.49662555],[13.4502816,52.49661612],[13.45024035,52.49659142],[13.45005445,52.49647392],[13.44998432,52.4964167],[13.44995956,52.49639992],[13.44986357,52.49633095],[13.44883304,52.49555866],[13.44873927,52.49548803],[13.44788266,52.49484638],[13.4478495,52.49482154],[13.4477917,52.49478295],[13.4477287,52.49474935],[13.44765912,52.49472127],[13.44758193,52.49469777],[13.44750723,52.49468025],[13.44742413,52.49466412],[13.4473436,52.49465167],[13.44726237,52.49464311],[13.44717862,52.49463648],[13.44709397,52.49463435],[13.44700917,52.49463375],[13.44698803,52.4946358],[13.44690476,52.4946458],[13.4465418,52.4946894],[13.44640911,52.4947163],[13.44633187,52.49472794],[13.44625268,52.49473333],[13.4461221,52.49473641],[13.44581913,52.49471677],[13.44576768,52.49470868],[13.44548135,52.49464286],[13.44535077,52.49459582],[13.44522362,52.49454721],[13.44509978,52.49449048],[13.44497623,52.49442279],[13.44455621,52.49410104],[13.44373299,52.49346614],[13.44373158,52.49346507],[13.4437181,52.49345467],[13.44356714,52.49333813],[13.44356011,52.49333271],[13.44355793,52.49333103],[13.44260872,52.49259937],[13.44248061,52.49250076],[13.44217212,52.4922625],[13.44187408,52.49202938],[13.44094226,52.49130072],[13.44086342,52.49123943],[13.44081629,52.4912026],[13.44077775,52.49117366],[13.44072865,52.49113835],[13.44068223,52.49110689],[13.4406291,52.49107236],[13.44057667,52.49104008],[13.44052282,52.49100857],[13.44045821,52.49097282],[13.44039341,52.49093876],[13.44033557,52.49091027],[13.44028603,52.49088672],[13.44022836,52.49086098],[13.4400372,52.49073287],[13.43989281,52.49060257],[13.43982404,52.4904872],[13.43976132,52.49035298],[13.43975019,52.49031562],[13.43969662,52.4901185],[13.43968788,52.49008069],[13.43965717,52.48990875],[13.43971737,52.4898764],[13.43997394,52.48974533],[13.44015379,52.48965422],[13.44023198,52.48961354],[13.4404102,52.48952252],[13.44048826,52.48948229],[13.44053797,52.48945685],[13.4406141,52.48941833],[13.44062812,52.48941125],[13.44082848,52.48930903],[13.44104241,52.48919892],[13.44123847,52.48909795],[13.44156244,52.48893273],[13.44197743,52.4887202],[13.44205038,52.48868284],[13.44208611,52.48866454],[13.44209452,52.48866023],[13.44212014,52.48864711],[13.44233405,52.48853755],[13.44234054,52.48853424],[13.4423759,52.48851615],[13.44241751,52.48849485],[13.44248192,52.48846186],[13.44250782,52.4884486],[13.44253994,52.48843215],[13.44268122,52.48835982],[13.44271319,52.48834345],[13.44273974,52.48832985],[13.44284444,52.48827624],[13.44288768,52.48825411],[13.443113,52.48813868],[13.44423184,52.48756617],[13.44444428,52.48745758],[13.4447363,52.48764621],[13.44523386,52.48796753],[13.44649833,52.48878467],[13.44676263,52.4889554],[13.44701254,52.48882725],[13.44742319,52.48861666],[13.44759228,52.48852995],[13.44853554,52.48804624],[13.44866034,52.48798262],[13.44872713,52.48802738],[13.44884371,52.48795881],[13.44941566,52.48762222],[13.45032698,52.4870861],[13.45044464,52.48714909],[13.45103323,52.48684415],[13.45124844,52.48673519],[13.45151794,52.48659585],[13.45162061,52.48654289],[13.45172077,52.48649109],[13.45192743,52.4863842],[13.45197485,52.48635968],[13.4519975,52.48634799],[13.45200087,52.48634623],[13.45213439,52.48627729],[13.45243205,52.48612342],[13.45272883,52.48596993],[13.45285836,52.485903],[13.45286395,52.48590012],[13.45288581,52.48588881],[13.45294228,52.48585961],[13.45300066,52.48582938],[13.45300408,52.48582762],[13.45302618,52.48581619],[13.45315602,52.48574913],[13.45347547,52.48558402],[13.45349882,52.48557196],[13.453636,52.4855018],[13.453713,52.48546228],[13.45393851,52.4853466],[13.45412098,52.48525286],[13.45430344,52.48515922],[13.45456421,52.48502543],[13.45513444,52.48473276],[13.45547426,52.48455836],[13.4560669,52.48425413],[13.45624219,52.48438733],[13.45651945,52.48459716],[13.45679829,52.48480818],[13.45718841,52.4851034],[13.45728084,52.48517334],[13.45755811,52.48538317],[13.45764186,52.48544653],[13.45784055,52.48559703],[13.45813427,52.48581966],[13.45822765,52.48575403],[13.45832035,52.48568829],[13.45856051,52.48551797],[13.4585794,52.48550452],[13.45858942,52.48550247],[13.45859015,52.48550283],[13.45859994,52.48549595],[13.45873785,52.48539897],[13.45911692,52.48513234],[13.45939515,52.48493746],[13.45939751,52.48493872],[13.45946258,52.48489289],[13.45954775,52.4848328],[13.45956148,52.4848394],[13.45985441,52.48463324],[13.45997207,52.48455041],[13.46056103,52.48413676],[13.46088907,52.48390636],[13.46092973,52.48387781],[13.46097375,52.48384688],[13.46118108,52.48370126],[13.46115934,52.48353651],[13.46121542,52.48349678],[13.46173639,52.4831304],[13.46192014,52.4830008],[13.46236923,52.48268375],[13.46273061,52.48242985],[13.46327876,52.48204472],[13.46355828,52.48184623],[13.4637255,52.48172757],[13.46376327,52.48170101],[13.46390893,52.48159868],[13.46396205,52.48156137],[13.4641114,52.48145643],[13.4646375,52.48108673],[13.46493057,52.48088071],[13.46515929,52.48071998],[13.46579664,52.48027215],[13.46596368,52.48015474],[13.46597991,52.48014326],[13.46695619,52.47945531],[13.46755764,52.47903151],[13.46813252,52.47862788],[13.47004708,52.4772775],[13.47057328,52.47690633],[13.47055418,52.47681392],[13.47052754,52.47668817],[13.47050018,52.47656097],[13.4704783,52.47646362],[13.47038332,52.47602145],[13.47032779,52.4758442],[13.47029078,52.47572602],[13.46997854,52.47483693],[13.46960715,52.47399421],[13.46958708,52.47380258],[13.46961831,52.47366971],[13.46969454,52.47350761],[13.4697961,52.47333313],[13.46994615,52.47314524],[13.47010133,52.47295817],[13.47012038,52.47293816],[13.47012875,52.47292855],[13.47058775,52.47244478],[13.47097815,52.4720329],[13.47135638,52.47166869],[13.47182203,52.47122027],[13.4719744,52.47107363],[13.47219574,52.47086039],[13.47233822,52.47072318],[13.47241057,52.47065344],[13.47265363,52.47042422],[13.47291728,52.47017558],[13.47294991,52.47014443],[13.47308589,52.47001466],[13.47320591,52.46990006],[13.47367736,52.46944388],[13.47491889,52.46824218],[13.47497248,52.46819021],[13.47503047,52.46813383],[13.47503087,52.46813345],[13.47503905,52.4681255],[13.47506547,52.46810316],[13.47506656,52.46810224],[13.47558107,52.4676671],[13.47559925,52.46765173],[13.47618031,52.46726586],[13.47635103,52.46713056],[13.47764536,52.46589304],[13.47770882,52.46583246],[13.47778322,52.46576111],[13.47785932,52.46568922],[13.47833912,52.46523097],[13.47841405,52.4651332],[13.47847914,52.46498671],[13.47848682,52.46489209],[13.47848868,52.4648645],[13.47854932,52.46398129],[13.47804266,52.46323454],[13.47759253,52.46257107],[13.47740709,52.46229773],[13.47735817,52.46222661],[13.47719744,52.46199292],[13.47715121,52.46195682],[13.47579799,52.4609132],[13.47539362,52.46024965],[13.47538118,52.46022903],[13.47534373,52.46016691],[13.47533246,52.46014829],[13.47528113,52.46006339],[13.47523439,52.45999023],[13.47522156,52.45997012],[13.47517338,52.45990536],[13.47497994,52.45947276],[13.47495177,52.45919316],[13.47495091,52.45918569],[13.4749522,52.45915613],[13.47495348,52.45912718],[13.47496702,52.45882475],[13.47496781,52.45880747],[13.47496972,52.45876451],[13.47337911,52.45880947],[13.472215,52.4588492],[13.47210967,52.45884438],[13.47189604,52.45884968],[13.47179156,52.4588579],[13.47172036,52.45885978],[13.46888752,52.45893494],[13.46065515,52.45915058],[13.45957933,52.45917872],[13.45861726,52.45919964],[13.45856458,52.45920082],[13.45840759,52.45920537],[13.45832328,52.45920785],[13.45733881,52.45923637],[13.45726949,52.45920643],[13.45722971,52.45925877],[13.45712321,52.45925683],[13.45704034,52.45923181],[13.45699458,52.45919643],[13.45697487,52.45915335],[13.45698049,52.45910816],[13.45701747,52.4590551],[13.45718817,52.45885207],[13.4572308,52.45878374],[13.45728582,52.45867104],[13.45743601,52.45844374],[13.45744267,52.45843366],[13.45749238,52.45835851],[13.45754522,52.4582787],[13.45879467,52.4567257],[13.45890512,52.45657848],[13.45901424,52.4564716],[13.46003053,52.45497155],[13.46035923,52.45448611],[13.46044167,52.45435107],[13.4604876,52.45427578],[13.46056941,52.45414168],[13.46065748,52.45401215],[13.46067457,52.45398699],[13.46073492,52.45389819],[13.46134492,52.45300048],[13.46140646,52.45290997],[13.46144533,52.45286141],[13.46146821,52.45283898],[13.46149477,52.45281592],[13.46170752,52.45264646],[13.46178347,52.45255553],[13.46204066,52.4521825],[13.46221082,52.4519507],[13.46230096,52.45183822],[13.4625643,52.45150815],[13.46258511,52.45144895],[13.46261848,52.45133685],[13.4626375,52.45128601],[13.46264239,52.45127613],[13.46265574,52.4512491],[13.46265627,52.45122277],[13.46266561,52.45120284],[13.46274949,52.45123494],[13.46285904,52.45112276],[13.4629397,52.4511475],[13.46300936,52.45112441],[13.46306175,52.45107793],[13.46328606,52.45080216],[13.4634968,52.45057069],[13.46376207,52.45031198],[13.46391461,52.45019167],[13.46408495,52.45006448],[13.46422108,52.44996761],[13.46434834,52.44987846],[13.46455372,52.44974358],[13.46472947,52.44962843],[13.46493336,52.4494985],[13.46493706,52.44949634],[13.4651645,52.4493579],[13.46538663,52.44922906],[13.46561508,52.44910186],[13.46582845,52.44899099],[13.46598025,52.4489104],[13.46614159,52.44882947],[13.46675704,52.44853105],[13.46755752,52.44814328],[13.46810682,52.44787656],[13.46951332,52.44719357],[13.47018213,52.44686879],[13.47187771,52.44604561],[13.47247127,52.44575755],[13.47271758,52.44563807],[13.47337876,52.44531695],[13.47450631,52.44477283],[13.47470901,52.44467576],[13.47479357,52.44463444],[13.47505534,52.44450869],[13.47586393,52.44411881],[13.47611906,52.44399575],[13.47616663,52.44397577],[13.4762114,52.44395929],[13.47626999,52.44394085],[13.47633005,52.443927],[13.47638802,52.44391584],[13.47647014,52.44390003],[13.47653932,52.44388359],[13.476601,52.44386551],[13.47667625,52.44383524],[13.47689744,52.44372701],[13.47802322,52.44318046],[13.47808863,52.44314612],[13.47816084,52.44310406],[13.47823871,52.44303865],[13.4782688,52.44301218],[13.4783516,52.44292404],[13.47837875,52.44289514],[13.47838465,52.44288894],[13.47840325,52.44286865],[13.4784267,52.44284945],[13.47845939,52.44282881],[13.47846516,52.44282515],[13.47849758,52.44280461],[13.47854744,52.44280467],[13.47868546,52.44273744],[13.47874746,52.4427102],[13.47880593,52.44268448],[13.47881509,52.44268044],[13.47906986,52.44256826],[13.4791391,52.44253069],[13.4816187,52.44131939],[13.48165155,52.44130335],[13.48210374,52.44108247],[13.48211258,52.44107691],[13.48241409,52.44092963],[13.48269968,52.44078996],[13.48301105,52.44063784],[13.48331034,52.44049163],[13.48360772,52.44034623],[13.48390538,52.44020082],[13.48393572,52.44018603],[13.48413205,52.44009038],[13.48420333,52.44005659],[13.48425546,52.4400332],[13.48427491,52.44002441],[13.48433054,52.44000794],[13.48439603,52.43999148],[13.48450728,52.43996673],[13.48463016,52.43993803],[13.4846362,52.4399366],[13.48473939,52.43990526],[13.48480993,52.43987381],[13.48583441,52.43937645],[13.48714398,52.43874068],[13.48897516,52.43785162],[13.48906308,52.43780768],[13.48909048,52.43779244],[13.48914778,52.43775997],[13.48915619,52.43775325],[13.48920144,52.43771699],[13.48929866,52.43761672],[13.4893171,52.43759608],[13.48935838,52.43756026],[13.48938343,52.43754313],[13.48945236,52.43750736],[13.489655,52.43740792],[13.48967239,52.43739932],[13.48968932,52.43739089],[13.489903,52.43728456],[13.49036365,52.43705997],[13.49080118,52.43684804],[13.49124591,52.43663179],[13.4912674,52.43662135],[13.49149845,52.43650923],[13.49168414,52.43641904],[13.49175233,52.43638596],[13.49190415,52.43631225],[13.49200531,52.43626321],[13.49212312,52.43620601],[13.4923094,52.436116],[13.49233252,52.43610435],[13.49253883,52.4360042],[13.49261158,52.43596924],[13.49291183,52.43582318],[13.49296793,52.43579592],[13.493214,52.43567649],[13.49339114,52.43559051],[13.49351602,52.4355299],[13.49381803,52.43538331],[13.49382789,52.43537848],[13.49413152,52.43523108],[13.49425374,52.43517181],[13.49444149,52.43508063],[13.49451598,52.43505006],[13.49458207,52.43502866],[13.4946649,52.43500799],[13.49479556,52.43498055],[13.49483705,52.43497044],[13.49492239,52.4349496],[13.4950007,52.43492057],[13.49507697,52.43488614],[13.49603629,52.43442053],[13.49622844,52.43432729],[13.4970876,52.43390936],[13.49718702,52.43384908],[13.4972162,52.43382763],[13.49748753,52.43360497],[13.4974898,52.43360311],[13.49753057,52.4335697],[13.49759724,52.43354838],[13.4977302,52.43348382],[13.4978044,52.43344958],[13.49776771,52.43342662],[13.49788579,52.433374],[13.49789376,52.43337065],[13.49797397,52.43333689],[13.49806564,52.43331299],[13.49821995,52.43328467],[13.4983581,52.43325921],[13.49847476,52.43323103],[13.498536,52.43320548],[13.49867176,52.43313905],[13.49886538,52.43304489],[13.49905825,52.4329511],[13.49926586,52.43285031],[13.49946432,52.43275383],[13.49956386,52.4327055],[13.49966824,52.43265484],[13.49976763,52.4326065],[13.49987158,52.43255594],[13.49999246,52.43249729],[13.50007152,52.432459],[13.50025909,52.43236772],[13.50029825,52.43234871],[13.50048274,52.43225913],[13.50072346,52.4321422],[13.5007529,52.43212776],[13.50088276,52.43206464],[13.50125539,52.43188368],[13.50176318,52.431637],[13.5025585,52.43125114],[13.50302813,52.4310231],[13.50356535,52.43076215],[13.50400452,52.4305489],[13.50438728,52.43036292],[13.50459647,52.4302614],[13.50520242,52.42996727],[13.50575962,52.42969689],[13.50597,52.42959582],[13.50619199,52.42949135],[13.50642235,52.42938716],[13.50667597,52.42927428],[13.50668848,52.4292689],[13.50691221,52.42917297],[13.50714653,52.42907301],[13.50722746,52.429041],[13.50739333,52.42897504],[13.50763926,52.42887975],[13.50791724,52.42877471],[13.50825792,52.42864906],[13.50858196,52.42853597],[13.50868908,52.42849708],[13.50892143,52.4284175],[13.50892864,52.42841518],[13.5090977,52.42836161],[13.50932945,52.4282885],[13.50955911,52.42821719],[13.50957604,52.428212],[13.50972127,52.42816731],[13.50975686,52.42815601],[13.50999565,52.42808769],[13.51014556,52.42804604],[13.51032329,52.42799661],[13.51056514,52.42793124],[13.51082967,52.42785665],[13.51112521,52.42778064],[13.51139693,52.42771261],[13.51148916,52.42769239],[13.5118007,52.42762628],[13.51211547,52.42756053],[13.51243377,52.42749622],[13.51269809,52.42744364],[13.51310343,52.42736989],[13.51342023,52.42731475],[13.51376158,52.42725954],[13.51409161,52.42720952],[13.51440573,52.42716381],[13.51470132,52.42712491],[13.51486618,52.42710188],[13.51524072,52.42705946],[13.51558143,52.42702087],[13.51588906,52.4269888],[13.51621931,52.4269599],[13.51653074,52.42693692],[13.51685804,52.4269135],[13.51711887,52.42689604],[13.51723959,52.42688941],[13.51737897,52.42688172],[13.51789931,52.42685192],[13.51859652,52.42681266],[13.51936503,52.42676932],[13.51976699,52.42675432],[13.51989934,52.42673665],[13.5199492,52.42672654],[13.51999568,52.42671705],[13.52012103,52.4266743],[13.52013943,52.42666784],[13.52023197,52.42663522],[13.52028023,52.42661944],[13.52029759,52.42661569],[13.52033524,52.42660754],[13.52043378,52.42659145],[13.52045573,52.4265673],[13.52050339,52.42655934],[13.52050676,52.42655917],[13.52050445,52.42654218],[13.52046087,52.42624576],[13.52046033,52.42624207],[13.52045696,52.42624225],[13.52044709,52.42618545],[13.52042704,52.42609062],[13.52041052,52.42604909],[13.52028495,52.42582286],[13.52023269,52.42572747],[13.52021498,52.42569969],[13.52020208,52.42567667],[13.52007188,52.42548082],[13.51997227,52.42533074],[13.51987252,52.42518067],[13.51977278,52.42503059],[13.51967319,52.4248806],[13.51956201,52.42471344],[13.51957568,52.42471183],[13.51960647,52.42463053],[13.51917129,52.42399092],[13.51914786,52.42395271],[13.51905387,52.42381466],[13.51878826,52.42342513],[13.51851435,52.42302219],[13.51843775,52.42290969],[13.51845864,52.42284608],[13.51853575,52.4226091],[13.5185395,52.42259759],[13.51854795,52.42257154],[13.51854839,52.42257018],[13.51864808,52.42226437],[13.51865103,52.42225512],[13.51868211,52.42222971],[13.51873483,52.42218663],[13.51880112,52.42213196],[13.51890884,52.42201991],[13.51948283,52.42142353],[13.51975605,52.42137552],[13.51991295,52.42134726],[13.52010711,52.42111576],[13.52018111,52.42102749],[13.52050362,52.42083627],[13.52064819,52.42019027],[13.52084538,52.4195434],[13.52159109,52.41889819],[13.52212324,52.4184319],[13.52215634,52.41829668],[13.52214839,52.41811766],[13.52213339,52.4178706],[13.52213094,52.41735063],[13.522143,52.41722554],[13.5221473,52.41720884],[13.5222225,52.41692213],[13.52236943,52.41656747],[13.52249877,52.41625476],[13.52280578,52.41570208],[13.52292011,52.41551652],[13.52296083,52.41545041],[13.52292655,52.41540042],[13.52279224,52.41520475],[13.52270466,52.4150767],[13.52261341,52.41494415],[13.52252259,52.41481152],[13.5224315,52.4146788],[13.5223404,52.41454626],[13.52226086,52.41443017],[13.52226763,52.41442792],[13.5225143,52.41434663],[13.5225868,52.41432252],[13.52262674,52.41415352],[13.52267615,52.41413424],[13.52291579,52.41404063],[13.52315512,52.41394711],[13.52318705,52.41393464],[13.52345109,52.41383153],[13.52348888,52.41381674],[13.52352684,52.41380203],[13.52375837,52.41371146],[13.52380412,52.41369371],[13.52403418,52.41360387],[13.52406331,52.41359239],[13.52378721,52.41334408],[13.52359753,52.41317347],[13.52342537,52.41293258],[13.5232549,52.412694],[13.52322663,52.41265435],[13.52325418,52.41262508],[13.52344333,52.41242444],[13.523446,52.4124216],[13.52344298,52.4124196],[13.52325511,52.41229527],[13.52325452,52.41229481],[13.52301358,52.41213536],[13.52318312,52.41196656],[13.52325634,52.4118932],[13.52330687,52.41184265],[13.52337455,52.41177527],[13.52348038,52.4116699],[13.52335818,52.41152934],[13.5233274,52.41149394],[13.52318271,52.41132752],[13.52305755,52.41118326],[13.52293385,52.41104053],[13.52308389,52.41091647],[13.52318476,52.41083208],[13.52320728,52.41081323],[13.52312158,52.41059071],[13.52301345,52.41030998],[13.52281335,52.40979218],[13.52279886,52.40975456],[13.52274133,52.40960528],[13.52261339,52.40927455],[13.522339,52.4085445],[13.52224267,52.40832226],[13.52178878,52.40744224],[13.52174362,52.40738698],[13.52166644,52.40729259],[13.52101599,52.40671498],[13.52097551,52.40667908],[13.52062127,52.40642346],[13.5205953,52.40640474],[13.52070665,52.40629332],[13.52062201,52.40623285],[13.51981302,52.40566012],[13.51946464,52.4054142],[13.51905334,52.40512346],[13.51933076,52.4049402],[13.51876985,52.40466416],[13.51836277,52.40439095],[13.51754712,52.40386305],[13.51712633,52.40361498],[13.51704182,52.40356494],[13.51665171,52.40333398],[13.51676439,52.40316648],[13.51686468,52.4030138],[13.51697957,52.40283866],[13.51692544,52.40280312],[13.51671993,52.40266822],[13.51666653,52.40263312],[13.51644576,52.40248814],[13.51640733,52.40246294],[13.51617146,52.40230805],[13.51598487,52.40218557],[13.51599155,52.402047],[13.51600118,52.40183583],[13.5160032,52.40178774],[13.51585682,52.40175013],[13.51561233,52.40168721],[13.51536817,52.40162441],[13.51512443,52.40156172],[13.51487954,52.40149482],[13.51463994,52.4014334],[13.51410448,52.40127979],[13.51409739,52.40127775],[13.51406281,52.40126782],[13.51403784,52.40126039],[13.51388078,52.40122173],[13.51385348,52.40121616],[13.51372724,52.40118978],[13.51370337,52.40118552],[13.51369292,52.40118339],[13.51354149,52.40115195],[13.51302546,52.40104666],[13.51174637,52.40081708],[13.51169013,52.40080696],[13.51044692,52.40062088],[13.51009885,52.40056896],[13.50960423,52.40048696],[13.50932209,52.4004403],[13.50912196,52.40040722],[13.50893885,52.40037983],[13.50816854,52.40026464],[13.50757122,52.40017625],[13.50697684,52.40008832],[13.50608019,52.39995564],[13.50574547,52.39990613],[13.5048966,52.39980653],[13.50394513,52.39969488],[13.50319184,52.399611],[13.50226858,52.39950818],[13.50098377,52.39936133],[13.50092515,52.39935461],[13.50070926,52.39932887],[13.50069414,52.39932642],[13.49916707,52.39907684],[13.49757511,52.39881639],[13.49757476,52.39881634],[13.49754354,52.39881123],[13.49748905,52.39880604],[13.49743502,52.39880046],[13.49624605,52.39868659],[13.49614191,52.39867667],[13.49589717,52.39865212],[13.49502932,52.39856858],[13.49431176,52.39844468],[13.49291132,52.39821682],[13.49284687,52.39820515],[13.49216965,52.39808159],[13.4920735,52.39806408],[13.49112488,52.39787266],[13.49090571,52.39782828],[13.49055933,52.39775814],[13.49005599,52.39771551],[13.48920099,52.39764292],[13.4888838,52.39761601],[13.48876857,52.3976067],[13.48788622,52.3975354],[13.48775934,52.39752616],[13.48674266,52.39745074],[13.48647767,52.39741591],[13.48563757,52.39726636],[13.48439386,52.3970704],[13.48354751,52.39693701],[13.48128259,52.39636142],[13.47975981,52.39594517],[13.47955392,52.39689445],[13.47935278,52.39778226],[13.47922291,52.39835707],[13.47917729,52.39855571],[13.47917265,52.39857888],[13.47905437,52.39919918],[13.47898184,52.39984649],[13.47895216,52.39998027],[13.47890193,52.40010584],[13.4787766,52.4004168],[13.47861903,52.40074453],[13.47846983,52.40098608],[13.47836158,52.40116134],[13.47829699,52.40126589],[13.47812619,52.401591],[13.47792127,52.40205221],[13.47765393,52.40265388],[13.47760801,52.4027179],[13.47760528,52.40305554],[13.47763567,52.40323729],[13.47764051,52.40332474],[13.47760989,52.4034294],[13.47756133,52.4034953],[13.47753672,52.40351872],[13.47752522,52.40352958],[13.4775102,52.40354384],[13.4774931,52.40355461],[13.47747132,52.40356833],[13.47732287,52.40370969],[13.47722765,52.40380042],[13.47720921,52.40381918],[13.47703422,52.40399241],[13.47701121,52.40401943],[13.47694141,52.40410695],[13.4769392,52.40411055],[13.47684641,52.40425934],[13.47682098,52.40430901],[13.47677939,52.40444168],[13.47670913,52.40457837],[13.47670247,52.40459121],[13.47664091,52.40467633],[13.47643522,52.40501972],[13.47630095,52.40526902],[13.47598273,52.40594523],[13.47590214,52.4060908],[13.47581979,52.40624005],[13.47572985,52.40637393],[13.47563578,52.40651113],[13.47553861,52.40665272],[13.47543745,52.40679997],[13.47533304,52.40695217],[13.47522465,52.40711028],[13.4751102,52.40727684],[13.47499042,52.40745157],[13.47486459,52.40763482],[13.47472768,52.40783442],[13.47458118,52.40805009],[13.47449625,52.4081739],[13.47440691,52.40830419],[13.47430072,52.4084588],[13.47418168,52.40863219],[13.47416809,52.40865005],[13.47411519,52.40878981],[13.47410403,52.40881049],[13.47409479,52.40882758],[13.47400525,52.40899333],[13.47392146,52.40915196],[13.47391859,52.409158],[13.47390985,52.40917394],[13.4736614,52.40964446],[13.47354657,52.40986163],[13.47345576,52.41003272],[13.473388,52.41016114],[13.47331921,52.41029153],[13.4732494,52.41042373],[13.47317381,52.41056697],[13.47312411,52.41066117],[13.47309409,52.41070984],[13.47300691,52.41085109],[13.47293257,52.4109715],[13.4729197,52.41099252],[13.47284671,52.41111069],[13.47277902,52.41122042],[13.47271147,52.41132978],[13.47269432,52.41135762],[13.47264114,52.41143897],[13.47260405,52.41149581],[13.47233147,52.41191325],[13.47222978,52.41206931],[13.47212844,52.41222481],[13.471964,52.41247641],[13.47190518,52.41256646],[13.47179387,52.41275252],[13.47166394,52.41296938],[13.4715105,52.41322602],[13.4713946,52.41341998],[13.47127855,52.41361413],[13.47120286,52.41374073],[13.47112716,52.41386735],[13.47105131,52.41399423],[13.47101066,52.41406212],[13.47098062,52.41412157],[13.47091564,52.41425044],[13.47085097,52.41437941],[13.4707863,52.41450837],[13.47072176,52.41463707],[13.47065694,52.41476612],[13.47059225,52.41489508],[13.47052742,52.41502413],[13.47052402,52.41503096],[13.47045715,52.41515183],[13.47032359,52.41539474],[13.47019372,52.41562886],[13.47012775,52.41574829],[13.47004935,52.41589],[13.46997095,52.41603189],[13.46989255,52.41617395],[13.46981903,52.41630677],[13.46974759,52.41643617],[13.46967673,52.41656386],[13.46960632,52.41669138],[13.46953575,52.41681916],[13.46951415,52.41685814],[13.46946798,52.41694732],[13.46940153,52.41707592],[13.46933494,52.41720443],[13.46926064,52.41734812],[13.46919315,52.41747861],[13.46886016,52.41812205],[13.46884166,52.41815806],[13.46882301,52.41819398],[13.46879504,52.41824778],[13.46878112,52.41827472],[13.46865601,52.41857138],[13.46858813,52.41873233],[13.46853357,52.41886131],[13.46848702,52.41897196],[13.46845886,52.41903897],[13.46842728,52.41911415],[13.46838772,52.41920342],[13.46826304,52.41949963],[13.46804752,52.41995964],[13.46803669,52.41998955],[13.46801801,52.42003284],[13.46714949,52.42023199],[13.46631962,52.42042857],[13.46534809,52.4206565],[13.46445729,52.42086656],[13.46367513,52.42105048],[13.46354768,52.42108044],[13.46335698,52.42105601],[13.46270891,52.42097288],[13.46207319,52.42089138],[13.46146581,52.42082179],[13.46089384,52.42074991],[13.46079952,52.42073809],[13.45946021,52.42056986],[13.45894732,52.42048183],[13.45889967,52.4204722],[13.45818282,52.42031003],[13.45798952,52.42026319],[13.45769146,52.42019764],[13.45722341,52.42009348],[13.45701161,52.42003825],[13.45654071,52.41992656],[13.45632609,52.41986393],[13.45468537,52.41945436],[13.45459568,52.4194238],[13.45438971,52.41935364],[13.45421867,52.41929538],[13.45404867,52.41923747],[13.45387816,52.41917938],[13.4537088,52.41912168],[13.4535401,52.41906422],[13.45337201,52.41900696],[13.45323838,52.41896143],[13.45320458,52.41894883],[13.45319909,52.41894678],[13.45303836,52.41888686],[13.45287356,52.41882542],[13.45259694,52.4187223],[13.45251161,52.41869049],[13.45250986,52.41868984],[13.45197283,52.41848962],[13.45193345,52.41847649],[13.45136912,52.41829586],[13.45096897,52.41816775],[13.45095419,52.41816298],[13.45077222,52.41810461],[13.4504099,52.41798791],[13.4500458,52.41787077],[13.44950883,52.4176979],[13.44949991,52.41769642],[13.44939892,52.41766277],[13.44859163,52.4173949],[13.4484661,52.41735321],[13.44839187,52.41732858],[13.44815702,52.41725064],[13.44790326,52.41715877],[13.44782161,52.41711301],[13.44760807,52.41699342],[13.44751084,52.41693899],[13.44739924,52.41688059],[13.44724791,52.41679175],[13.44705556,52.41668512],[13.44600103,52.4163814],[13.44572813,52.41630361],[13.4456609,52.41628437],[13.4440684,52.41583016],[13.44399382,52.41580892],[13.44380019,52.4157538],[13.44323517,52.41559305],[13.44307771,52.4155344],[13.44251831,52.41536359],[13.44196888,52.41519568],[13.4415962,52.41508238],[13.44156671,52.415073],[13.44129029,52.41500014],[13.44084076,52.4148817],[13.4407609,52.41486064],[13.44061232,52.4148215],[13.44026404,52.41474447],[13.439988,52.41468346],[13.43987802,52.41465912],[13.43985116,52.41465333],[13.43959903,52.41459945],[13.43891434,52.41445296],[13.43888507,52.41444953],[13.4386734,52.41442398],[13.43861193,52.41440799],[13.43840268,52.41435334],[13.43730994,52.41406739],[13.43662539,52.41388827],[13.43610426,52.413752],[13.43535701,52.41356485],[13.43421549,52.41320524],[13.43336673,52.41294872],[13.43236869,52.41264701],[13.43193206,52.412515],[13.43035265,52.41225384],[13.43033266,52.41228508],[13.42919849,52.41209792],[13.42795366,52.41189296],[13.42777175,52.41185725],[13.42556464,52.41142477],[13.42469558,52.41125444],[13.423119,52.41084212],[13.42177844,52.41053264],[13.42146818,52.4104789],[13.42117068,52.41042742],[13.42102165,52.41040164],[13.4208099,52.41036497],[13.41958354,52.41018408],[13.41915669,52.41007935],[13.4187476,52.40997907],[13.41868811,52.40981674],[13.41862282,52.40963879],[13.41855769,52.40946083],[13.41849239,52.40928295],[13.41848122,52.40925256],[13.41846657,52.40914775],[13.41845337,52.40906882],[13.4184106,52.40876877],[13.41829611,52.40799401],[13.41828907,52.40793108],[13.41831999,52.40772786],[13.41834988,52.4075312],[13.41837975,52.40733408],[13.41840341,52.40717794],[13.41841857,52.40707812],[13.41846061,52.40698258],[13.41854467,52.40679149],[13.4186286,52.4066004],[13.41871266,52.40640931],[13.41878024,52.40625571],[13.41879674,52.40621822],[13.4188808,52.40602713],[13.41896487,52.40583604],[13.41904893,52.40564486],[13.41913286,52.40545386],[13.41925731,52.40517108],[13.41926754,52.40514763],[13.41930533,52.40506104],[13.4193148,52.40503935],[13.41939216,52.4048664],[13.41945943,52.40471447],[13.4195267,52.40456253],[13.41961715,52.40435824],[13.41966276,52.40425571],[13.41968192,52.40421233],[13.4198642,52.40380113],[13.4198901,52.40374259],[13.42005623,52.40336716],[13.42017046,52.40310772],[13.42017818,52.40309012],[13.42020834,52.40302205],[13.42022838,52.40297671],[13.42024148,52.40294687],[13.42024842,52.40293127],[13.4202612,52.40290227],[13.42026847,52.40288592],[13.42029891,52.40281687],[13.42032935,52.4027479],[13.42034406,52.40271432],[13.42034941,52.40270246],[13.42036945,52.40265711],[13.42038951,52.40261168],[13.42042707,52.40252646],[13.42051037,52.40233752],[13.42078851,52.4017075],[13.42100871,52.40120894],[13.42108843,52.40103474],[13.4211821,52.40082847],[13.42126848,52.40063829],[13.42135532,52.4004472],[13.42139881,52.40035157],[13.4214423,52.40025603],[13.42152884,52.40006557],[13.42166109,52.39977652],[13.42169122,52.39971052],[13.42172134,52.39964452],[13.42174984,52.39958211],[13.42182807,52.39941123],[13.42191404,52.39922299],[13.42200131,52.39903183],[13.42209067,52.3988361],[13.42217703,52.39864691],[13.42226404,52.39845635],[13.4223494,52.39826728],[13.42243637,52.39807675],[13.42258389,52.3977525],[13.42262126,52.39767952],[13.42264456,52.39762101],[13.42274642,52.39739761],[13.42281015,52.39725755],[13.4228337,52.39720597],[13.42288524,52.39709314],[13.42292018,52.39701631],[13.42300704,52.39682573],[13.42309391,52.39663514],[13.42318077,52.39644454],[13.42326762,52.39625395],[13.42335449,52.39606337],[13.42344136,52.39587277],[13.42352796,52.39568221],[13.42360501,52.39551361],[13.42364093,52.39543441],[13.4236758,52.39535754],[13.42376531,52.39516207],[13.423777,52.39513629],[13.42379918,52.39508739],[13.42385934,52.39495625],[13.42416854,52.39427164],[13.42477766,52.39292285],[13.42505255,52.39231221],[13.4251585,52.39207683],[13.42522582,52.39193167],[13.42530303,52.39175574],[13.42583082,52.39058316],[13.42595709,52.39027289],[13.42601581,52.39012861],[13.42602921,52.3900957],[13.42610032,52.38992092],[13.42617158,52.38974582],[13.42623551,52.38958872],[13.42629993,52.38943044],[13.42636419,52.38927251],[13.42642885,52.38911361],[13.42649286,52.38895636],[13.42660064,52.38869148],[13.42662465,52.38863245],[13.42662938,52.38862082],[13.42665055,52.3885688],[13.42666234,52.38853982],[13.4266913,52.3884723],[13.42680594,52.38822589],[13.42686854,52.38809138],[13.42694907,52.38791807],[13.42698423,52.38784354],[13.42701805,52.38773449],[13.42707275,52.38755746],[13.42709932,52.38746823],[13.42712577,52.38737966],[13.42717603,52.38720311],[13.42723008,52.38702701],[13.4272844,52.38685209],[13.42734206,52.38667299],[13.42741769,52.38643475],[13.42742234,52.3864113],[13.42743407,52.38629036],[13.4274457,52.38617607],[13.42745669,52.38578165],[13.42733409,52.38559942],[13.42715183,52.38534004],[13.42696648,52.38506994],[13.42694558,52.38503836],[13.42690477,52.38497672],[13.42688158,52.38494675],[13.42687289,52.38493455],[13.42686193,52.38491914],[13.42684827,52.38489992],[13.42669844,52.38468161],[13.42658293,52.38451612],[13.4264673,52.38435067],[13.4264103,52.38426755],[13.42635067,52.38418346],[13.42623778,52.3840217],[13.42612152,52.38385518],[13.42600431,52.38368728],[13.42588974,52.38352347],[13.42578541,52.38337438],[13.42567986,52.38322302],[13.42557345,52.38307067],[13.42545649,52.38290343],[13.42539193,52.38281121],[13.42534645,52.38274626],[13.42523775,52.38259101],[13.42512953,52.38243676],[13.42501965,52.38227984],[13.4249041,52.38211483],[13.42478683,52.38194735],[13.42474831,52.38189233],[13.42467983,52.38179533],[13.42467111,52.38178207],[13.42464252,52.38174223],[13.42459395,52.38167189],[13.42455539,52.38161681],[13.42449202,52.38152803],[13.42443645,52.38144928],[13.42409209,52.38096485],[13.42393597,52.38073964],[13.42377623,52.38050912],[13.4236121,52.38027231],[13.42344446,52.38003361],[13.42327254,52.37978891],[13.42228551,52.37837841],[13.42203108,52.37801625],[13.42190785,52.37783028],[13.42178097,52.37764026],[13.42165191,52.37744601],[13.42151833,52.37724798],[13.42138182,52.37704563],[13.42110668,52.37662275],[13.42102744,52.37649166],[13.42100022,52.37644665],[13.42081296,52.37613993],[13.4200394,52.3761656],[13.41989319,52.37617045],[13.41951213,52.3761831],[13.41937606,52.37618762],[13.41931228,52.37618973],[13.41918413,52.37619398],[13.41912138,52.37619606],[13.41899311,52.37620039],[13.4182079,52.37622641],[13.41816142,52.37622795],[13.4180952,52.37622958],[13.41803866,52.37623143],[13.41802244,52.37623251],[13.41776049,52.37624117],[13.41772583,52.37624237],[13.41770761,52.37624287],[13.41764226,52.3762451],[13.41714351,52.37626147],[13.41673435,52.37627494],[13.41625849,52.37629053],[13.41523222,52.37632457],[13.4126427,52.37641029],[13.41283065,52.37686798],[13.41283471,52.37687788],[13.41180924,52.37677923],[13.41154547,52.37674751],[13.41105565,52.37670284],[13.41068617,52.37665623],[13.40988856,52.37658541],[13.40910469,52.37663569],[13.40822299,52.37673539],[13.40718481,52.37684878],[13.40611622,52.37690848],[13.4047225,52.37694223],[13.40413474,52.37698603],[13.40401856,52.37699624],[13.40238442,52.37717343],[13.40072006,52.37733388],[13.4004958,52.37734852],[13.39955108,52.37740188],[13.39847377,52.37748156],[13.39825272,52.37749825],[13.39711866,52.37758355],[13.3954194,52.37764672],[13.39527969,52.37765192],[13.39516732,52.3776561],[13.39512704,52.37761017],[13.39508944,52.37761208],[13.39446677,52.3776439],[13.39382186,52.37767121],[13.39320318,52.37769524],[13.39220982,52.37773343],[13.39171332,52.37775282],[13.39169425,52.3777535],[13.3911951,52.37776983],[13.39068407,52.37778641],[13.39017906,52.37780313],[13.3897198,52.37781815],[13.38962363,52.37782161],[13.38951845,52.3778234],[13.3884763,52.37786053],[13.38843197,52.37786211],[13.38831381,52.37845976],[13.38823903,52.37878348],[13.38812485,52.37911943],[13.38809013,52.37935998],[13.38810012,52.37960719],[13.38809641,52.37998903],[13.38813893,52.38030456],[13.38823344,52.3807341],[13.38824095,52.38102977],[13.3881589,52.38139499],[13.38808498,52.38173216],[13.38813995,52.38188844],[13.38822443,52.38212946],[13.38822501,52.38213072],[13.38820279,52.38224885],[13.38819893,52.38228272],[13.38817083,52.38253645],[13.38816126,52.38262333],[13.38815571,52.38267292],[13.3881449,52.38277086],[13.38813455,52.38286412],[13.38812545,52.38294606],[13.38811634,52.38302809],[13.38810724,52.38311012],[13.38807219,52.38342612],[13.38806818,52.38346241],[13.38803483,52.3837634],[13.38798851,52.38418147],[13.38797956,52.38426215],[13.38796723,52.38434327],[13.38791913,52.38465815],[13.38789034,52.384847],[13.3878622,52.38502704],[13.38783392,52.3852069],[13.38780547,52.38538675],[13.38777719,52.38556652],[13.3877489,52.38574637],[13.3877206,52.38592615],[13.38769188,52.38610591],[13.38764973,52.38637659],[13.38761398,52.38660479],[13.38758531,52.38677433],[13.38755013,52.38700823],[13.38751583,52.38721911],[13.38748225,52.38745555],[13.38744547,52.38768371],[13.38741721,52.38788784],[13.38738614,52.38808938],[13.38735698,52.38826702],[13.38730017,52.3885744],[13.38665868,52.38853167],[13.38617661,52.38850463],[13.38510368,52.38844439],[13.38342628,52.38836411],[13.38277002,52.38833652],[13.38238881,52.38832037],[13.38145634,52.38828177],[13.38121462,52.38827174],[13.38093165,52.38826001],[13.38062108,52.38824552],[13.38029934,52.38823083],[13.37877584,52.38816088],[13.37870168,52.38815749],[13.37785043,52.38814626],[13.37677194,52.38816079],[13.37515078,52.38819329],[13.37321544,52.38830257],[13.37092785,52.38841582],[13.37035523,52.38842725],[13.37051745,52.38897517],[13.37070305,52.38959718],[13.37100425,52.39062421],[13.37128526,52.39156087],[13.37153894,52.39240447],[13.37193115,52.39373067],[13.37195088,52.39379749],[13.37015379,52.39446724],[13.36834119,52.39514243],[13.36687866,52.39568732],[13.36567594,52.39613572],[13.36422098,52.39667718],[13.36328436,52.3969607],[13.36243925,52.39722176],[13.36140747,52.39766627],[13.36120127,52.39775361],[13.36076383,52.39793909],[13.36061535,52.39800239],[13.36027231,52.3981232],[13.35995519,52.39823491],[13.35991071,52.3982527],[13.35956021,52.39839273],[13.35950484,52.39841489],[13.35936611,52.39847033],[13.35930929,52.39850186],[13.35913651,52.39859688],[13.35899017,52.39867736],[13.35888279,52.39873287],[13.35883374,52.39875975],[13.35866448,52.3988553],[13.35849628,52.39895025],[13.35832668,52.39904599],[13.35815376,52.39914361],[13.35798074,52.39924127],[13.35780895,52.39933824],[13.35775462,52.39936838],[13.3576282,52.39943654],[13.35746032,52.39952713],[13.35732337,52.39959908],[13.35728827,52.39961612],[13.35710961,52.39970287],[13.35692713,52.39979148],[13.35674016,52.39988226],[13.35656019,52.39996965],[13.35638307,52.40005566],[13.35637911,52.40005757],[13.35621194,52.40013495],[13.35601417,52.40022651],[13.35583866,52.40030776],[13.35565409,52.4003932],[13.3554707,52.40047809],[13.35529103,52.40056126],[13.35508279,52.40065765],[13.35506417,52.40066628],[13.35488407,52.40075051],[13.35458321,52.40089122],[13.35442497,52.40096523],[13.35441492,52.40097141],[13.35425,52.40107043],[13.35407795,52.40117352],[13.35392537,52.40126534],[13.35376826,52.40136024],[13.35360103,52.40145898],[13.35358794,52.40146754],[13.35317426,52.40171238],[13.35308401,52.40176573],[13.3528981,52.40187592],[13.3527355,52.40197226],[13.35265466,52.4020178],[13.35253068,52.40208761],[13.35236161,52.40216809],[13.35226448,52.40221413],[13.35198422,52.40234786],[13.35153315,52.40256173],[13.35148151,52.40258689],[13.35143257,52.40261021],[13.35093397,52.40285326],[13.35083176,52.40290304],[13.35041164,52.40314539],[13.35039963,52.40315223],[13.35034745,52.40318362],[13.34996845,52.40341166],[13.34973153,52.40355423],[13.3494805,52.40370193],[13.34928309,52.40382363],[13.34912383,52.40392181],[13.34908635,52.40394922],[13.34890266,52.40406588],[13.34872026,52.40418173],[13.34854289,52.4042944],[13.34836824,52.40440512],[13.34812998,52.40455869],[13.34803503,52.40461988],[13.34790823,52.40470373],[13.34748882,52.40496204],[13.34693635,52.40529876],[13.3469306,52.40530224],[13.34616399,52.40577079],[13.34606515,52.40583131],[13.34594421,52.40590539],[13.34442803,52.40683249],[13.34368535,52.40729532],[13.34305774,52.40768645],[13.34318533,52.40935244],[13.34329685,52.4108719],[13.34332367,52.41132645],[13.34334723,52.41172172],[13.34307183,52.41162912],[13.34280391,52.41153871],[13.34255066,52.41145353],[13.34221338,52.41134011],[13.3420737,52.41128326],[13.34155038,52.4110779],[13.34038697,52.41061731],[13.33890317,52.4100275],[13.33854814,52.40989184],[13.33767536,52.40955836],[13.33664852,52.40916762],[13.33572325,52.40881999],[13.33566976,52.40879991],[13.33551877,52.40874319],[13.33482018,52.40849587],[13.33383816,52.40813603],[13.33301612,52.40782745],[13.33282837,52.4077568],[13.33210748,52.40748667],[13.33199871,52.40744632],[13.33087459,52.40702796],[13.33072083,52.40697096],[13.3302465,52.40679525],[13.32899649,52.40633136],[13.32736226,52.40573842],[13.3272935,52.40571354],[13.32727884,52.40570847],[13.3271069,52.40564862],[13.32710073,52.40564655],[13.32693493,52.40558888],[13.32624069,52.40532443],[13.32573212,52.40513091],[13.32492344,52.4048225],[13.32473378,52.40475021],[13.323915,52.40443583],[13.32360828,52.40431669],[13.32278809,52.40399816],[13.32184301,52.40363491],[13.32084496,52.40324347],[13.32064166,52.40317312],[13.31983694,52.40289451],[13.31964025,52.40282399],[13.31899873,52.40259397],[13.31867944,52.40246994],[13.31849818,52.40239946],[13.31836118,52.4023246],[13.31804133,52.40219642],[13.3171727,52.40183854],[13.31629487,52.40147443],[13.31485073,52.40091185],[13.31466586,52.40083605],[13.31449768,52.40076703],[13.31433652,52.40070091],[13.31420731,52.400648],[13.31413743,52.40061933],[13.31395518,52.40052529],[13.31381127,52.40045185],[13.3129113,52.39975847],[13.31206439,52.3991054],[13.31199556,52.39919923],[13.31149916,52.39973037],[13.31128995,52.39995528],[13.31091281,52.40032587],[13.31078414,52.40044298],[13.31062799,52.40058511],[13.31060283,52.40060984],[13.31046838,52.40073718],[13.31025549,52.40094034],[13.31009691,52.40109125],[13.31005639,52.40112916],[13.30993832,52.40124243],[13.30991099,52.40126883],[13.30976523,52.40140716],[13.30975474,52.40141736],[13.30965325,52.40151459],[13.30960024,52.40156429],[13.30951438,52.40165598],[13.30945135,52.40172337],[13.30930262,52.40188238],[13.30916474,52.40202977],[13.30899834,52.40220766],[13.30892069,52.40229068],[13.30881489,52.40240378],[13.30849575,52.40274495],[13.30836868,52.40288078],[13.3083585,52.40288717],[13.3082773,52.40297193],[13.30824896,52.40299998],[13.30771138,52.40353194],[13.3072252,52.40399028],[13.30689277,52.40430699],[13.30684837,52.40434811],[13.30670056,52.40448915],[13.30666269,52.40452527],[13.30631307,52.40486006],[13.30610274,52.40506072],[13.30604539,52.40511591],[13.30582182,52.40532873],[13.30578853,52.40536178],[13.30547493,52.40566166],[13.30530417,52.4058271],[13.30524323,52.40588677],[13.30481939,52.4062928],[13.3047536,52.40635653],[13.30468848,52.40641907],[13.30460916,52.40649524],[13.30436278,52.40673164],[13.30427518,52.40681569],[13.30416243,52.40692387],[13.30399875,52.40708104],[13.30384781,52.40722576],[13.30378862,52.40728257],[13.30355567,52.40748962],[13.30347926,52.407556],[13.30344504,52.40758782],[13.3034095,52.40761861],[13.30320883,52.40779782],[13.30313148,52.40786653],[13.30304834,52.40794036],[13.30296477,52.40801472],[13.30285681,52.40811058],[13.30285446,52.40811347],[13.30264234,52.40830114],[13.30256985,52.40836556],[13.3023258,52.40858246],[13.3022968,52.40860757],[13.30222754,52.40866913],[13.30219496,52.40869657],[13.30217728,52.40871441],[13.30211061,52.40877362],[13.30208558,52.40879586],[13.30196119,52.40890651],[13.30171071,52.40912863],[13.30166003,52.40917411],[13.30152335,52.40929559],[13.30132795,52.40946922],[13.30120726,52.40957645],[13.30119714,52.40958412],[13.30111838,52.40965062],[13.30110901,52.40965979],[13.30109307,52.40967571],[13.29952716,52.41112257],[13.29872177,52.41186444],[13.29871638,52.41186944],[13.29866037,52.41192079],[13.2986461,52.41193265],[13.29862093,52.41195354],[13.29852447,52.41203365],[13.29845254,52.41209901],[13.29844432,52.41210648],[13.29838495,52.41216042],[13.29806231,52.41245363],[13.29789765,52.41260327],[13.2977329,52.41275298],[13.2975684,52.41290245],[13.29755443,52.41291515],[13.29741236,52.41305386],[13.29726975,52.41319313],[13.29725563,52.41320688],[13.29709944,52.41335937],[13.29694309,52.41351201],[13.2965998,52.41384716],[13.29643604,52.41400703],[13.2962722,52.41416699],[13.29625371,52.41418504],[13.29623649,52.41422857],[13.29612198,52.41433255],[13.29593279,52.41450434],[13.29604327,52.41452746],[13.29635153,52.41459195],[13.29672382,52.41474217],[13.2969583,52.41505017],[13.29709529,52.41546026],[13.29709161,52.41577721],[13.29692072,52.41602719],[13.29690424,52.41605086],[13.29688406,52.41607984],[13.29680069,52.41619968],[13.29677455,52.41623482],[13.29675296,52.41625256],[13.29553403,52.41575201],[13.29322526,52.41456116],[13.29036976,52.41298193],[13.29016965,52.41281969],[13.28816038,52.41169835],[13.28527844,52.41009727],[13.28387237,52.40931496],[13.28035139,52.40736494],[13.28014239,52.40726349],[13.27779971,52.40617222],[13.27707406,52.40582794],[13.27581684,52.40519793],[13.27556925,52.40513881],[13.27542667,52.40510477],[13.27481794,52.40495941],[13.2741979,52.40478952],[13.27265709,52.40448098],[13.27199764,52.40431652],[13.27092229,52.4042174],[13.27005927,52.40418919],[13.26925415,52.40423394],[13.2690139,52.40423573],[13.26889046,52.40423653],[13.26850429,52.4042393],[13.26728783,52.40429133],[13.26696539,52.40428253],[13.2659326,52.40444088],[13.26462734,52.40471466],[13.26410449,52.40484499],[13.26359869,52.40499342],[13.26242078,52.40545456],[13.26136632,52.4058588],[13.26086453,52.40600077],[13.26027401,52.40613733],[13.26016596,52.40615515],[13.25973631,52.4062312],[13.25931714,52.40629505],[13.25896914,52.40633638],[13.25805745,52.4063951],[13.25759279,52.4063986],[13.25713446,52.40640067],[13.25584363,52.40632231],[13.25450458,52.40621493],[13.25381666,52.40612029],[13.25330925,52.40603538],[13.25242509,52.40584674],[13.25218527,52.40579356],[13.25213737,52.4057819],[13.25203148,52.40575463],[13.25164036,52.40564573],[13.25117317,52.40549866],[13.25066864,52.40531823],[13.24978063,52.40498199],[13.24972735,52.40518461],[13.24971337,52.40523335],[13.24971017,52.40524628],[13.24969375,52.40530964],[13.249675,52.40538442],[13.24944325,52.40657109],[13.24941734,52.40663692],[13.24927325,52.4074454],[13.24921189,52.40767615],[13.24914971,52.40790426],[13.24892382,52.40818239],[13.24874026,52.40840846],[13.24890227,52.40870261],[13.24897147,52.40883031],[13.24898359,52.40896021],[13.24899419,52.40934398],[13.2489959,52.40940559],[13.24900463,52.40976048],[13.2490166,52.41035946],[13.24903819,52.41130799],[13.24903576,52.41176361],[13.24899119,52.41195938],[13.24874036,52.41298702],[13.24866865,52.41327832],[13.24850686,52.41394542],[13.24848307,52.41395955],[13.24847115,52.41400695],[13.24846573,52.41403525],[13.24844856,52.41411131],[13.24841507,52.41428141],[13.24832939,52.41457249],[13.24825598,52.41476969],[13.24816559,52.41501051],[13.24810926,52.41518692],[13.24804559,52.41536232],[13.24801142,52.41549036],[13.24795292,52.41568033],[13.24796855,52.41572085],[13.24799835,52.41579812],[13.24797626,52.41585457],[13.24791592,52.41603658],[13.24781818,52.41632349],[13.24755347,52.41713373],[13.24753788,52.41718665],[13.24751928,52.41724704],[13.24744934,52.41730859],[13.24742442,52.41741699],[13.24741502,52.41746236],[13.24741515,52.41747829],[13.24739579,52.41755491],[13.2472508,52.4183537],[13.24717899,52.41872131],[13.24714584,52.4188996],[13.24698473,52.41921377],[13.24637178,52.4203761],[13.24619316,52.42072279],[13.24601903,52.42104751],[13.24595197,52.42117513],[13.24580577,52.42116528],[13.24501021,52.42111162],[13.24418265,52.42107243],[13.24412339,52.42106889],[13.24407138,52.42106639],[13.24401064,52.42106354],[13.24384115,52.42105634],[13.24380801,52.42105542],[13.24377775,52.42105337],[13.24354,52.4210426],[13.24338925,52.42103554],[13.24323865,52.4210285],[13.24308804,52.42102145],[13.24293743,52.4210144],[13.2427573,52.421006],[13.2425773,52.4209976],[13.24242656,52.42099055],[13.24232502,52.42098556],[13.2422761,52.4209835],[13.24209595,52.420975],[13.24191582,52.4209666],[13.24176536,52.42095955],[13.24161462,52.4209525],[13.24140597,52.42094274],[13.24118572,52.4209324],[13.2410602,52.42092649],[13.24103865,52.42092555],[13.24103733,52.42092542],[13.24078944,52.42091485],[13.24063884,52.42090851],[13.2406214,52.42090771],[13.24060758,52.42090712],[13.24048822,52.42090209],[13.24033761,52.42089567],[13.24027886,52.42089313],[13.24018686,52.42088924],[13.24000701,52.42088156],[13.23995041,52.42087915],[13.23982701,52.42087396],[13.23975472,52.42087081],[13.23967917,52.4208676],[13.23967641,52.42086745],[13.23952564,52.42086102],[13.23941321,52.42085628],[13.23940763,52.42085609],[13.23939363,52.42085564],[13.23937519,52.42085496],[13.23922441,52.42084988],[13.23913578,52.4208469],[13.23907409,52.4208448],[13.23892346,52.42083981],[13.23886408,52.42083781],[13.23877314,52.42083483],[13.23870201,52.42083244],[13.23862223,52.42082984],[13.23858921,52.42082869],[13.23847189,52.42082485],[13.23832098,52.42081987],[13.2383164,52.42081967],[13.2381063,52.42081268],[13.23804474,52.42081069],[13.23796802,52.4208081],[13.23783047,52.4208036],[13.23777322,52.4208017],[13.23769278,52.42079902],[13.23762122,52.42079671],[13.23755461,52.4207991],[13.23750158,52.42080118],[13.23741698,52.42080422],[13.23722928,52.42081141],[13.23720569,52.42081215],[13.23699454,52.42082008],[13.23695682,52.42082166],[13.23685647,52.4208252],[13.23671839,52.42083041],[13.23668421,52.4208319],[13.23658047,52.42083552],[13.23644241,52.42084072],[13.23641077,52.42084152],[13.23622851,52.42084819],[13.23611761,52.42085213],[13.23601952,52.4208565],[13.23588131,52.4208617],[13.23579467,52.42086394],[13.23574337,52.42086682],[13.2356331,52.42087094],[13.23560463,52.42086537],[13.23547506,52.42083978],[13.23546772,52.42083823],[13.23533012,52.42080793],[13.23527467,52.42079562],[13.23519558,52.4207808],[13.23510195,52.42076297],[13.23500832,52.42074495],[13.23494343,52.42073194],[13.23491486,52.42072703],[13.23482167,52.4207091],[13.23472806,52.42069118],[13.23463487,52.42067334],[13.23447185,52.42064207],[13.23438733,52.42062598],[13.23412042,52.42057514],[13.23411365,52.42057384],[13.23382193,52.42051833],[13.23366617,52.42047817],[13.23364336,52.42047193],[13.23334545,52.4203956],[13.23331451,52.42038777],[13.23314146,52.42034325],[13.2330574,52.42034683],[13.23296237,52.42034894],[13.23277072,52.42035588],[13.23260951,52.42035999],[13.23246715,52.42036545],[13.23225647,52.42037112],[13.23223468,52.4203728],[13.23198402,52.42038071],[13.23196477,52.4203803],[13.23188889,52.42038464],[13.23173457,52.42039417],[13.23169034,52.42039584],[13.23159652,52.42040118],[13.23150284,52.42040644],[13.23145606,52.42040961],[13.23140902,52.42041179],[13.23131533,52.42041705],[13.23119166,52.42042428],[13.2311168,52.42042834],[13.2309512,52.42043757],[13.2309348,52.42043839],[13.23091827,52.42043917],[13.2308246,52.4204438],[13.23073077,52.42044852],[13.23069575,52.42045115],[13.2306371,52.42045315],[13.23054328,52.42045778],[13.23045364,52.42046297],[13.23034476,52.42046754],[13.23021123,52.42047481],[13.23014624,52.42047739],[13.23005242,52.42048202],[13.22996712,52.42048631],[13.22995859,52.42048664],[13.22986492,52.42049127],[13.22977124,52.42049599],[13.22972536,52.42049826],[13.22957273,52.42050575],[13.22948358,52.42051027],[13.22937404,52.42051559],[13.22928022,52.42052022],[13.22924452,52.420522],[13.22924197,52.42052179],[13.22918654,52.42052647],[13.22909269,52.42053369],[13.2289959,52.42054013],[13.22888205,52.42054987],[13.2288767,52.42055029],[13.22883409,52.42055493],[13.22860408,52.42057999],[13.22852792,52.42058848],[13.22845036,52.42059697],[13.22844359,52.42059774],[13.2272855,52.4207245],[13.22661724,52.4208096],[13.22647508,52.42082772],[13.22606372,52.42083729],[13.22532552,52.42083811],[13.22526584,52.42083809],[13.22526087,52.42091734],[13.22506038,52.42107814],[13.22503751,52.42107079],[13.22502666,52.4210676],[13.22365888,52.42066835],[13.22359181,52.42076877],[13.2222317,52.42036736],[13.22141421,52.4201211],[13.22086701,52.4200051],[13.21927859,52.4196292],[13.21822343,52.41935209],[13.21804543,52.41930538],[13.21709231,52.41916917],[13.21638354,52.41883008],[13.21605854,52.41871031],[13.21488475,52.41829832],[13.21452599,52.41815805],[13.21447033,52.41813628],[13.21422564,52.4180406],[13.21354718,52.41784275],[13.21303823,52.41777769],[13.21201884,52.41740363],[13.2115231,52.41726071],[13.21101099,52.41711567],[13.20971306,52.41679853],[13.20956165,52.41676949],[13.20795097,52.41646066],[13.20644616,52.41617268],[13.20452562,52.41583473],[13.20120289,52.41552531],[13.20032847,52.41551863],[13.1994444,52.41540984],[13.19758929,52.41551762],[13.19737017,52.41553048],[13.19724649,52.41553785],[13.196664,52.41534503],[13.19667171,52.41531432],[13.19666343,52.41531155],[13.19541696,52.41489882],[13.19432386,52.41453447],[13.19288394,52.414066],[13.19152334,52.41362028],[13.19035582,52.41322044],[13.18926584,52.41285135],[13.18783863,52.41237368],[13.18643402,52.41190636],[13.18523887,52.41150593],[13.18523024,52.41150308],[13.18502497,52.41143496],[13.18501854,52.41143282],[13.18399902,52.41109297],[13.18256123,52.41061037]]]}}]}
